siteID,plotID,siteName,plotType,longitude,latitude,elevation,NPP_2016,NPP_2017,NPP_2018,NPP_2019,NPP_2013,NPP_2014,NPP_2015,NPP_2020
CPER,CPER_049,Central Plains Experimental Range NEON,tower,-104.74458,40.817272,1654.33,1793,2004,1727,944,1441,2220,2356,533
CPER,CPER_050,Central Plains Experimental Range NEON,tower,-104.744577,40.818645,1645.38,1960.8857142857144,2242.885714285714,1779.1,1069,1590.8000000000002,2758.6857142857143,2471.542857142857,583.9285714285714
CPER,CPER_051,Central Plains Experimental Range NEON,tower,-104.748495,40.818106,1651.42,1790.9856115107912,2062.8848920863306,1876.6115107913668,2016.1294964028775,1556.323741007194,2634.68345323741,2458.9856115107914,1403.4532374100718
CPER,CPER_052,Central Plains Experimental Range NEON,tower,-104.745643,40.817276,1653.8,1813.9166666666665,2099.964285714286,1798.4880952380952,1073.654761904762,1510.857142857143,2411.9285714285716,2427.1428571428573,600.2380952380952
CPER,CPER_053,Central Plains Experimental Range NEON,tower,-104.749919,40.817842,1651.54,1817.6474820143885,2096.8057553956837,1889.8848920863309,2035.338129496403,1585.726618705036,2703.654676258993,2576.611510791367,1406.1798561151081
CPER,CPER_054,Central Plains Experimental Range NEON,tower,-104.748128,40.818898,1651.82,1830.8823529411764,2055.1764705882356,1840.1764705882354,1896.8823529411768,1547.7058823529412,2627.411764705883,2371.8823529411766,1378.5882352941176
CPER,CPER_055,Central Plains Experimental Range NEON,tower,-104.745645,40.819185,1645.23,1997.9208633093526,2291.1294964028775,1795.3525179856113,1075.956834532374,1619.388489208633,2723.3453237410067,2460.7410071942445,572.8273381294963
CPER,CPER_056,Central Plains Experimental Range NEON,tower,-104.748161,40.816756,1652.05,1825.1942446043167,2130.863309352518,1825.9424460431655,1974.4676258992806,1572.9712230215828,2589.9712230215823,2463.1870503597124,1376.9424460431655
CPER,CPER_057,Central Plains Experimental Range NEON,tower,-104.74493,40.817822,1650.25,1900.6508875739644,2133.7869822485204,1796.92899408284,1849.0650887573963,1551.3076923076924,2426.5384615384614,2416.437869822485,1401.2721893491123
CPER,CPER_058,Central Plains Experimental Range NEON,tower,-104.745646,40.820271,1647.01,1859.7133333333334,2063.0400000000004,1740.4799999999998,1868.1933333333334,1629.7933333333335,2329.166666666667,2274.713333333333,1295.3666666666668
CPER,CPER_059,Central Plains Experimental Range NEON,tower,-104.748855,40.817554,1651.3,1838.2999999999997,2084.35,1876.05,2056.1,1584.45,2730.9999999999995,2569.6499999999996,1458.6999999999998
CPER,CPER_060,Central Plains Experimental Range NEON,tower,-104.746358,40.817273,1653.04,1807.3525179856117,2091.0719424460435,1855.4748201438847,1923.8561151079136,1526.1223021582734,2476.129496402878,2431.438848920863,1380.0575539568347
CPER,CPER_061,Central Plains Experimental Range NEON,tower,-104.750648,40.818121,1652.78,1831.766467065868,2111.4970059880234,1845.8622754491014,2035.335329341317,1576.0179640718559,2740.1676646706583,2570.8083832335324,1405.077844311377
CPER,CPER_062,Central Plains Experimental Range NEON,tower,-104.747786,40.817267,1651.74,1840.5107913669067,2115.2158273381297,1883.4028776978416,1995.539568345324,1575.7553956834536,2670.446043165468,2539.0503597122306,1439.6690647482017
CPER,CPER_063,Central Plains Experimental Range NEON,tower,-104.747802,40.818369,1651.2,1855.063829787234,2121.8723404255315,1866.0638297872338,1956,1591.7021276595744,2683.191489361702,2462.659574468085,1426.1914893617018
CPER,CPER_064,Central Plains Experimental Range NEON,tower,-104.745994,40.818358,1648.46,1855.4131736526947,2122.1077844311376,1774.0059880239521,1904.4131736526947,1538.1437125748503,2558.4131736526947,2465.5508982035926,1399.7125748502995
CPER,CPER_065,Central Plains Experimental Range NEON,tower,-104.743864,40.818362,1645.56,1935.748502994012,2180.11377245509,1756.5389221556884,1049.2574850299402,1558,2598.6826347305387,2473.1377245508984,580.49700598802394
CPER,CPER_066,Central Plains Experimental Range NEON,tower,-104.749576,40.816750999999996,1651.16,1823.2230215827335,2077.8992805755393,1834.8776978417266,2007.8345323741005,1641.726618705036,2616.9064748201436,2489.8776978417263,1435.5755395683452
CPER,CPER_067,Central Plains Experimental Range NEON,tower,-104.745295,40.818646,1645.47,1972.165467625899,2232.791366906474,1821.2302158273378,1074.5035971223022,1637.1654676258993,2822.4244604316546,2491.230215827338,591.5827338129496
CPER,CPER_068,Central Plains Experimental Range NEON,tower,-104.744935,40.819722,1645.06,1869.1702127659573,2116.2978723404253,1781.404255319149,1972.5106382978722,1731.1063829787233,2618.085106382978,2353.95744680851,1378.595744680851
CPER,CPER_069,Central Plains Experimental Range NEON,tower,-104.749581,40.818644,1652.78,1827.5106382978722,2140.446808510638,1877,2002.517730496454,1597.9858156028367,2695.0141843971633,2483.5815602836883,1396.0141843971633
CPER,CPER_070,Central Plains Experimental Range NEON,tower,-104.744224,40.817815,1648.39,1971.6407185628743,2223.5149700598804,1838.233532934132,1052.2814371257484,1574.2814371257484,2545.323353293413,2543.6287425149703,589.7185628742516
CPER,CPER_071,Central Plains Experimental Range NEON,tower,-104.74564,40.819728,1645.17,1923.2857142857142,2171.571428571429,1771.4285714285713,1972.571428571429,1699.2857142857144,2595.642857142857,2351.714285714286,1369.0714285714287
CPER,CPER_072,Central Plains Experimental Range NEON,tower,-104.746715,40.817821,1654.08,1755.8915662650604,1947.2530120481929,1779.1807228915661,1781.096385542169,1480.8915662650604,2422.1084337349403,2312.879518072289,1329.1084337349398
CPER,CPER_073,Central Plains Experimental Range NEON,tower,-104.744585,40.819188,1644.42,1955,2161,1774,1055,1618,2702,2370,569
CPER,CPER_074,Central Plains Experimental Range NEON,tower,-104.746711,40.820001,1646.12,1967.9712230215825,2220.9352517985612,1838.7841726618703,2017.187050359712,1693.4676258992806,2846.230215827338,2374.0647482014383,1437.7194244604316
STER,STER_009,North Sterling NEON,tower,-103.031839,40.462797,1361.13,5663.49090909091,4624.127272727273,5506.993939393939,6179.933333333333,2869.351515151515,6762.3696969696975,6883.163636363636,3722.787878787879
STER,STER_008,North Sterling NEON,tower,-103.030411,40.463042,1363.98,4842.630434782608,2955.101449275362,4375.173913043478,4679.615942028985,2234.0217391304345,5524.152173913043,5583.630434782608,2904.9347826086955
STER,STER_015,North Sterling NEON,tower,-103.032253,40.460924,1363.08,5400.129496402877,3329.1079136690646,5606.25179856115,5883.712230215826,2802.712230215827,6558.158273381295,6354.028776978416,3929.294964028776
STER,STER_014,North Sterling NEON,tower,-103.03113,40.462798,1361.52,5444.616766467067,4768.856287425149,5405.479041916168,6223.880239520959,3000.443113772455,6715.431137724552,6884.017964071857,3619.6766467065872
STER,STER_013,North Sterling NEON,tower,-103.032235,40.461739,1362.67,5330,4109,5626,5975,2857,6499,6634,3588
STER,STER_007,North Sterling NEON,tower,-103.030826,40.461156,1362.31,5396.814285714286,3543.942857142857,6004.899999999999,6243.657142857142,3272.3142857142857,6853.057142857141,6067.3,3797.5
JORN,JORN_063,Jornada Experimental Range NEON,tower,-106.841109,32.592451,1317.4,439.1869918699187,385.31707317073176,134.4878048780488,223.08943089430895,386.00000000000006,412.32520325203257,373.60975609756105,85.60162601626017
JORN,JORN_064,Jornada Experimental Range NEON,tower,-106.844653,32.592698,1323.57,403.9285714285714,387.0238095238095,151.78571428571428,200.5714285714286,358.57142857142856,405.19047619047626,390.14285714285705,49.261904761904766
JORN,JORN_065,Jornada Experimental Range NEON,tower,-106.840473,32.592207,1317.6,426.8344370860927,393.5033112582782,137.83443708609272,222.82781456953646,389.3311258278146,416.52317880794703,371.8476821192053,81.66225165562915
JORN,JORN_066,Jornada Experimental Range NEON,tower,-106.842711,32.592174,1318.79,432.15277777777783,390.8472222222223,155.23611111111111,226.66666666666666,371.83333333333337,398.53472222222223,366.9097222222223,44.611111111111114
JORN,JORN_067,Jornada Experimental Range NEON,tower,-106.840094,32.589495,1321.78,463,402.78399999999993,163.664,233.848,425.13599999999997,403.84799999999996,389.096,83.656
JORN,JORN_046,Jornada Experimental Range NEON,tower,-106.842416,32.593501,1317.82,400.064,368.832,170.504,209.30399999999997,376.64,404.23199999999997,355.54400000000004,41.056
JORN,JORN_048,Jornada Experimental Range NEON,tower,-106.842327,32.58866,1322.5,457.7131782945737,414.93798449612405,169.83720930232556,260.6124031007752,431.3488372093024,463.34883720930236,385.4108527131784,113.48837209302324
JORN,JORN_068,Jornada Experimental Range NEON,tower,-106.839824,32.591391,1316.79,435.31125827814566,388.6754966887417,159.11258278145695,236.3774834437086,401.25165562913907,392.79470198675494,359.76821192052984,106.13245033112584
JORN,JORN_049,Jornada Experimental Range NEON,tower,-106.843048,32.593517,1317.55,411.36423841059593,379.16556291390725,165.86092715231786,204.523178807947,367.8675496688742,413.3443708609271,367.5761589403973,32.49006622516556
JORN,JORN_069,Jornada Experimental Range NEON,tower,-106.842011,32.5892,1323.21,457.0526315789474,398.98496240601503,178.86466165413532,238.22556390977442,435.99248120300746,442.5338345864661,381.66917293233075,104.26315789473682
JORN,JORN_070,Jornada Experimental Range NEON,tower,-106.840734,32.589491,1322.66,466.40000000000003,413.79999999999995,169.40000000000003,241.4,425.40000000000003,423.8,390.6,92.8
JORN,JORN_071,Jornada Experimental Range NEON,tower,-106.841997,32.588114,1323.47,460.6451612903226,411.47580645161287,164.5,253.70967741935482,418.258064516129,419.0967741935483,383.5322580645161,113.20967741935483
JORN,JORN_050,Jornada Experimental Range NEON,tower,-106.842024,32.589742,1322.99,459.29139072847676,398.26490066225165,168.62251655629137,236.6225165562914,427.2384105960264,433.0198675496688,398.7880794701987,94.17218543046357
JORN,JORN_051,Jornada Experimental Range NEON,tower,-106.843359,32.592948,1318.88,419.1381578947368,389.61842105263156,157.98684210526315,218.44078947368422,369.7631578947368,413.6644736842106,387.69736842105266,54.26315789473684
JORN,JORN_052,Jornada Experimental Range NEON,tower,-106.840415,32.58866,1324.15,454.5923076923077,405.6307692307693,184.45384615384617,222.19230769230768,415.86923076923085,423.5615384615385,380.98461538461544,98.45384615384617
JORN,JORN_053,Jornada Experimental Range NEON,tower,-106.841728,32.591098,1316.97,428.82539682539675,381.86507936507934,160.7222222222222,241.76190476190476,383.8650793650794,403.8412698412698,364.38095238095235,88.65873015873015
JORN,JORN_054,Jornada Experimental Range NEON,tower,-106.841054,32.588932,1323.55,457.8541666666667,398.34027777777777,181.90277777777777,229.70833333333334,423.8125,424.52083333333337,375.7847222222222,101.63888888888889
JORN,JORN_055,Jornada Experimental Range NEON,tower,-106.842695,32.591615,1319.91,437.05555555555554,400.07936507936506,167.42857142857144,249.26190476190473,397.5952380952381,409.6587301587302,379.5952380952381,76.14285714285714
JORN,JORN_056,Jornada Experimental Range NEON,tower,-106.841368,32.588388,1323.67,466.15322580645164,412.56451612903226,163.23387096774192,261.60483870967744,430.58870967741933,451.16935483870964,385.74193548387103,119.49193548387098
JORN,JORN_057,Jornada Experimental Range NEON,tower,-106.841085,32.590589,1317.78,446.34437086092714,381.03973509933775,168.0728476821192,254.58278145695363,399.74172185430467,417,388.8543046357616,98.1655629139073
JORN,JORN_058,Jornada Experimental Range NEON,tower,-106.839184,32.591132,1318.51,441.4779411764706,395.1617647058824,170.17647058823528,261.64705882352945,400.3823529411765,397.6764705882353,369.02941176470586,124.71323529411762
JORN,JORN_059,Jornada Experimental Range NEON,tower,-106.844006,32.592969,1321.9,426.096,398.30400000000003,162.68800000000002,229.44,393.28799999999995,437.384,393.47200000000004,77.94399999999999
JORN,JORN_060,Jornada Experimental Range NEON,tower,-106.839474,32.589481,1321.84,462.8805970149254,401.8134328358209,154.11194029850748,232.09701492537314,409.73880597014926,408.4626865671642,397.44776119402985,96.65671641791045
JORN,JORN_061,Jornada Experimental Range NEON,tower,-106.842674,32.591079,1321.64,451.64516129032256,401.2903225806452,172.20967741935485,251.05645161290323,410.58064516129036,425.0806451612903,386.741935483871,87.58064516129033
JORN,JORN_043,Jornada Experimental Range NEON,tower,-106.839841,32.591931,1318.34,433.25657894736844,394.5197368421053,137.42763157894737,224.3092105263158,397.49342105263156,408.9276315789474,376.00657894736844,88.92763157894737
JORN,JORN_062,Jornada Experimental Range NEON,tower,-106.841069,32.590027,1320.59,469.01626016260167,400.6991869918699,165.89430894308944,251.58536585365854,409.7560975609756,421.16260162601634,398.3983739837399,105.07317073170732
ONAQ,ONAQ_058,Onaqui NEON,tower,-112.452485,40.174572,1651.43,716.3062500000001,657.99375,482.04375,801.24375,543.8625,708.7250000000001,798.525,373.51874999999995
ONAQ,ONAQ_064,Onaqui NEON,tower,-112.456717,40.174241,1659.63,757,778,539,947,627,795,918,416
ONAQ,ONAQ_067,Onaqui NEON,tower,-112.457484,40.176672,1665.38,689.6594202898551,708.4275362318841,501.76811594202894,826.0579710144928,551.0144927536232,734.536231884058,816.6594202898551,385.3840579710145
ONAQ,ONAQ_063,Onaqui NEON,tower,-112.456415,40.175884,1661.66,669.5178571428572,674.7142857142857,482.33928571428567,815.625,536.25,707.9821428571429,784.0535714285713,368
ONAQ,ONAQ_053,Onaqui NEON,tower,-112.457435,40.175048,1662.73,716.6402877697841,737.1726618705036,509.820143884892,883.7553956834531,582.2877697841726,766.2589928057553,857.5539568345324,392.82014388489205
ONAQ,ONAQ_060,Onaqui NEON,tower,-112.454669,40.176425,1659.31,691.9512195121952,677.1463414634147,504.90243902439033,818.780487804878,589.0975609756098,731.6829268292684,817.1463414634146,367.70731707317077
ONAQ,ONAQ_061,Onaqui NEON,tower,-112.454625,40.17456,1655.46,683.7101449275362,671.8913043478261,470.536231884058,791.5289855072465,551.3550724637681,691.1666666666667,775.8913043478261,366.81159420289856
ONAQ,ONAQ_062,Onaqui NEON,tower,-112.453555,40.17428,1652.67,649.3309352517986,618.273381294964,451.05755395683457,762.1942446043166,527.2517985611511,671.3309352517986,742.0359712230216,356.05755395683457
ONAQ,ONAQ_065,Onaqui NEON,tower,-112.453164,40.172683,1650.65,1865.8143712574852,1647.5808383233536,1384.0179640718566,1346.0239520958087,1700.4850299401198,1942.7604790419168,2267.281437125749,444.67664670658695
ONAQ,ONAQ_066,Onaqui NEON,tower,-112.455699,40.175617,1659.64,677,689.0361445783133,517.3734939759037,831.3132530120483,533.8433734939758,707.7831325301205,801.6265060240964,372.46987951807233
ONAQ,ONAQ_068,Onaqui NEON,tower,-112.452818,40.173226,1650.18,1599.4675324675322,1516.038961038961,1165.4740259740258,2302.084415584415,1386.5324675324673,1633.1493506493505,1919.3636363636358,1276.564935064935
ONAQ,ONAQ_069,Onaqui NEON,tower,-112.456091,40.176947,1662.93,773,691.31884057971,561.4927536231884,905.9565217391304,659.4057971014493,803.7681159420289,945.9855072463768,380.3623188405797
ONAQ,ONAQ_070,Onaqui NEON,tower,-112.451756,40.174036,1648.28,724.1726618705037,672.2374100719425,482.63309352517985,808.3021582733813,554.3597122302158,714.3453237410073,813.7625899280575,376.53237410071944
ONAQ,ONAQ_045,Onaqui NEON,tower,-112.454237,40.1732,1652.93,2120.3211678832117,1923.883211678832,1487.5766423357666,1258.14598540146,1843.5182481751824,2102.4744525547444,2488.299270072993,454.8759124087591
ONAQ,ONAQ_046,Onaqui NEON,tower,-112.455001,40.175373,1657.53,673.443113772455,672.7065868263472,503.1317365269461,807.6586826347307,528.6167664670659,711.8203592814372,794.8143712574852,371.49101796407183
ONAQ,ONAQ_047,Onaqui NEON,tower,-112.452516,40.175101,1651.76,728.4039735099337,665.662251655629,491.1390728476821,818.7152317880794,542.4304635761589,707.8609271523178,820.2847682119204,368.94039735099335
ONAQ,ONAQ_048,Onaqui NEON,tower,-112.458513,40.176113,1665.97,852.7701863354037,827.7950310559008,589.2422360248447,1806.4782608695652,697.1180124223604,908.7391304347826,1038,966.9503105590062
ONAQ,ONAQ_049,Onaqui NEON,tower,-112.451763,40.172961,1647.59,1130.6861313868612,1101.058394160584,780.3868613138686,1319.4160583941607,954.0218978102189,1143.6934306569344,1400.8759124087592,471.8686131386861
ONAQ,ONAQ_050,Onaqui NEON,tower,-112.454652,40.17589,1657.68,658.9205298013246,656.2450331125829,488.19205298013253,796.271523178808,538.1059602649007,693.3245033112582,782.2185430463577,356.62251655629143
ONAQ,ONAQ_051,Onaqui NEON,tower,-112.455004,40.176961,1660.46,771.6951219512194,698.109756097561,543.8780487804878,919.6341463414634,674.5243902439024,810.6463414634146,932,382.5243902439024
ONAQ,ONAQ_052,Onaqui NEON,tower,-112.455327,40.174272,1656.56,848.4142857142857,759.7571428571429,545.1714285714286,964.1,638.7571428571428,821.242857142857,960.2571428571429,386.4571428571428
ONAQ,ONAQ_054,Onaqui NEON,tower,-112.453539,40.173754,1652.29,933.251572327044,817.3207547169812,618.7987421383648,1973.440251572327,781.62893081761,903.4025157232705,1147.3333333333335,1133.2138364779876
ONAQ,ONAQ_055,Onaqui NEON,tower,-112.456719,40.175325,1661.64,665,698,502,825,529,721,793,381
ONAQ,ONAQ_056,Onaqui NEON,tower,-112.454943,40.173457,1654.36,973.0416666666666,899.0416666666666,659.875,2453.767857142857,840.4285714285716,1029.0059523809525,1319.0119047619048,1310.0059523809523
ONAQ,ONAQ_057,Onaqui NEON,tower,-112.457778,40.174232,1661.09,658.9878787878788,703.0242424242424,480.0969696969697,788.1575757575758,528.0969696969697,687.1454545454546,791.0121212121212,362.0121212121212
ONAQ,ONAQ_059,Onaqui NEON,tower,-112.457123,40.175884,1663.23,653.3333333333334,684.2424242424244,487.39393939393943,813.1818181818182,525.3939393939395,702.2727272727273,767.8181818181819,372.4545454545455
BLAN,BLAN_036,Blandy Experimental Farm NEON,tower,-78.073985,39.061573,183.76,4043.051851851852,4419.511111111112,3759.2962962962965,4221.696296296296,3458.4370370370366,4125.911111111111,4172.762962962964,4191.348148148148
BLAN,BLAN_037,Blandy Experimental Farm NEON,tower,-78.070165,39.059338,179.61,3912.3178807947015,4015.0132450331125,3968.158940397351,11696.900662251655,3132.4701986754967,4437.48344370861,4441.0463576158945,10657.576158940397
BLAN,BLAN_039,Blandy Experimental Farm NEON,tower,-78.071971,39.057487,184.45,3980.722627737226,4412.503649635037,4060.4160583941607,11614.496350364963,3222.372262773723,4414.204379562044,4565.591240875913,10658.92700729927
BLAN,BLAN_040,Blandy Experimental Farm NEON,tower,-78.070217,39.057986,180.29,4060.475609756097,4631.6463414634145,4165.756097560975,10038.146341463415,3201.6585365853653,4273.170731707317,4579.7317073170725,10526.329268292682
BLAN,BLAN_042,Blandy Experimental Farm NEON,tower,-78.071954,39.058017,185.23,4100.111111111111,4539.888888888889,4182.777777777778,11622.111111111111,3300.666666666667,4351.333333333333,4653,10964.333333333334
BLAN,BLAN_043,Blandy Experimental Farm NEON,tower,-78.069523,39.057695,183.05,4053.4087591240873,4597.080291970803,4094.4014598540143,10578.357664233577,3486.912408759124,4387.970802919708,4342.335766423358,10530.934306569343
BLAN,BLAN_044,Blandy Experimental Farm NEON,tower,-78.072571,39.059389,183.71,11967.343065693429,12318.34306569343,11582.63503649635,4383.313868613138,10295.64233576642,11570.56934306569,11890.737226277372,4309.423357664234
BLAN,BLAN_045,Blandy Experimental Farm NEON,tower,-78.071244,39.05828,183.79,3830.0656934306567,4352.576642335766,3942.0437956204373,10829.459854014598,3189.9781021897807,4345.919708029197,4426.423357664233,10330.328467153284
BLAN,BLAN_046,Blandy Experimental Farm NEON,tower,-78.072671,39.057488,184.55,4585.4671532846705,4883.875912408759,4383.846715328467,5743.430656934306,3581.299270072993,4697.131386861313,4797.839416058394,5675.160583941605
BLAN,BLAN_047,Blandy Experimental Farm NEON,tower,-78.074263,39.060777,180.98,4950.440251572327,5331.528301886793,4822.1132075471705,8133.2138364779885,4235.006289308177,5019.974842767296,5110.591194968553,8263.735849056604
BLAN,BLAN_034,Blandy Experimental Farm NEON,tower,-78.071177,39.059364,182.62,4428.75,4836.5,4335.249999999999,10015.75,3587,4690.749999999999,4778.749999999999,9823.75
BLAN,BLAN_048,Blandy Experimental Farm NEON,tower,-78.07596,39.061351,190.71,7858.499999999999,8268.5,8332,8439,6396.5,7834,8032.999999999999,8381.5
BLAN,BLAN_049,Blandy Experimental Farm NEON,tower,-78.069838,39.058787,179.81,3669.196078431373,4365.607843137254,4059.7254901960787,10633.333333333334,3170.1372549019607,4464.196078431372,4639.607843137254,10372.137254901962
BLAN,BLAN_050,Blandy Experimental Farm NEON,tower,-78.072602,39.058855,183.09,11915.668918918918,12243.864864864863,11527.945945945945,4267.378378378377,10351.635135135135,11606.601351351352,11891.506756756755,4242.182432432432
BLAN,BLAN_051,Blandy Experimental Farm NEON,tower,-78.069551,39.057157,183.45,4045.0220588235297,4666.558823529412,4137.654411764706,10758.77205882353,3555.257352941176,4410.5,4254.426470588235,10739.985294117647
BLAN,BLAN_052,Blandy Experimental Farm NEON,tower,-78.071895,39.059365,182.87,12016,12435,11539,4407,10389,11720,12021,4401
BLAN,BLAN_053,Blandy Experimental Farm NEON,tower,-78.073686,39.058047,186.43,4420.076433121019,4668.343949044585,4194.509554140127,4577.286624203821,3740.9363057324845,4453.48407643312,4358.547770700637,4764.503184713375
BLAN,BLAN_054,Blandy Experimental Farm NEON,tower,-78.07197,39.05694,181.8,3949.59756097561,4445.286585365853,4109.591463414634,11584.341463414634,3254.573170731707,4566.567073170731,4420.920731707317,10804.84756097561
BLAN,BLAN_055,Blandy Experimental Farm NEON,tower,-78.072521,39.061,179.74,4344.367647058823,4650.02205882353,4094.477941176471,4509.904411764706,3768.8382352941176,4476.058823529412,4385.60294117647,4556.632352941177
BLAN,BLAN_056,Blandy Experimental Farm NEON,tower,-78.07191,39.058569,183.34,4684,4883,4376,4785,3647,4717,4780,4767
BLAN,BLAN_057,Blandy Experimental Farm NEON,tower,-78.07441,39.057518,184.86,4161.986842105262,4426.927631578947,3893.6710526315783,4279.138157894737,3448.41447368421,4343.4473684210525,4231.782894736842,4410.467105263158
BLAN,BLAN_059,Blandy Experimental Farm NEON,tower,-78.073037,39.056952,182.63,4551.266666666666,4825.933333333333,4419.2,11338.466666666667,3756.4666666666662,4725.333333333333,4641.6,10954.133333333331
BLAN,BLAN_035,Blandy Experimental Farm NEON,tower,-78.073734,39.057244,183.65,4153.585365853658,4433.451219512195,3935.9146341463406,4255.719512195122,3514.871951219512,4340.536585365853,4254.60975609756,4414.365853658536
BLAN,BLAN_060,Blandy Experimental Farm NEON,tower,-78.070252,39.057168,181.55,3994.553956834533,4784.208633093526,4195.122302158274,10442.618705035971,3484.604316546763,4438.309352517986,4367.928057553957,11086.294964028777
BLAN,BLAN_063,Blandy Experimental Farm NEON,tower,-78.075994,39.060809,191.93,7817.416666666668,8369.833333333332,8308.916666666666,8425.430555555557,6528.861111111111,7836.541666666666,8055.145833333334,8363.8125
BLAN,BLAN_064,Blandy Experimental Farm NEON,tower,-78.071216,39.058792,183.76,3987,4425.030303030303,4134.363636363637,11052.121212121212,3318.5151515151515,4599.545454545454,4562.939393939394,10639.151515151514
DCFS,DCFS_068,Dakota Coteau Field Site NEON,tower,-99.11147,47.160152,565.79,4860.305194805194,4195.363636363637,3941.584415584416,4417.305194805195,3265.5064935064934,3973.720779220779,4113.363636363637,4249.902597402598
DCFS,DCFS_069,Dakota Coteau Field Site NEON,tower,-99.111086,47.162052,570.72,4885.87741935484,4235.18064516129,3831.9935483870977,4355.61935483871,3318.574193548387,4090.7741935483873,4125.5741935483875,4024.167741935484
DCFS,DCFS_070,Dakota Coteau Field Site NEON,tower,-99.108691,47.16476,567.16,4869.098039215686,4197.222222222223,3899.091503267973,4425.071895424837,3294.581699346405,4002.287581699346,4123.601307189542,4166.359477124182
DCFS,DCFS_071,Dakota Coteau Field Site NEON,tower,-99.109879,47.163665,572.48,4742.487179487181,4083.51923076923,3701.608974358974,4279.9358974358975,3205.564102564102,3889.3205128205127,4002.51282051282,3904.0512820512818
DCFS,DCFS_072,Dakota Coteau Field Site NEON,tower,-99.109103,47.162052,568.28,4737.7922077922085,4190.844155844156,3934.2597402597407,4333.168831168831,3282.4675324675327,3916.2597402597403,4061.662337662338,4069.532467532468
DCFS,DCFS_073,Dakota Coteau Field Site NEON,tower,-99.111889,47.162587,573.36,4714.4000000000005,3974.4000000000005,3736.7999999999997,4197.4,3258,4011.2000000000003,3912.0000000000005,3914
DCFS,DCFS_074,Dakota Coteau Field Site NEON,tower,-99.104738,47.160432,576.38,4816.374193548388,4142.683870967741,3900.638709677419,4366.812903225807,3272.554838709677,3991.625806451613,4046.4193548387098,4105.870967741936
DCFS,DCFS_076,Dakota Coteau Field Site NEON,tower,-99.112259,47.160418,565.22,4910.7467532467535,4243.279220779221,4047.8831168831175,4414.837662337663,3266.5389610389616,4104.519480519481,4207.668831168831,4265.83116883117
DCFS,DCFS_077,Dakota Coteau Field Site NEON,tower,-99.109498,47.161519,569.74,4780.768817204301,4189.779569892473,3918.44623655914,4358.462365591398,3274.451612903226,4005.5591397849457,4064.4354838709683,4076.8010752688174
DCFS,DCFS_078,Dakota Coteau Field Site NEON,tower,-99.109487,47.165555,562.97,4800.89417989418,4244.148148148149,3959.7671957671955,4361.396825396825,3220.9312169312166,3987.6190476190473,4138.306878306878,4150.354497354498
DCFS,DCFS_079,Dakota Coteau Field Site NEON,tower,-99.110684,47.160423,567.14,4915.454545454545,4233.272727272727,4061.9610389610384,4424.974025974026,3287.311688311688,4066.675324675324,4129.636363636363,4209.87012987013
DCFS,DCFS_080,Dakota Coteau Field Site NEON,tower,-99.107109,47.163661,568.1,4943.909677419354,4386.406451612903,3993.9870967741936,4487.393548387097,3346.9677419354844,4085.3870967741937,4199.741935483871,4203.206451612904
DCFS,DCFS_081,Dakota Coteau Field Site NEON,tower,-99.111067,47.163394,571.85,4687.806451612904,4043.03870967742,3750.696774193549,4333.148387096775,3243.6258064516132,3858.309677419355,3958.2129032258067,3988.0967741935483
DCFS,DCFS_082,Dakota Coteau Field Site NEON,tower,-99.105917,47.160979,574.51,4821.403225806452,4164.865591397849,3798.6451612903224,4347.989247311828,3251.1612903225805,4032.408602150537,4033.8225806451605,4022.010752688172
DCFS,DCFS_084,Dakota Coteau Field Site NEON,tower,-99.111467,47.161236,570.3,4818.438709677419,3945.6451612903224,3795.8645161290315,4314.103225806452,3251.9096774193545,3986.4645161290323,3998.2580645161283,4060.0709677419345
DCFS,DCFS_086,Dakota Coteau Field Site NEON,tower,-99.108299,47.165291,564.61,4854.416216216216,4096.1621621621625,3888.0918918918924,4370.437837837839,3215.5135135135138,3958.205405405405,4062.454054054054,4090.264864864865
DCFS,DCFS_088,Dakota Coteau Field Site NEON,tower,-99.108693,47.162863,571.27,4764.923913043478,4289.33695652174,3937.353260869565,4389.130434782609,3289.2119565217386,3974.679347826087,4130.782608695653,4121.538043478261
DCFS,DCFS_089,Dakota Coteau Field Site NEON,tower,-99.107911,47.165821,569.78,4730.774193548387,3991.787096774194,3842.2709677419357,4296.509677419355,3062.470967741936,3785.651612903226,3975.3741935483877,3992.070967741936
DCFS,DCFS_090,Dakota Coteau Field Site NEON,tower,-99.110696,47.162854,571.52,4826.299363057325,4181.777070063694,3912.8980891719743,4381.114649681528,3308.0700636942674,4014.063694267516,4111.407643312102,4051.3439490445858
NOGP,NOGP_086,Northern Great Plains Research Laboratory NEON,tower,-100.918173,46.77283,581.07,4297.870967741936,3393.032258064516,3726.58064516129,4035.0967741935483,3547.9354838709673,3956.935483870967,3781.709677419354,3370.193548387096
NOGP,NOGP_069,Northern Great Plains Research Laboratory NEON,tower,-100.917374,46.772578,588.52,4053.90909090909,3215.8311688311687,3551.5974025974024,3718.25974025974,3263.584415584415,3750.441558441558,3511.6363636363635,3119.6623376623374
NOGP,NOGP_077,Northern Great Plains Research Laboratory NEON,tower,-100.914135,46.769949,586.71,4222.429411764705,3533.1294117647058,3454.0176470588235,4018.6764705882347,3360.6235294117646,3847.4352941176467,3718.547058823529,3266.3176470588237
NOGP,NOGP_084,Northern Great Plains Research Laboratory NEON,tower,-100.918114,46.771481,585.46,4275.820512820513,3443.7307692307695,3718.5641025641025,4025.5576923076924,3498.51923076923,3901.724358974359,3850.2435897435894,3413.74358974359
NOGP,NOGP_072,Northern Great Plains Research Laboratory NEON,tower,-100.917302,46.770694,589,4208.220779220779,3385.4935064935066,3383.4415584415583,4146.779220779221,3485.48051948052,3840.2337662337663,3668.207792207793,3193.3116883116886
NOGP,NOGP_074,Northern Great Plains Research Laboratory NEON,tower,-100.911026,46.770512,584.8,4521.424731182795,3654.801075268817,3670.811827956988,4290.338709677419,3693.758064516129,4192.543010752687,4138.9838709677415,3803.2204301075262
NOGP,NOGP_075,Northern Great Plains Research Laboratory NEON,tower,-100.910263,46.771067,586.5,4150.660130718955,3229.915032679739,3373.3790849673205,8275.72549019608,3390.032679738562,3916.18954248366,3847.5555555555557,7029.287581699347
NOGP,NOGP_076,Northern Great Plains Research Laboratory NEON,tower,-100.916175,46.772054,589.02,4218.05806451613,3191.5290322580645,3455.7741935483873,3790.232258064517,3376.380645161291,3912.987096774193,3450.1354838709676,3094.393548387097
NOGP,NOGP_078,Northern Great Plains Research Laboratory NEON,tower,-100.909817,46.769732,585.77,4097.522580645162,3308.4129032258065,3673.8645161290333,3919.7548387096786,3573.5290322580645,3932.1419354838713,3731.812903225807,3308.303225806452
NOGP,NOGP_079,Northern Great Plains Research Laboratory NEON,tower,-100.91446,46.767758,585.09,3981.1904761904752,3216.0059523809514,3326.803571428571,3892.630952380952,3473.505952380952,3783.4107142857138,3437.5416666666665,3232.3333333333326
NOGP,NOGP_080,Northern Great Plains Research Laboratory NEON,tower,-100.918882,46.770935,586.99,4164.493506493506,3099.311688311688,3454.402597402597,3851.168831168831,3406.7142857142853,3873.844155844156,3729.5324675324673,3099.87012987013
NOGP,NOGP_081,Northern Great Plains Research Laboratory NEON,tower,-100.917361,46.772029,588.85,4040.989247311828,3296.5053763440865,3524.225806451613,3727.3548387096776,3332.4193548387098,3708.010752688172,3555.10752688172,3111.2473118279568
NOGP,NOGP_082,Northern Great Plains Research Laboratory NEON,tower,-100.912177,46.770229,584.29,4245.761290322581,3500.367741935484,3429.2774193548385,4042.3290322580638,3525.3354838709674,4027.5935483870962,3883.8645161290324,3397.8774193548384
NOGP,NOGP_083,Northern Great Plains Research Laboratory NEON,tower,-100.920844,46.770625,588.6,4278.75974025974,3183.720779220779,3624.512987012987,3896.3766233766232,3402.61038961039,3875.6428571428573,3753.7727272727275,3251.435064935065
NOGP,NOGP_085,Northern Great Plains Research Laboratory NEON,tower,-100.913708,46.769385,585.02,4123.623376623377,3556.272727272727,3361.779220779221,4034.5844155844156,3464.6558441558436,3926.3571428571436,3707.8571428571436,3275.545454545455
NOGP,NOGP_087,Northern Great Plains Research Laboratory NEON,tower,-100.915741,46.770983,589.43,4192.841176470588,3393.4058823529404,3296.941176470588,3861.5176470588235,3396.6941176470586,3791.1588235294116,3585.129411764706,3194.311764705882
NOGP,NOGP_089,Northern Great Plains Research Laboratory NEON,tower,-100.918862,46.770124,588.54,4336.0709677419345,3231.638709677419,3510.922580645161,3931.432258064516,3568.6838709677413,4004.503225806451,3893.554838709677,3260.5290322580645
NOGP,NOGP_090,Northern Great Plains Research Laboratory NEON,tower,-100.913289,46.767769,583.53,4088.5324675324678,3219.74025974026,3433.714285714286,3944.9610389610393,3478.753246753247,3825.4350649350654,3526.707792207793,3208.9480519480517
NOGP,NOGP_067,Northern Great Plains Research Laboratory NEON,tower,-100.919288,46.771472,581.33,4611.045454545455,3473.5974025974024,4003.1233766233768,4195.941558441558,3538.1103896103896,3992.266233766234,3888.8896103896104,3720.675324675325
NOGP,NOGP_068,Northern Great Plains Research Laboratory NEON,tower,-100.911055,46.771586,586.3,4132.8421052631575,3209.771929824561,3410.573099415204,4131.140350877193,3395.6549707602335,3830.1578947368416,3775.53216374269,3499.0935672514615
NOGP,NOGP_070,Northern Great Plains Research Laboratory NEON,tower,-100.91295,46.769941,584.71,4129.951351351351,3521.2000000000007,3346.183783783784,4017.648648648649,3543.8054054054055,4037.762162162162,3829.72972972973,3270.6270270270275
NOGP,NOGP_071,Northern Great Plains Research Laboratory NEON,tower,-100.913647,46.766958,583.44,4092.0389610389607,3195.837662337662,3410.6688311688313,3920.3766233766237,3498.175324675324,3886.415584415584,3536.227272727272,3366.9025974025976
NOGP,NOGP_091,Northern Great Plains Research Laboratory NEON,tower,-100.909815,46.770255,586.26,4365.341935483871,3549.0064516129023,3566.3548387096776,4031.387096774193,3630.922580645161,4064.2709677419352,4005.335483870968,3521.909677419355
WOOD,WOOD_046,Chase Lake National Wildlife Refuge NEON,tower,-99.245136,47.130447,589.29,4160.587096774193,3526.5354838709673,3476.5741935483866,3963.2709677419352,3134.8580645161287,3600.670967741935,3244.264516129032,3630.3548387096776
WOOD,WOOD_047,Chase Lake National Wildlife Refuge NEON,tower,-99.242746,47.129648,580.46,4649.129032258064,3744.3548387096776,3852.0967741935483,9316.806451612903,3114.4032258064517,3524.983870967742,3273.7580645161293,8528.612903225805
WOOD,WOOD_048,Chase Lake National Wildlife Refuge NEON,tower,-99.244736,47.129371,586.37,4154.942307692308,3422.275641025641,3432.25,3949.4551282051284,3060.50641025641,3555.647435897435,3205.179487179487,3597.365384615384
WOOD,WOOD_049,Chase Lake National Wildlife Refuge NEON,tower,-99.243925,47.130995,585.65,4235.36898395722,3482.51871657754,3611.7593582887703,8647.181818181818,3027.3262032085563,3476.1069518716577,3314.2299465240644,7447.839572192514
WOOD,WOOD_050,Chase Lake National Wildlife Refuge NEON,tower,-99.243939,47.129651,584.4,4134,3472,3512,8796,2921,3510,3196,7557
WOOD,WOOD_051,Chase Lake National Wildlife Refuge NEON,tower,-99.245129,47.12856,584.88,4418.828025477706,3714.452229299363,3697.08280254777,4191.261146496814,3372.0828025477704,3684.2611464968154,3236.993630573248,3735.299363057324
WOOD,WOOD_052,Chase Lake National Wildlife Refuge NEON,tower,-99.241569,47.130461,579.79,4621.618279569892,3728.010752688172,3755.2903225806444,9080.60752688172,3199.279569892473,3662.1505376344085,3296.7365591397843,8185.220430107527
WOOD,WOOD_053,Chase Lake National Wildlife Refuge NEON,tower,-99.244324,47.128298,585.66,4563.051612903226,3883.296774193548,3828.883870967741,7250.845161290321,3272.567741935484,3773.9677419354834,3498.6322580645156,6913.690322580644
WOOD,WOOD_054,Chase Lake National Wildlife Refuge NEON,tower,-99.244717,47.127204,588.54,4337.916129032259,3692.290322580645,3650.4516129032263,4062.470967741936,3165.3548387096776,3706.032258064516,3518.870967741936,3828.9677419354844
WOOD,WOOD_055,Chase Lake National Wildlife Refuge NEON,tower,-99.243954,47.130457,584.77,4183.774193548387,3383.354838709677,3527.903225806451,8772.806451612903,3018.806451612903,3544.8709677419356,3254.9032258064517,7451.354838709676
WOOD,WOOD_056,Chase Lake National Wildlife Refuge NEON,tower,-99.245507,47.126934,589.3,4521.108974358975,3826.6153846153843,3734.6602564102564,4174.3141025641025,3320.8717948717945,3751.2820512820513,3563.6153846153843,3899.2884615384614
WOOD,WOOD_058,Chase Lake National Wildlife Refuge NEON,tower,-99.242751,47.128829,584.93,4357.870967741936,3526.677419354838,3571.0645161290327,3930.032258064516,2921.9677419354834,3509.9677419354834,3166.322580645161,3585.193548387096
WOOD,WOOD_059,Chase Lake National Wildlife Refuge NEON,tower,-99.241556,47.129641,580.85,4486.615384615385,3593.576923076923,3639.448717948718,4023.6282051282046,2956.8846153846152,3471.6153846153848,3116.0256410256407,3710.3974358974356
WOOD,WOOD_060,Chase Lake National Wildlife Refuge NEON,tower,-99.243159,47.13154,581.48,4397.817204301075,3693.252688172043,3743.6129032258063,8867.387096774193,3047.629032258065,3589.6397849462364,3275.2795698924724,7912.586021505376
WOOD,WOOD_061,Chase Lake National Wildlife Refuge NEON,tower,-99.246317,47.128023,593.92,4405.8967741935485,3639.761290322581,3695.587096774194,4022.9612903225807,3260.761290322581,3778.632258064516,3584.03870967742,3685.606451612903
WOOD,WOOD_062,Chase Lake National Wildlife Refuge NEON,tower,-99.242766,47.13046,579.96,4556.55376344086,3635.489247311828,3737.489247311828,4190.290322580645,3111.6827956989246,3571.1290322580644,3152.5752688172042,3930.645161290323
WOOD,WOOD_063,Chase Lake National Wildlife Refuge NEON,tower,-99.241555,47.13099,580.43,4613.051612903226,3695.7290322580643,3717.78064516129,4094.7612903225804,3112.3225806451615,3662.6774193548385,3289.98064516129,3719.864516129032
WOOD,WOOD_064,Chase Lake National Wildlife Refuge NEON,tower,-99.243118,47.127754,589.2,4355.407643312102,3594.8471337579613,3566.821656050956,3946.56050955414,3010.980891719745,3552.9426751592364,3289.0700636942674,3572.8216560509554
WOOD,WOOD_065,Chase Lake National Wildlife Refuge NEON,tower,-99.24513,47.12802,586.35,4404.4838709677415,3848.6129032258063,3737.4645161290323,4171.612903225807,3256.8322580645154,3718.78064516129,3300.4774193548383,4033.896774193548
WOOD,WOOD_066,Chase Lake National Wildlife Refuge NEON,tower,-99.244746,47.13099,588.34,4159,3408,3522,3928,3107,3570,3241,3543
WOOD,WOOD_067,Chase Lake National Wildlife Refuge NEON,tower,-99.241971,47.131528,579.6,4607.384615384615,3692.461538461538,3770,9054.230769230768,3154.7692307692305,3752.1538461538453,3365.7692307692305,7953.999999999999
WOOD,WOOD_068,Chase Lake National Wildlife Refuge NEON,tower,-99.243929,47.127471,591.08,4186.484076433121,3497.1210191082805,3451.031847133758,3980.3121019108285,3022.9044585987263,3572.7770700636943,3342.745222929936,3603.1783439490446
WOOD,WOOD_069,Chase Lake National Wildlife Refuge NEON,tower,-99.243545,47.128829,584.96,4476.643312101911,3768.8662420382166,3778.178343949044,9053.159235668789,3067.515923566879,3617.707006369427,3349.43949044586,8553.866242038217
WOOD,WOOD_070,Chase Lake National Wildlife Refuge NEON,tower,-99.245915,47.128554,584.98,4799.258064516129,3973.0645161290327,4017.8064516129034,4290.064516129032,3442.8387096774195,3937.322580645161,3733.5806451612907,4032.6451612903224
WOOD,WOOD_071,Chase Lake National Wildlife Refuge NEON,tower,-99.245134,47.129894,587.22,4277.329032258064,3606.6387096774192,3600.122580645161,4053.090322580645,3223.0451612903225,3685.529032258064,3394.36129032258,3793.4064516129033
KONZ,KONZ_067,Konza Prairie Biological Station NEON,tower,-96.564975,39.103065,403.38,6123.326530612245,6118.401360544217,4045.1224489795923,7360.952380952381,2420.2108843537417,4664.43537414966,6510.244897959184,6346.666666666668
KONZ,KONZ_048,Konza Prairie Biological Station NEON,tower,-96.560162,39.101357,410.78,3866.7205882352937,4253.7941176470595,3080.867647058824,4407.485294117648,2172.8529411764707,3637.9411764705883,3988.8970588235297,4085.5588235294117
KONZ,KONZ_049,Konza Prairie Biological Station NEON,tower,-96.564244,39.103878,404.18,3917.3088235294113,4183.323529411765,3162.566176470588,4372.735294117647,2220.639705882353,3612.1911764705883,4102.455882352941,4081.698529411765
KONZ,KONZ_050,Konza Prairie Biological Station NEON,tower,-96.566169,39.098781,389.56,3700.3619631901834,4040.9938650306744,3165.6441717791413,4389.582822085889,2287.079754601227,3576.4417177914106,4061.0184049079753,4035.466257668711
KONZ,KONZ_051,Konza Prairie Biological Station NEON,tower,-96.565125,39.099277,397.85,3745.762962962963,3942.3037037037034,3174.5333333333333,4252.4222222222215,2371.2740740740737,3530.3259259259257,3921.222222222222,4033.9407407407407
KONZ,KONZ_052,Konza Prairie Biological Station NEON,tower,-96.560118,39.102721,408.68,3772.7560975609763,4176.573170731707,3123.140243902439,4287.280487804879,2349.567073170732,3486.908536585366,3918.0914634146347,3960.7804878048787
KONZ,KONZ_053,Konza Prairie Biological Station NEON,tower,-96.566196,39.098231,384.87,3646.7050359712234,4038.26618705036,3052.741007194245,4337.53237410072,2167.798561151079,3484.3165467625904,4015.532374100719,3997.89928057554
KONZ,KONZ_054,Konza Prairie Biological Station NEON,tower,-96.562342,39.098417,403.51,3709.8235294117644,4092.176470588235,3145.294117647059,4299.35294117647,2252.6470588235297,3579.0588235294117,4044.705882352941,4044.470588235294
KONZ,KONZ_055,Konza Prairie Biological Station NEON,tower,-96.565155,39.097689,398.22,3733.2,4106.999999999999,2881.8,4298.8,1957.8,3459.6,3990.8,3976.5999999999995
KONZ,KONZ_056,Konza Prairie Biological Station NEON,tower,-96.563429,39.097361,400.98,3833.2236842105267,4060.894736842105,3003.9605263157896,4244.78947368421,2243.552631578947,3441.0263157894738,3977.3157894736846,3912.1184210526317
KONZ,KONZ_057,Konza Prairie Biological Station NEON,tower,-96.562517,39.103581,405.01,3936.1532846715327,4100.029197080292,3143.7591240875913,4375.021897810218,2232.5255474452556,3631.8613138686133,4018.6496350364964,4079.0145985401464
KONZ,KONZ_058,Konza Prairie Biological Station NEON,tower,-96.5612,39.101389,412.58,3867.1333333333337,4268.111111111111,3140.4,4343.622222222222,2265.7777777777783,3586.4444444444443,4001.066666666667,4068.0888888888894
KONZ,KONZ_059,Konza Prairie Biological Station NEON,tower,-96.564937,39.103882,396.18,3967.277372262774,4209.708029197081,3152.0437956204382,4385.233576642336,2222.715328467153,3612.1386861313877,4086.1605839416056,4078.087591240876
KONZ,KONZ_060,Konza Prairie Biological Station NEON,tower,-96.562223,39.101973,407.35,3842.973333333333,4140.826666666667,3102.4800000000005,4321.58,2219.7266666666665,3611.306666666667,3924.3133333333326,4104.493333333334
KONZ,KONZ_061,Konza Prairie Biological Station NEON,tower,-96.560495,39.101908,398.66,3931.9411764705883,4219.614379084967,3056.0849673202615,4382.692810457516,2220.921568627451,3625.875816993464,3981.4771241830067,4130.849673202614
KONZ,KONZ_062,Konza Prairie Biological Station NEON,tower,-96.559433,39.10242,412.6,3837.8198757763976,4202.093167701864,3132.7639751552797,4363.478260869565,2246.285714285714,3577.260869565218,3994.819875776398,4070.7204968944097
KONZ,KONZ_063,Konza Prairie Biological Station NEON,tower,-96.56363,39.101971,409.86,3915.3284671532847,4180.109489051096,3157.3284671532847,4393.2700729927,2093.9343065693433,3624.007299270073,4035.4525547445255,4064.4963503649633
KONZ,KONZ_064,Konza Prairie Biological Station NEON,tower,-96.565487,39.098508,386.34,3600.9754601227,4033.429447852761,3076.306748466258,4382.96319018405,2174.509202453988,3541.0920245398775,3983.319018404908,4038.6809815950924
KONZ,KONZ_065,Konza Prairie Biological Station NEON,tower,-96.564126,39.097388,398.43,3765.3259259259257,4145.57037037037,2972.8148148148152,4309,2175.674074074074,3456.0666666666666,4043.755555555556,3968.7925925925924
KONZ,KONZ_066,Konza Prairie Biological Station NEON,tower,-96.562184,39.103041,405.68,3878,4182,3121,4380,2264,3616,3992,4052
KONZ,KONZ_044,Konza Prairie Biological Station NEON,tower,-96.564452,39.098202,397.22,3672.825806451613,4017.5354838709686,3155.245161290323,4322.735483870968,2316.058064516129,3510.361290322581,3981.483870967742,4030.5806451612907
KONZ,KONZ_068,Konza Prairie Biological Station NEON,tower,-96.564037,39.10008,405.71,3690.274074074074,4091.977777777778,3117.2740740740737,4316.733333333334,2215.6666666666665,3551.8814814814814,3959.125925925926,3999.9925925925922
KONZ,KONZ_069,Konza Prairie Biological Station NEON,tower,-96.561164,39.102726,390.73,3940.8113207547167,4231.5849056603765,3083.264150943396,4408.641509433962,2257.4150943396226,3608.6792452830177,3997.8113207547167,4139.301886792453
KONZ,KONZ_070,Konza Prairie Biological Station NEON,tower,-96.56237,39.097869,403.56,3618.8231707317073,4088.182926829268,3080.3475609756097,4303.3536585365855,2212.560975609756,3507.3109756097556,3982.091463414634,3978.396341463415
KONZ,KONZ_071,Konza Prairie Biological Station NEON,tower,-96.56079,39.103804,392.1,3754.9411764705883,4105.509803921569,3110.392156862745,4234.954248366013,2407.0326797385624,3433.3594771241833,3907.24183006536,4039.0980392156866
KONZ,KONZ_047,Konza Prairie Biological Station NEON,tower,-96.560452,39.103263,405.28,3792.528662420382,4197.751592356688,3118.5796178343944,4288.350318471337,2347.363057324841,3467.1210191082805,3914.649681528662,3927.7643312101914
KONA,KONA_049,Konza Prairie Agroecosystem NEON,tower,-96.610593,39.107733,327.75,6044.664383561644,8943.075342465754,6451.767123287672,8271.452054794521,4537.472602739726,5998.876712328767,8235.18493150685,7138.287671232877
KONA,KONA_050,Konza Prairie Agroecosystem NEON,tower,-96.61297,39.109402,324.7,6614.250000000001,9907.632352941177,6949.323529411765,8680.14705882353,4312.132352941177,7170.911764705883,8661.735294117649,8011.323529411765
KONA,KONA_053,Konza Prairie Agroecosystem NEON,tower,-96.614015,39.109155,326.01,6462.024390243902,8156.426829268293,6134.207317073171,8602.926829268292,4496.695121951219,5842.548780487804,7549.292682926828,7917.317073170731
KONA,KONA_055,Konza Prairie Agroecosystem NEON,tower,-96.61198,39.107757,327.67,6697.1167883211665,8612.970802919706,6311.861313868612,8342.474452554743,4539.3722627737225,5644.087591240875,7664.510948905108,7573.810218978101
KONA,KONA_056,Konza Prairie Agroecosystem NEON,tower,-96.61217,39.112374,320.02,6892.639705882353,9987.257352941177,7349.110294117647,9177.683823529413,4656.058823529412,7321.514705882353,8937.169117647058,7608.654411764706
KONA,KONA_058,Konza Prairie Agroecosystem NEON,tower,-96.611598,39.108837,325.52,5895.74074074074,9125.577777777777,6645.54074074074,7720.029629629629,4268.222222222222,6667.585185185185,8431.666666666666,7053.733333333334
KONA,KONA_060,Konza Prairie Agroecosystem NEON,tower,-96.613726,39.107527,331.09,7051.7226277372265,7416.905109489051,5753.416058394161,8791.985401459855,6215.4379562043805,5313.919708029198,6747.138686131387,7164.846715328467
KONA,KONA_062,Konza Prairie Agroecosystem NEON,tower,-96.613053,39.106977,330.64,7380.485294117649,7421.426470588236,5717.5073529411775,9018.867647058823,6069.125,5418.25,6733.845588235295,8351.867647058823
KONA,KONA_063,Konza Prairie Agroecosystem NEON,tower,-96.612541,39.111838,320.91,7073.080291970803,9770.83211678832,7510.56204379562,9221.503649635037,4224.781021897811,6585.970802919708,8522.175182481751,7282.306569343066
KONA,KONA_064,Konza Prairie Agroecosystem NEON,tower,-96.614665,39.11025,324.11,7746.823529411766,10204.294117647058,7536.647058823529,9308.64705882353,5081.7058823529405,7317.117647058823,9448,8820.117647058823
KONA,KONA_065,Konza Prairie Agroecosystem NEON,tower,-96.613371,39.10806,328.08,6974.65925925926,7039.925925925927,5735.355555555556,8969.22962962963,5561.792592592593,5226.2444444444445,6513.903703703704,7889.7555555555555
KONA,KONA_066,Konza Prairie Agroecosystem NEON,tower,-96.613288,39.109951,323.85,6683.735294117647,9763.19117647059,6975.558823529412,8305.06617647059,4336.926470588235,7217.750000000001,8978.89705882353,7726.5441176470595
KONA,KONA_067,Konza Prairie Agroecosystem NEON,tower,-96.611992,39.107219,328.74,7531.624999999999,7281.544117647059,5843.382352941177,9566.375,6405.448529411765,5024.058823529413,6511.573529411765,8387.81617647059
KONA,KONA_069,Konza Prairie Agroecosystem NEON,tower,-96.614693,39.109437,326.75,7760.0441176470595,8593.29411764706,6511.794117647059,5364.683823529412,5361.0073529411775,6658.514705882352,8098.764705882352,4855.191176470587
KONA,KONA_070,Konza Prairie Agroecosystem NEON,tower,-96.611868,39.111004,321.55,7448.125000000001,10198.612500000001,7348.725,9053.53125,4092.3312500000006,6766.081249999999,8728.21875,7986.8812499999995
KONA,KONA_071,Konza Prairie Agroecosystem NEON,tower,-96.611185,39.110719,322.72,7592.683823529412,9679.838235294117,7353.77205882353,8672.801470588234,4274.860294117647,6764.088235294117,8190.830882352942,7522.036764705883
KONA,KONA_072,Konza Prairie Agroecosystem NEON,tower,-96.613693,39.108613,327.28,5782.557575757576,7030.79393939394,5441.20606060606,7853.545454545456,4995.939393939393,5348.854545454546,6621.606060606061,7700.236363636364
KONA,KONA_073,Konza Prairie Agroecosystem NEON,tower,-96.612987,39.108859,325.69,6234.529411764705,9482.529411764706,6571.441176470588,8089.499999999999,4321.588235294118,6731.588235294117,8981.794117647058,7743.676470588235
KONA,KONA_074,Konza Prairie Agroecosystem NEON,tower,-96.612919,39.11103,322,7747.352941176471,10033.235294117647,7479.823529411765,8748.264705882353,4113.088235294117,6702.264705882353,8231.382352941177,7735.558823529413
KONA,KONA_075,Konza Prairie Agroecosystem NEON,tower,-96.613029,39.107512,328.79,7150.819444444444,7274.361111111111,5816.611111111111,9216.423611111111,5933.381944444444,5102.548611111111,6539.777777777777,8032.513888888889
KONA,KONA_076,Konza Prairie Agroecosystem NEON,tower,-96.611965,39.108301,326.46,6072.7372262773715,9151.211678832115,6615.70802919708,8190.547445255473,4255.350364963502,6163.109489051094,8742.496350364961,6686.2773722627735
KONA,KONA_077,Konza Prairie Agroecosystem NEON,tower,-96.614723,39.108905,328.09,7754.948905109489,8033.474452554745,6246.671532846715,4669.518248175183,5684.956204379562,6216.532846715328,7735.978102189781,3910.1751824817516
DSNY,DSNY_045,Disney Wilderness Preserve NEON,tower,-81.432441,28.12427,20.21,5018.00826446281,4485.991735537191,4532.834710743802,4091.371900826446,4137.355371900827,4336.826446280992,4690.636363636364,5077.966942148761
DSNY,DSNY_046,Disney Wilderness Preserve NEON,tower,-81.433331,28.123459,20.18,5122,4467,4495,4254,4100,4328,4634,5006
DSNY,DSNY_048,Disney Wilderness Preserve NEON,tower,-81.433666,28.124284,20.36,5016.993006993007,4465.433566433566,4471.475524475524,4327.622377622378,4106.853146853146,4266.377622377622,4612.8601398601395,4971.286713286713
DSNY,DSNY_049,Disney Wilderness Preserve NEON,tower,-81.434859,28.122358,20.01,5033.042016806723,4643.495798319328,4594.781512605042,4203.126050420168,4209.64705882353,4269.865546218487,4727.3445378151255,5067.672268907563
DSNY,DSNY_051,Disney Wilderness Preserve NEON,tower,-81.431537,28.125366,20.15,5244.5862068965525,4757.48275862069,4724.034482758621,4231.517241379311,4323.310344827587,4336.931034482759,4787.206896551724,5158.310344827586
DSNY,DSNY_053,Disney Wilderness Preserve NEON,tower,-81.434275,28.12833,20.26,5412.383561643836,4623.945205479453,4638.82191780822,4446.123287671234,4014.6849315068503,4777.712328767125,4651.767123287671,5068.643835616439
DSNY,DSNY_054,Disney Wilderness Preserve NEON,tower,-81.434251,28.123182,20.06,4991.675,4458.6500000000005,4477.2750000000005,4226.775,4085.8250000000007,4338.675,4641.375000000001,4929.85
DSNY,DSNY_056,Disney Wilderness Preserve NEON,tower,-81.431531,28.124551,20.34,5475.3146853146845,4930.4965034965035,4990.27972027972,4089.363636363636,4588.314685314685,4312.601398601399,4741.055944055944,5162.48951048951
DSNY,DSNY_057,Disney Wilderness Preserve NEON,tower,-81.435491,28.122924,17.82,4955,4668,4568,4145,4204,4306,4710,5075
DSNY,DSNY_059,Disney Wilderness Preserve NEON,tower,-81.434279,28.124555,20.48,5055.417808219178,4449.486301369863,4446.828767123288,4301.342465753424,4127.904109589042,4269.342465753425,4605.04794520548,4954.4383561643845
DSNY,DSNY_064,Disney Wilderness Preserve NEON,tower,-81.434579,28.124009,20.29,4994.94214876033,4419.7768595041325,4443.495867768595,4126.859504132231,4128.06611570248,4252.2231404958675,4650.528925619836,4979.752066115703
DSNY,DSNY_066,Disney Wilderness Preserve NEON,tower,-81.434892,28.12833,20.37,5361.692307692308,4577.713286713287,4680.391608391608,4452.804195804196,4017.0839160839155,4593.741258741258,4654.8601398601395,5149.825174825174
DSNY,DSNY_068,Disney Wilderness Preserve NEON,tower,-81.434274,28.125913,20.07,5123.595041322314,4574.090909090909,4567.727272727273,4365.3223140495875,4220.157024793389,4405.305785123967,4682.157024793388,4971.719008264463
DSNY,DSNY_069,Disney Wilderness Preserve NEON,tower,-81.43305,28.124268,20.09,5036,4541,4477,4186,4117,4289,4648,5029
DSNY,DSNY_070,Disney Wilderness Preserve NEON,tower,-81.43336,28.125374,20.36,5223.533333333334,4610.066666666667,4624.866666666667,4198.4000000000005,4305.133333333333,4336.133333333333,4719.733333333334,5146.733333333334
CLBJ,CLBJ_030,Lyndon B. Johnson National Grassland NEON,tower,-97.567356,33.398512,276.03,4233.36,4396.383999999999,3006.7999999999997,4220.488,2641.1679999999997,3427.9359999999997,4043.216,4098.784
CLBJ,CLBJ_005,Lyndon B. Johnson National Grassland NEON,tower,-97.570164,33.403958,257.13,7426.745098039216,6605.653594771242,2786.8496732026147,6255.790849673203,1204.483660130719,3646.7581699346406,6644.2222222222235,5377.176470588236
CLBJ,CLBJ_007,Lyndon B. Johnson National Grassland NEON,tower,-97.571225,33.398827,273.18,7074.299999999999,6402.414285714286,3502.242857142857,6215.671428571429,2289.5571428571425,3960.528571428571,6504.7,5935.571428571428
CLBJ,CLBJ_008,Lyndon B. Johnson National Grassland NEON,tower,-97.569922,33.399913,271.88,7605.688741721855,6614.172185430462,2947.781456953642,6298.476821192053,1548.2185430463576,3843.0463576158936,6744.615894039735,5468.609271523178
CLBJ,CLBJ_009,Lyndon B. Johnson National Grassland NEON,tower,-97.572739,33.405348,267.67,7201.716535433071,6564.291338582677,3433.929133858267,6315.1259842519685,2194.6377952755906,3810.8346456692916,6633.346456692913,5624.818897637795
CLBJ,CLBJ_010,Lyndon B. Johnson National Grassland NEON,tower,-97.566099,33.397139,275.41,4409.476190476191,4466.8650793650795,3071.793650793651,4313.523809523809,2794.873015873016,3503.857142857143,4138.999999999999,4252.261904761905
CLBJ,CLBJ_011,Lyndon B. Johnson National Grassland NEON,tower,-97.571891,33.396945,276.5,7305.1111111111095,6559.091503267973,3469.6209150326795,6266.954248366012,1999.3856209150322,3838.372549019607,6633.346405228757,5832.150326797385
CLBJ,CLBJ_012,Lyndon B. Johnson National Grassland NEON,tower,-97.569224,33.402587,270.66,7444.875,6777.984375,3669.28125,6494.8046875,2190.34375,4008.984375,6681.1796875,5736.8671875
CLBJ,CLBJ_013,Lyndon B. Johnson National Grassland NEON,tower,-97.567392,33.397431,277.6,4342.055555555556,4367.15873015873,3051.666666666667,4227.373015873017,2740.531746031746,3429.531746031746,4083.1269841269846,4194.912698412698
CLBJ,CLBJ_014,Lyndon B. Johnson National Grassland NEON,tower,-97.571438,33.40586,261.22,7249,6675,3492,6404,2306,3909,6614,5632
CLBJ,CLBJ_015,Lyndon B. Johnson National Grassland NEON,tower,-97.571244,33.397741,273.71,4848.777777777778,4728.746031746032,2967.3015873015875,6420.29365079365,2593.611111111111,3555.1746031746034,4556.984126984127,5862.555555555557
CLBJ,CLBJ_016,Lyndon B. Johnson National Grassland NEON,tower,-97.570476,33.404775,261.99,7414.888888888889,6695.380952380952,3113.9047619047615,6344.47619047619,1588.3174603174605,3692.285714285714,6745.222222222222,5469.047619047619
CLBJ,CLBJ_017,Lyndon B. Johnson National Grassland NEON,tower,-97.573712,33.404538,275.87,7476.666666666667,6732.333333333333,3467.333333333333,6301.666666666666,1990.3333333333333,3953.3333333333335,6747.333333333333,5688.666666666667
CLBJ,CLBJ_018,Lyndon B. Johnson National Grassland NEON,tower,-97.573378,33.405618,266.84,7197.47619047619,6624.619047619047,3413.2619047619046,6314.023809523809,2232.1428571428573,3844.0238095238096,6674.619047619049,5664.547619047619
CLBJ,CLBJ_019,Lyndon B. Johnson National Grassland NEON,tower,-97.569673,33.395844,281.89,4455.380597014925,4418.492537313433,3031.567164179104,4292.4701492537315,2866.776119402985,3453.7014925373132,4360.298507462687,4425.992537313433
CLBJ,CLBJ_020,Lyndon B. Johnson National Grassland NEON,tower,-97.567385,33.396611,277.41,4104.513333333333,4141.013333333333,2777.7,3971.6800000000003,2522.5466666666666,3248.0866666666666,4008.9999999999995,4159.433333333333
CLBJ,CLBJ_021,Lyndon B. Johnson National Grassland NEON,tower,-97.569922,33.398814,280.13,7356.566929133858,6624.354330708661,3204.535433070866,6382.622047244095,1866.3149606299212,3954.8582677165355,6764.464566929134,5567.181102362205
CLBJ,CLBJ_022,Lyndon B. Johnson National Grassland NEON,tower,-97.572393,33.406164,261.32,7053.63492063492,6449.365079365079,3554.333333333333,6197.603174603174,2257.063492063492,3875.5079365079364,6534.349206349207,5635.888888888889
CLBJ,CLBJ_025,Lyndon B. Johnson National Grassland NEON,tower,-97.569639,33.397471,281.49,4254.215999999999,4322.2480000000005,3084.328,4221.352,2709.296,3347.216,4092.5600000000004,4195.88
CLBJ,CLBJ_026,Lyndon B. Johnson National Grassland NEON,tower,-97.569543,33.403422,265.6,7474,6794,3729,6584,2217,3974,6681,5842
CLBJ,CLBJ_027,Lyndon B. Johnson National Grassland NEON,tower,-97.56927,33.400156,273.21,7608.750000000001,6547.9191176470595,3044.1691176470595,6415.720588235296,1740.3161764705883,3921.4338235294126,6890.205882352943,5462.286764705883
CLBJ,CLBJ_028,Lyndon B. Johnson National Grassland NEON,tower,-97.570531,33.401799,265.07,7706.921568627449,6704.098039215685,3024.35294117647,6347.999999999999,1658.8039215686274,3759.4313725490197,6642.843137254901,5515.882352941177
CLBJ,CLBJ_029,Lyndon B. Johnson National Grassland NEON,tower,-97.568637,33.399057,278.56,7206.515873015873,6455.015873015873,3362.0476190476193,6145.2619047619055,2240.531746031746,3970.0238095238096,6632.888888888888,5417.944444444444
OAES,OAES_046,Marvin Klemme Range Research Station NEON,tower,-99.058583,35.406475,515.91,3472.7769230769236,3526.6307692307696,2526.076923076924,3424.9769230769234,1931.592307692308,2300.046153846154,3573.892307692308,3099.138461538462
OAES,OAES_047,Marvin Klemme Range Research Station NEON,tower,-99.057583,35.411599,515.7,3104.4318181818185,3259.8106060606065,2457.234848484849,3116.69696969697,2105.6439393939395,2162.2424242424245,3301.780303030303,2820.9090909090914
OAES,OAES_048,Marvin Klemme Range Research Station NEON,tower,-99.060228,35.414044,513.11,3473.608974358974,3490.423076923076,2591.480769230769,3457.8910256410254,2282.3846153846152,2402.5705128205127,3727.0705128205122,3000.1666666666665
OAES,OAES_049,Marvin Klemme Range Research Station NEON,tower,-99.055604,35.407831,518.17,3862.9379844961245,3967.2713178294575,2806.806201550388,3677.9922480620157,2526.666666666667,2793.736434108527,3920.2713178294575,3597.0387596899222
OAES,OAES_050,Marvin Klemme Range Research Station NEON,tower,-99.05792,35.405103,512.45,3175.7086614173227,3168.8976377952754,2495.527559055118,3124.952755905512,1867.283464566929,2037.5826771653544,3367.929133858268,2765.952755905512
OAES,OAES_051,Marvin Klemme Range Research Station NEON,tower,-99.055254,35.415129,522.89,3832.0392156862745,3895.366013071896,2686.2875816993464,3604.40522875817,2536.555555555556,2559.137254901961,4024.7973856209155,3365.320261437909
OAES,OAES_052,Marvin Klemme Range Research Station NEON,tower,-99.058238,35.404578,511.04,3234,3254.5,2500.5,3261,2064.5,2153.5,3526.0000000000005,2903
OAES,OAES_053,Marvin Klemme Range Research Station NEON,tower,-99.056931,35.41593,519.03,2217.070967741935,2389.290322580645,1315.0709677419354,2345.2,1105.6774193548388,1246.4258064516127,2491.187096774194,1894.0580645161288
OAES,OAES_054,Marvin Klemme Range Research Station NEON,tower,-99.057586,35.406464,513.92,3654.9999999999995,3697.7500000000005,2649.25,3595.75,2248.75,2440.25,3878.9999999999995,3258
OAES,OAES_055,Marvin Klemme Range Research Station NEON,tower,-99.055611,35.413767,517.7,3206.8203125000005,3262.2734375,2430.6328125,3105.2890625000005,2067.359375,2262.8593750000005,3410.1406250000005,2775.7734375000005
OAES,OAES_056,Marvin Klemme Range Research Station NEON,tower,-99.056269,35.408345,517.61,3254.140625,3474.9375,2487.75,3251.4921875,2246.9218750000005,2362.4765625,3533.7031250000005,3087.1015625000005
OAES,OAES_057,Marvin Klemme Range Research Station NEON,tower,-99.05759,35.409167,520.12,3423.948051948051,3608.707792207792,2614.3181818181815,3447.142857142857,2328.1623376623374,2371.5714285714284,3699.1948051948048,3230.7792207792204
OAES,OAES_058,Marvin Klemme Range Research Station NEON,tower,-99.058916,35.408894,520.1,3492.8269230769233,3591.6153846153848,2559.2884615384614,3367.2884615384614,2236.3076923076924,2435.5384615384614,3639.4230769230767,3166.2884615384614
OAES,OAES_059,Marvin Klemme Range Research Station NEON,tower,-99.055273,35.417018,526.42,2108.9745222929937,2238.828025477707,1273.2101910828023,2134.9426751592355,974,1176.3694267515923,2265.3630573248406,1782.2038216560509
OAES,OAES_060,Marvin Klemme Range Research Station NEON,tower,-99.059241,35.405101,512.62,2237.1755725190837,2283.702290076336,1290.3816793893127,2327.351145038168,1085.0534351145038,1244.7557251908397,2542.9541984732823,1859.5648854961828
OAES,OAES_061,Marvin Klemme Range Research Station NEON,tower,-99.052982,35.414852,517.93,3512.301886792453,3415.9685534591194,2524.1572327044028,3369.308176100629,2350.069182389937,2308.301886792453,3739.4905660377353,3119.4779874213837
OAES,OAES_062,Marvin Klemme Range Research Station NEON,tower,-99.058577,35.411328,514.53,3257.181818181818,3339.295454545454,2580.219696969697,3249.090909090909,2254.7500000000005,2282.3257575757575,3496.181818181818,2999.0075757575755
OAES,OAES_063,Marvin Klemme Range Research Station NEON,tower,-99.056264,35.415391,522.72,3090.6493506493507,3256.4999999999995,2373.551948051948,3043.6298701298697,1969.616883116883,2049,3210.4220779220773,2763.2142857142853
OAES,OAES_064,Marvin Klemme Range Research Station NEON,tower,-99.056599,35.407805,515.26,3704.3437499999995,3797.8906250000005,2653.7968750000005,3615.5078125000005,2329.1796874999995,2529.7031250000005,3849.1406250000005,3373.5859375
OAES,OAES_065,Marvin Klemme Range Research Station NEON,tower,-99.055612,35.413223,518.67,3253.8769230769235,3272.592307692308,2543.2000000000003,3161.938461538462,2182.546153846154,2353.1615384615384,3498.3615384615387,2875.4076923076927
OAES,OAES_066,Marvin Klemme Range Research Station NEON,tower,-99.055611,35.41593,524.52,2958.274509803922,3285.1633986928105,2375.3790849673205,3026.385620915033,1999.202614379085,2037.5555555555557,3202.901960784314,2790.346405228758
OAES,OAES_067,Marvin Klemme Range Research Station NEON,tower,-99.05427,35.415123,522.99,3558.5859872611463,3697.7770700636947,2527.87898089172,3321.8471337579617,2302.0700636942674,2295.3057324840765,3660.0509554140126,3103.305732484076
OAES,OAES_068,Marvin Klemme Range Research Station NEON,tower,-99.055926,35.4062,516.65,2662.1538461538457,2699.1153846153843,1670.4230769230767,2625.8846153846152,1277.6153846153845,1508.6153846153845,2760.3461538461534,2220.3846153846152
OAES,OAES_069,Marvin Klemme Range Research Station NEON,tower,-99.059898,35.408078,517.89,1753,1802.5000000000002,731.0000000000001,1868,605.5,731.5,1928.5,1342.5
OAES,OAES_070,Marvin Klemme Range Research Station NEON,tower,-99.05857,35.405646,515.75,3035.914728682171,3048.3178294573645,2274.6511627906975,2983.821705426357,1734.5038759689924,1926.4806201550389,3187.2015503875973,2661.1162790697676
OAES,OAES_071,Marvin Klemme Range Research Station NEON,tower,-99.056925,35.404578,511.34,3361.5,3358,2580.5000000000005,3306.5,2045,2224,3583.5,2942
MOAB,MOAB_050,Moab NEON,tower,-109.389899,38.248588,1796.96,744.2258064516129,505.0967741935484,391.32903225806456,615.2903225806452,582.2580645161291,680.7096774193549,883.025806451613,321.69032258064516
MOAB,MOAB_051,Moab NEON,tower,-109.393305,38.249165,1789.91,764.0914634146342,516.8963414634147,392.7743902439025,735.030487804878,604.390243902439,683.579268292683,892.1646341463415,447.10975609756093
MOAB,MOAB_052,Moab NEON,tower,-109.391267,38.24779,1794.24,736.6330935251799,523.6618705035971,381.62589928057554,612.2302158273383,595.4892086330937,680.2086330935252,869.9208633093526,331.3884892086331
MOAB,MOAB_053,Moab NEON,tower,-109.390584,38.24833,1795.46,728.8059701492538,527.679104477612,386.4776119402985,596.4925373134329,577.6417910447761,672.0895522388059,873.365671641791,322.7313432835821
MOAB,MOAB_054,Moab NEON,tower,-109.388272,38.244237,1801.44,751.8,526.1999999999999,387.3999999999999,618.4,552.8,679.1999999999999,900.5999999999999,341.59999999999997
MOAB,MOAB_055,Moab NEON,tower,-109.39332,38.247823,1791.06,738.453947368421,496.30263157894734,377.17763157894734,1263.467105263158,534.9934210526316,675.7171052631578,874.4802631578947,1059.8421052631577
MOAB,MOAB_056,Moab NEON,tower,-109.392305,38.247539,1791.88,699.9779411764706,494.99264705882354,384.6029411764706,1191.6323529411764,547.8529411764706,659.1838235294118,849.7941176470588,891.2426470588235
MOAB,MOAB_057,Moab NEON,tower,-109.391254,38.249149,1793.32,749.6617647058824,506.6911764705883,398.3455882352941,635.3676470588235,618.7279411764706,682.6911764705883,898.0514705882354,306.79411764705884
MOAB,MOAB_058,Moab NEON,tower,-109.390275,38.246421,1796.45,746.6691729323309,527.3834586466165,383.37593984962405,632.3458646616541,547.4285714285713,674.7067669172933,888.4210526315788,331.36090225563913
MOAB,MOAB_059,Moab NEON,tower,-109.389628,38.245068,1799.72,747.1417910447761,516.9925373134329,387.1791044776119,625.7164179104477,532.5895522388059,668.0373134328358,881.3731343283581,323.82089552238807
MOAB,MOAB_060,Moab NEON,tower,-109.392977,38.248623,1790.91,742.3375,496.79375,386.86875,977.6937499999999,591.69375,682.08125,883.7062500000001,707.925
MOAB,MOAB_061,Moab NEON,tower,-109.389912,38.247236,1796.56,744.4925373134329,528.2014925373135,385.41044776119406,631.3358208955224,547.0522388059702,665.1268656716419,868.776119402985,324.179104477612
MOAB,MOAB_062,Moab NEON,tower,-109.386131,38.248268,1806.04,793.9323308270679,537.1278195488723,417.57894736842115,634.9548872180452,574.684210526316,705.0150375939851,928.9398496240602,348.96240601503763
MOAB,MOAB_063,Moab NEON,tower,-109.391291,38.246986,1794.07,732.2611940298508,521.8208955223881,384.46268656716416,631.0820895522388,531.2910447761194,667.679104477612,870.8582089552239,340.2164179104478
MOAB,MOAB_064,Moab NEON,tower,-109.391255,38.248592,1794.07,727.9875,503.87499999999994,384.09375,598.58125,595.5937500000001,663.0687499999999,859.675,307.74375
MOAB,MOAB_065,Moab NEON,tower,-109.392658,38.246995,1792.35,735.3629629629629,505.7481481481481,373.34074074074067,870.7777777777777,531.2148148148149,659.5777777777777,885.7481481481482,615.3481481481481
MOAB,MOAB_066,Moab NEON,tower,-109.389265,38.246415,1798.62,733.874074074074,519.2740740740741,389.96296296296293,1199.948148148148,538.7333333333333,659.5703703703704,857,910.3925925925927
MOAB,MOAB_067,Moab NEON,tower,-109.390962,38.24616,1795.97,741.6493506493507,523.7532467532467,386.10389610389615,610.4025974025974,539.1428571428572,665.4935064935066,893.4545454545456,349.90909090909093
MOAB,MOAB_068,Moab NEON,tower,-109.390305,38.245344,1798.1,751.2686567164178,526.8955223880597,382.43283582089555,623.2089552238806,535.820895522388,668.2835820895522,903.9701492537314,348.95522388059703
MOAB,MOAB_069,Moab NEON,tower,-109.392678,38.246204,1793.1,732.3375,503.96250000000003,372.6125,594.6125000000001,531.15,673.775,893.475,328.63750000000005
MOAB,MOAB_070,Moab NEON,tower,-109.38819,38.247484,1800.58,758.8780487804879,529.4512195121952,390.60365853658544,976.140243902439,548.4085365853658,680.390243902439,897.8902439024391,692.0975609756099
MOAB,MOAB_071,Moab NEON,tower,-109.390577,38.248866,1794.74,752.4012738853503,526.4203821656051,401.2420382165605,617.1910828025477,600.7133757961783,678.2165605095541,881.28025477707,315.54777070063693
MOAB,MOAB_072,Moab NEON,tower,-109.393348,38.247008,1790.63,741.4937499999999,504.225,378.90625,1311.1312500000001,547.425,663.71875,889.1625,1092.48125
MOAB,MOAB_073,Moab NEON,tower,-109.391976,38.246984,1792.95,718.0666666666666,512.6444444444444,378.54074074074066,620.0148148148148,517.9481481481481,644.0962962962963,877.1407407407406,334.90370370370374
MOAB,MOAB_048,Moab NEON,tower,-109.391993,38.246192,1793.94,736.4637681159421,516.5,384.33333333333337,599.1014492753624,529.1594202898551,670.5217391304349,886.7971014492755,339.95652173913044
MOAB,MOAB_049,Moab NEON,tower,-109.38888,38.247487,1797.58,754.210144927536,517.9057971014491,385.5724637681159,639.0217391304346,548.7463768115941,660.8043478260869,877.8913043478259,325.8260869565217
NIWO,NIWO_068,Niwot Ridge NEON,tower,-105.587175,40.050589,3476.01,1497.391304347826,1327.8260869565215,1461.782608695652,1342.8695652173913,1258.0434782608695,1311.9565217391303,1589.2608695652173,1367.3043478260868
NIWO,NIWO_069,Niwot Ridge NEON,tower,-105.58751,40.050042,3468.01,1581.521739130435,1513.5000000000002,1582.9347826086957,1471.7608695652175,1388.2391304347827,1449.0652173913045,1753.6521739130435,1461.3695652173915
NIWO,NIWO_065,Niwot Ridge NEON,tower,-105.587551,40.051404,3487.54,1680.3454545454547,1615.2,1597.4727272727275,1436.8545454545456,1424.8363636363638,1442.4909090909093,1826.109090909091,1488.9818181818184
NIWO,NIWO_062,Niwot Ridge NEON,tower,-105.585787,40.05114,3476.99,1986.1036585365855,1980.8231707317077,2066.439024390244,1690.6036585365857,1613.9207317073174,1742.8353658536585,2078.798780487805,1545.5670731707316
NIWO,NIWO_066,Niwot Ridge NEON,tower,-105.586479,40.05032,3469.51,1583,1521,1645,1553,1350,1387,1728,1521
NIWO,NIWO_052,Niwot Ridge NEON,tower,-105.585116,40.055185,3531.24,2083.4060606060607,1829.6545454545455,2084.0121212121217,1528.321212121212,1705.2727272727273,1771.9151515151516,2186.1818181818185,1259.048484848485
NIWO,NIWO_054,Niwot Ridge NEON,tower,-105.586506,40.053301,3510.34,1811.8915662650604,1714.9879518072294,1790.3614457831327,1348.6024096385543,1503.686746987952,1471.8554216867471,1879.012048192771,1196.132530120482
NIWO,NIWO_055,Niwot Ridge NEON,tower,-105.585821,40.054365,3524.54,2026.3999999999999,1946.8428571428567,2071.121428571428,1918.2928571428572,1711.0785714285714,1790.3928571428569,2179.5071428571423,1805.692857142857
NIWO,NIWO_057,Niwot Ridge NEON,tower,-105.585066,40.04708,3383.37,4533.347826086956,4188.652173913044,4234.492753623189,4020.246376811595,3486.608695652174,3597.6086956521744,4525.623188405797,4041.130434782609
NIWO,NIWO_058,Niwot Ridge NEON,tower,-105.58718,40.048719,3446.43,1817.6518987341772,1667.4050632911394,1857.354430379747,1422.4556962025317,1543.2974683544303,1552.5253164556962,1908.2911392405065,1300.7911392405063
NIWO,NIWO_060,Niwot Ridge NEON,tower,-105.585443,40.052491,3491.6,1540.1543209876545,1517.7407407407409,1556.851851851852,1399.5000000000002,1370.172839506173,1315.3641975308642,1645.697530864198,1341.5740740740744
NIWO,NIWO_064,Niwot Ridge NEON,tower,-105.583997,40.04737,3373.23,3193.6158536585363,2859.018292682927,2829.7195121951218,2136.475609756097,2334.8719512195116,2410.201219512195,3000.9695121951218,1993.9024390243899
NIWO,NIWO_044,Niwot Ridge NEON,tower,-105.582976,40.051697,3453.41,2131.6187050359713,2139.165467625899,2067.1726618705034,1897.546762589928,1755.2446043165464,1955.0359712230215,2258.9424460431655,1759.3165467625897
NIWO,NIWO_047,Niwot Ridge NEON,tower,-105.584398,40.054657,3510.09,2059.179856115108,1996.6402877697842,2101.9856115107914,1967.8489208633096,1692.0575539568345,1702.043165467626,2115.424460431655,1829.820143884892
NIWO,NIWO_048,Niwot Ridge NEON,tower,-105.585101,40.053574,3498.09,2401.326086956522,2237.6521739130435,2167.057971014493,1591.268115942029,1899.8260869565215,1957,2370.7898550724644,1339.8985507246377
GRSM,GRSM_001,Great Smoky Mountains National Park NEON,distributed,-83.532102,35.684589,464.49,10670.543726235743,10724.557034220534,10888.334600760456,10839.821292775665,9608.606463878326,10160.182509505703,11069.604562737644,11101.838403041826
GRSM,GRSM_002,Great Smoky Mountains National Park NEON,distributed,-83.587378,35.670427,694.1,10857.01048951049,10951.398601398605,11310.202797202799,11429.717391304348,9907.97377622378,10366.444055944057,11280.047202797205,11114.202898550726
GRSM,GRSM_003,Great Smoky Mountains National Park NEON,distributed,-83.474563,35.67661,892.93,11399.893238434164,11158.765124555162,11608.137010676159,11210.935943060496,10022.864768683276,10489.81672597865,11761.889679715305,10942.5
GRSM,GRSM_005,Great Smoky Mountains National Park NEON,distributed,-83.397816,35.681406,727.41,11507.391304347826,11561.156521739129,11786.652173913042,11606.873043478261,10247.55652173913,10612.15304347826,12103.19304347826,11349.944347826087
GRSM,GRSM_006,Great Smoky Mountains National Park NEON,distributed,-83.645325,35.6789,522.7,9933.272563176895,10296.425992779781,10650.848375451262,10586.030685920576,9483.71299638989,9775.871841155235,10517.629963898917,10607.971119133572
GRSM,GRSM_007,Great Smoky Mountains National Park NEON,distributed,-83.513992,35.686866,655.53,10076.598603839442,8990.111692844677,10236.097731239093,10345.424083769634,9030.211169284468,9658.692844677138,10716.862129144853,10542.928446771379
GRSM,GRSM_008,Great Smoky Mountains National Park NEON,distributed,-83.482275,35.679121,785.62,11095.99127399651,10947.383944153578,11248.991273996511,11108.560209424084,9875.549738219896,10219.319371727746,11764.89005235602,10898.595113438047
GRSM,GRSM_009,Great Smoky Mountains National Park NEON,distributed,-83.48998,35.670878,842.34,11251.763358778626,10982.583969465652,11423.54389312977,11386.267175572519,10002.274809160308,10450.753816793895,11764.482824427481,11260.032442748092
GRSM,GRSM_010,Great Smoky Mountains National Park NEON,distributed,-83.52603,35.669842,508.79,10821.773519163762,10750.231707317073,11276.684668989546,11157.857142857143,9617.672473867595,10187.385017421602,11495.808362369338,11105.033101045297
GRSM,GRSM_011,Great Smoky Mountains National Park NEON,distributed,-83.410274,35.687348,822.94,10869.150943396227,11012.194339622643,11461.073584905664,11040.92641509434,9772.896226415096,10327.256603773587,11503.381132075472,10983.52641509434
GRSM,GRSM_012,Great Smoky Mountains National Park NEON,distributed,-83.481653,35.670778,894.27,11325.227016885556,11223.615384615385,11689.885553470924,11576.70919324578,10133.469043151972,10537.131332082554,12151.422138836775,11173.450281425892
GRSM,GRSM_013,Great Smoky Mountains National Park NEON,distributed,-83.638159,35.683384,560.29,9982.591623036647,10357.048865619545,10615.567190226875,10772.539267015707,9561.659685863875,9680.268760907506,10547.069808027922,10474.607329842933
GRSM,GRSM_014,Great Smoky Mountains National Park NEON,distributed,-83.524234,35.66449,545.83,11126.547993019198,11196.959860383944,11470.940663176267,11329.424083769632,9939.01919720768,10395.003490401396,11502.2722513089,11277.329842931938
GRSM,GRSM_015,Great Smoky Mountains National Park NEON,distributed,-83.408575,35.730398,437.62,9730.273422562143,10224.816443594647,10235.455066921608,9836.420650095604,9139.91778202677,9388.40535372849,10293.089866156788,10004.994263862334
GRSM,GRSM_016,Great Smoky Mountains National Park NEON,distributed,-83.474652,35.593016,1776.69,11050.61149825784,10592.979094076656,10806.844947735191,11133.771777003485,9602.376306620212,9765.982578397212,11170.172473867597,10813.996515679442
GRSM,GRSM_017,Great Smoky Mountains National Park NEON,distributed,-83.522396,35.669925,507.94,10969.001782531197,10930.272727272728,11314.586452762927,11266.85918003565,9799.415329768271,10364.520499108736,11560.069518716578,11281.249554367203
GRSM,GRSM_018,Great Smoky Mountains National Park NEON,distributed,-83.344121,35.704934,768.77,11715.020992366412,11736.473282442748,11810.475190839692,11946.255725190838,10465.24427480916,10820.00954198473,12130.177480916029,11564.875954198473
GRSM,GRSM_019,Great Smoky Mountains National Park NEON,distributed,-83.642356,35.678734,550.72,9803.364120781525,10187.472468916518,10443.834813499112,10404.163410301953,9374.808170515098,9644.836589698045,10420.978685612788,10270.433392539964
GRSM,GRSM_020,Great Smoky Mountains National Park NEON,distributed,-83.361003,35.703464,608.94,11410.088850174216,11440.496515679442,11702.703832752613,11644.803135888502,10426.628919860628,10580.56968641115,11911.207317073171,11441.595818815329
GRSM,GRSM_021,Great Smoky Mountains National Park NEON,distributed,-83.403287,35.71969,588.12,9800.644486692014,10316.017110266159,10378.593155893535,10046.44486692015,9236.699619771862,9466.60456273764,10453.745247148287,10300.743346007604
GRSM,GRSM_022,Great Smoky Mountains National Park NEON,distributed,-83.39795,35.685732,693.16,10973.737642585551,11099.271863117872,11597.625475285173,11155.220532319392,9816.334600760458,10268.85171102662,11700.311787072245,11096.296577946769
GRSM,GRSM_023,Great Smoky Mountains National Park NEON,distributed,-83.5139,35.651393,694.29,11581.973776223776,11449.746503496503,11558.805944055943,11689.638111888113,10248.026223776224,10658.783216783218,12135.69055944056,11529.222027972028
GRSM,GRSM_024,Great Smoky Mountains National Park NEON,distributed,-83.387962,35.707279,622.4,10602.547993019198,10715.158813263526,10965.823734729494,10873.183246073299,9731.040139616056,9990.579406631763,11202.766143106457,10949.694589877836
GRSM,GRSM_025,Great Smoky Mountains National Park NEON,distributed,-83.475516,35.58978,1791.69,11073.76439790576,10434,10599.265270506108,10774.010471204188,9539.207678883071,9764.806282722513,11051.851657940664,10568.153577661431
GRSM,GRSM_026,Great Smoky Mountains National Park NEON,distributed,-83.644152,35.683538,556.4,7967.303538175046,8170.983240223463,7855.379888268156,9034.167597765363,7340.970204841713,7513.370577281192,8269.45251396648,9140.657355679703
GRSM,GRSM_027,Great Smoky Mountains National Park NEON,distributed,-83.495854,35.561217,1975.59,11282.278169014084,10832.496478873238,10796.288732394367,11197.075704225352,9629.25704225352,9910.904929577466,11232.230633802817,10770.734154929578
GRSM,GRSM_028,Great Smoky Mountains National Park NEON,distributed,-83.468367,35.593162,1759.14,10966.432075471697,10529.496226415094,10562.583018867925,10812.579245283017,9356.198113207547,9696.594339622641,11088.279245283016,10452.243396226415
GRSM,GRSM_029,Great Smoky Mountains National Park NEON,distributed,-83.471993,35.592538,1784.94,11142.735191637632,10683.271777003487,10669.959930313591,10907.639372822301,9554.452961672474,9885.797909407667,11235.517421602788,10520.137630662022
GRSM,GRSM_030,Great Smoky Mountains National Park NEON,distributed,-83.475234,35.591133,1809.93,11140.137184115525,10489.43140794224,10615.281588447655,10922.111913357401,9562.897111913358,9852.75451263538,11192.182310469314,10538.84296028881
GRSM,GRSM_072,Great Smoky Mountains National Park NEON,distributed,-83.481157,35.675932,822.6,11274.594795539033,11188.07620817844,11423.098513011153,11358.421933085501,10001.003717472118,10570.879182156134,11710.633828996282,10907.886617100372
GRSM,GRSM_047,Great Smoky Mountains National Park NEON,tower,-83.506291,35.687618,657.12,10542.176136363634,9513.210227272726,10593.74053030303,10429.79924242424,9325.1553030303,10039.551136363636,10968.369318181818,10502.647727272728
GRSM,GRSM_048,Great Smoky Mountains National Park NEON,tower,-83.498951,35.685859,603.22,10708.11403508772,10584.812280701757,11066.447368421055,10909.947368421055,9578.808771929826,10079.508771929828,11188.364912280706,10829.905263157898
GRSM,GRSM_049,Great Smoky Mountains National Park NEON,tower,-83.497001,35.687542,644.42,10687.292553191492,10000.06560283688,10837.436170212768,10606.391843971633,9482.191489361703,10078.702127659575,11151.702127659575,10568.189716312057
GRSM,GRSM_050,Great Smoky Mountains National Park NEON,tower,-83.50388,35.684967,674.29,10348.47386759582,10381.283972125437,10771.412891986067,10699.55574912892,9197.397212543558,9879.966898954706,11009.358885017424,10815.10278745645
GRSM,GRSM_051,Great Smoky Mountains National Park NEON,tower,-83.507296,35.688412,657.2,10602.069808027924,9520.087260034905,10495.349040139616,10342.9109947644,9445.701570680629,10044.446771378707,10975.661431064571,10570.513089005235
GRSM,GRSM_052,Great Smoky Mountains National Park NEON,tower,-83.500771,35.692349,590.86,10163.355285961872,8967.358752166378,10038.941074523398,10381.710571923744,8964.670710571923,9747.339688041595,10693.025996533795,10589.176776429807
GRSM,GRSM_053,Great Smoky Mountains National Park NEON,tower,-83.500259,35.68503,620.09,10593.82385321101,10526.099082568808,11001.084403669725,10717.616513761468,9469.977981651376,9924.864220183486,11083.176146788992,10931.497247706424
GRSM,GRSM_054,Great Smoky Mountains National Park NEON,tower,-83.501737,35.691475,570.7,10098.398563734292,10091.39497307002,10549.725314183124,10440.3842010772,9029.953321364454,9758.517055655298,10753.109515260325,10628.231597845604
GRSM,GRSM_055,Great Smoky Mountains National Park NEON,tower,-83.502232,35.685523,626.45,10498.773788150807,10420.136445242371,10845.64093357271,10693.109515260325,9344.745062836626,9882.398563734292,11091.199281867144,10943.685816876123
GRSM,GRSM_056,Great Smoky Mountains National Park NEON,tower,-83.504948,35.687095,635.37,10587.73693379791,10189.479094076654,10682.303135888502,10689.146341463415,9384.778745644599,10028.500000000002,11124.44425087108,10576.881533101045
GRSM,GRSM_057,Great Smoky Mountains National Park NEON,tower,-83.50228,35.686587,590.7,10511.129144851659,10507.694589877838,10872.164048865618,10717.818499127401,9350.387434554974,9911.752181500873,11120.521815008726,10794.066317626526
GRSM,GRSM_058,Great Smoky Mountains National Park NEON,tower,-83.505443,35.691954,547.99,10215.554973821989,10321.249563699825,10594.722513089004,10507.026178010472,9199.452006980804,9759.492146596858,10820.738219895287,10613.356020942409
GRSM,GRSM_059,Great Smoky Mountains National Park NEON,tower,-83.506609,35.686509,654.62,10575.812382739212,10231.564727954972,10750.324577861162,10749.485928705442,9348.367729831143,10068.986866791744,11065.414634146344,10587.861163227019
GRSM,GRSM_060,Great Smoky Mountains National Park NEON,tower,-83.503985,35.68601,639.31,10491.358523725834,10322.423550087873,10641.195079086116,10549.499121265379,9160.532513181019,9900.86467486819,11058.630931458698,10699.007029876977
GRSM,GRSM_061,Great Smoky Mountains National Park NEON,tower,-83.505223,35.685732,664.94,10560.719696969698,10465.41856060606,10791.854166666668,10796.553030303032,9312.988636363638,10049.625,11111.077651515154,10715.005681818182
GRSM,GRSM_062,Great Smoky Mountains National Park NEON,tower,-83.502845,35.69334,579.35,10556.925318761385,8017.768670309656,9741.489981785064,10367.466302367942,9303.44626593807,10038.400728597451,10968.852459016394,10315.349726775958
GRSM,GRSM_063,Great Smoky Mountains National Park NEON,tower,-83.498905,35.684766,626.95,10642.51048951049,10555.597902097903,11092.828671328669,10785.297202797203,9561.739510489511,10024.447552447551,11200.295454545454,10962.470279720279
GRSM,GRSM_064,Great Smoky Mountains National Park NEON,tower,-83.503034,35.689833,565.19,10299.486535008977,10486.657091561941,10669.982046678635,10410.271095152604,9247.457809694795,9864.798922800719,10829.649910233395,10798.703770197488
GRSM,GRSM_065,Great Smoky Mountains National Park NEON,tower,-83.503411,35.690916,561.59,10352.103825136612,10399.451730418943,10679.111111111111,10596.60655737705,9347.832422586522,9987.171220400729,10921.264116575594,10850.225865209473
GRSM,GRSM_066,Great Smoky Mountains National Park NEON,tower,-83.502675,35.688773,570.66,10346.482578397214,10475.160278745647,10685.956445993035,10515.820557491292,9288.256097560976,9916.47735191638,10911.560975609758,10712.79268292683
MLBS,MLBS_020,Mountain Lake Biological Station NEON,distributed,-80.568447,37.427133,785.73,10959.282793867122,11029.814310051108,10365.592844974446,11006.42930153322,9260.306643952303,10027.56388415673,10294.579216354343,10499.277683134584
MLBS,MLBS_022,Mountain Lake Biological Station NEON,distributed,-80.526185,37.363752,1250.19,10795.413969335606,10568.163543441226,10143.027257240206,10571.582623509372,8982.003407155025,10153.086882453152,10592.715502555367,9663.299829642248
MLBS,MLBS_024,Mountain Lake Biological Station NEON,distributed,-80.521133,37.360507,1291.87,10589.872659176031,10309.36891385768,9991.533707865168,10486.473782771536,8744.911985018727,9807.192883895133,10349.12359550562,9741.088014981275
MLBS,MLBS_025,Mountain Lake Biological Station NEON,distributed,-80.565709,37.432781,856.42,11323.315161839862,11546.090289608177,10476.947189097102,11168.264054514479,9574.589437819419,10345.373083475299,10973.155025553662,10735.667802385007
MLBS,MLBS_003,Mountain Lake Biological Station NEON,distributed,-80.526975,37.368528,1223.07,10884.481415929205,10702.226548672566,10082.94336283186,10748.982300884958,9062.971681415933,10211.484955752212,10790.88672566372,9824.36283185841
MLBS,MLBS_029,Mountain Lake Biological Station NEON,distributed,-80.572258,37.412017,805.29,11137.11235955056,11456.370786516853,10380.031835205991,7046.485018726592,9439.509363295881,10184.007490636704,10617.157303370786,6724.999999999999
MLBS,MLBS_001,Mountain Lake Biological Station NEON,distributed,-80.524992,37.3607,1310.85,10676.24531516184,10361.318568994886,10056.614991482113,10443.589437819419,8880.739352640543,9828.594548551959,10384.60817717206,9618.136286201021
MLBS,MLBS_009,Mountain Lake Biological Station NEON,distributed,-80.518487,37.374434,1177.55,10880.841836734695,10894.858843537415,10227.794217687078,7826.124149659863,9161.416666666668,10222.962585034016,10665.882653061224,7515.4268707483
MLBS,MLBS_004,Mountain Lake Biological Station NEON,distributed,-80.511896,37.429342,890.41,11320.933673469388,11502.47619047619,10822.146258503402,11084.739795918367,9616.840136054421,10469.518707482996,11104.56972789116,10707.727891156466
MLBS,MLBS_011,Mountain Lake Biological Station NEON,distributed,-80.521143,37.359448,1286.26,10687.88926746167,10344.081771720614,10018.475298126066,10459.126064735947,8710.086882453152,9892.918228279386,10358.574105621807,9657.739352640545
MLBS,MLBS_002,Mountain Lake Biological Station NEON,distributed,-80.524252,37.372058,1178.53,11090.114446529082,10888.281425891184,10385.28705440901,10988.705440900565,9253.326454033773,10317.022514071296,10917.022514071296,10416.609756097561
MLBS,MLBS_005,Mountain Lake Biological Station NEON,distributed,-80.521589,37.363106,1266.83,10779.416095890412,10570.626712328769,10191.085616438357,10508.621575342468,8999.061643835616,10122.575342465756,10698.265410958906,9819.301369863017
MLBS,MLBS_012,Mountain Lake Biological Station NEON,distributed,-80.522508,37.357284,1284.29,11100.316865417377,10985.405451448043,10427.364565587735,10865.18909710392,9200.603066439524,10255.29982964225,10846.45996592845,10329.027257240206
MLBS,MLBS_013,Mountain Lake Biological Station NEON,distributed,-80.559608,37.432507,817.73,11287.88926746167,11506.541737649064,10498.504258943783,11321.030664395232,9567.971039182283,10437.48381601363,10764.671209540036,10851.402044293016
MLBS,MLBS_014,Mountain Lake Biological Station NEON,distributed,-80.557337,37.417102,784.42,11185.634831460675,11385.159176029963,10775.001872659175,11278.844569288389,9423.852059925093,10235.820224719098,10584.601123595507,10880.438202247191
MLBS,MLBS_015,Mountain Lake Biological Station NEON,distributed,-80.568195,37.414692,786.31,11372.234188034188,11556.470085470088,10544.205128205129,11309.044444444446,9562.39829059829,10352.25641025641,10949.256410256412,11082.842735042737
MLBS,MLBS_006,Mountain Lake Biological Station NEON,distributed,-80.564064,37.426799,777,10886.213483146068,11082.779026217228,10360.565543071161,9973.239700374532,9313.83895131086,9923.943820224718,10428.831460674157,9612.996254681648
MLBS,MLBS_007,Mountain Lake Biological Station NEON,distributed,-80.571837,37.427946,806.24,11255.134579439253,11414.093457943925,10665.457943925236,11176.261682242992,9599.865420560749,10351.433644859815,10737.162616822432,10849.27663551402
MLBS,MLBS_010,Mountain Lake Biological Station NEON,distributed,-80.526343,37.365565,1236.98,10761.127768313456,10568.935264054513,10027.660988074958,10554.689948892672,8967.458262350936,10067.635434412266,10547.579216354345,9651.366269165246
MLBS,MLBS_021,Mountain Lake Biological Station NEON,distributed,-80.516305,37.426366,911.18,11335.159774436093,11571.768796992483,10627.73120300752,11246.74060150376,9607.577067669175,10459.588345864664,11021.825187969926,10930.533834586466
MLBS,MLBS_023,Mountain Lake Biological Station NEON,distributed,-80.504106,37.428212,909.48,11414.475213675216,11809.348717948722,10626.678632478632,11353.827350427351,9656.644444444446,10523.092307692308,11120.596581196582,10975.451282051283
MLBS,MLBS_027,Mountain Lake Biological Station NEON,distributed,-80.570564,37.414975,779.61,11245.24860853432,11328.946196660481,10715.716141001854,11219.474953617811,9500.322820037107,10274.998144712428,10671.536178107606,10961.105751391466
MLBS,MLBS_028,Mountain Lake Biological Station NEON,distributed,-80.490554,37.427896,939.9,10918.328790459967,10908.597955706984,10103.698466780239,10566.935264054513,9249.39352640545,10020.39182282794,10742.132879045997,10070.836456558774
MLBS,MLBS_008,Mountain Lake Biological Station NEON,distributed,-80.499069,37.426865,939.02,11000.78504672897,11412.609345794393,10240.239252336449,10716.570093457944,9415.278504672897,10093.478504672898,10605.695327102801,10092.048598130841
MLBS,MLBS_017,Mountain Lake Biological Station NEON,distributed,-80.526049,37.358817,1318.09,10732.275310834813,10525.470692717583,10119.829484902308,10611.269982238011,8921.337477797511,9964.154529307281,10461.051509769093,9780.399644760213
MLBS,MLBS_018,Mountain Lake Biological Station NEON,distributed,-80.489231,37.426259,975.82,10916.954802259888,10995.634651600758,10160.83427495292,10644.951035781547,9219.612052730698,9981.787193973634,10781.570621468927,10074.480225988704
MLBS,MLBS_026,Mountain Lake Biological Station NEON,distributed,-80.573299,37.410665,828.85,11139.253283302063,11518.996247654784,10452.292682926829,11154.215759849905,9467.371482176359,10255.84990619137,10644.645403377112,10381.908067542212
MLBS,MLBS_030,Mountain Lake Biological Station NEON,distributed,-80.508172,37.430103,894.13,11196.555347091933,11414.909943714822,10700.778611632271,10991.846153846154,9520.960600375234,10359.176360225141,10733.86491557223,10472.724202626641
MLBS,MLBS_065,Mountain Lake Biological Station NEON,tower,-80.524934,37.373423,1165.11,10834.688775510205,10778.625850340137,10209.020408163266,10832.068610634647,9186.061224489797,10082.408163265307,10595.268707482994,10063.586620926244
MLBS,MLBS_066,Mountain Lake Biological Station NEON,tower,-80.525892,37.376918,1172.62,10858.0717948718,10649.312820512821,10350.030769230772,10715.391452991455,9219.618803418804,10137.418803418805,10528.555555555557,10083.111111111113
MLBS,MLBS_073,Mountain Lake Biological Station NEON,tower,-80.525926,37.378019,1172.45,10742.677902621721,10643.807116104868,10238.056179775282,10701.632958801498,9160.355805243447,9950.374531835205,10447.752808988766,10005.548689138577
MLBS,MLBS_061,Mountain Lake Biological Station NEON,tower,-80.5198,37.376631,1169.02,10834.503412969283,10771.517064846415,10196.141638225256,10789.247440273039,9022.699658703072,10088.546075085324,10504.974402730377,10075.366894197952
MLBS,MLBS_076,Mountain Lake Biological Station NEON,tower,-80.521192,37.376397,1170.86,10777.670628183361,10656.460101867573,10212.694397283532,10854.587436332766,9087.495755517826,10106.011884550084,10447.191850594227,10131.196943972835
MLBS,MLBS_068,Mountain Lake Biological Station NEON,tower,-80.528303,37.375876,1166.59,10998.634812286691,10992.88566552901,10259.848122866895,10893.378839590445,9334.453924914676,10255.493174061436,10741.6023890785,10275.75938566553
MLBS,MLBS_069,Mountain Lake Biological Station NEON,tower,-80.522851,37.377742,1170.74,10873.37860780985,10599.736842105263,10359.339558573854,10804.867572156198,9145.901528013583,10125.774193548388,10436.169779286927,10192.575551782684
MLBS,MLBS_064,Mountain Lake Biological Station NEON,tower,-80.520174,37.375562,1177.27,10767.82584269663,10852.279026217228,10204.462546816481,10812.179775280898,9010.803370786516,10131.284644194757,10456.9138576779,10107.9063670412
MLBS,MLBS_067,Mountain Lake Biological Station NEON,tower,-80.527279,37.378569,1171.63,10792.877342419079,10611.364565587734,10234.60817717206,10682.18398637138,9197.679727427598,10069.040885860304,10393.068143100509,10144.15502555366
MLBS,MLBS_062,Mountain Lake Biological Station NEON,tower,-80.526254,37.374226,1170.5,11196.73299319728,11034.154761904761,10444.243197278913,11108.855442176873,9456.931972789116,10410.066326530614,10892.729591836736,10587.358843537415
MLBS,MLBS_063,Mountain Lake Biological Station NEON,tower,-80.527932,37.377486,1175.71,10884.039252336446,10710.23738317757,10326.747663551401,10755.441121495327,9246.689719626169,10194.112149532712,10610.205607476637,10148.818691588785
MLBS,MLBS_070,Mountain Lake Biological Station NEON,tower,-80.526582,37.375576,1167.15,11104.149659863944,10908.076530612243,10375.731292517008,11017.954081632653,9385.069727891154,10246.792517006801,10732.624149659863,10473.804421768706
ORNL,ORNL_004,Oak Ridge NEON,distributed,-84.275214,35.907944,293.06,7453.638888888889,9194.682291666666,8260.300347222223,9089.005208333332,9215.557291666666,8717.793402777777,9192.628472222223,9654.203125
ORNL,ORNL_035,Oak Ridge NEON,distributed,-84.350404,35.974771,263.97,7207.8359788359785,8453.41798941799,7424.552028218695,10500.165784832452,8186.871252204585,8007.234567901235,8356.088183421516,10904.932980599648
ORNL,ORNL_007,Oak Ridge NEON,distributed,-84.329755,35.925371,268.32,8228.171875,9933.211805555557,9126.128472222223,9525.973958333332,9650.838541666668,9258.54340277778,9778.68923611111,9942.666666666668
ORNL,ORNL_008,Oak Ridge NEON,distributed,-84.332543,35.93276,321.58,7282.315589353613,9411.684410646389,8364.171102661598,9049.730038022813,9235.233840304183,8488.47338403042,9107.030418250954,9581.579847908746
ORNL,ORNL_027,Oak Ridge NEON,distributed,-84.263286,35.916313,246.15,7178.5190562613425,8254.22504537205,7070.239564428312,8264.460980036298,7779.090744101634,7661.70054446461,8028.756805807622,8370.620689655174
ORNL,ORNL_009,Oak Ridge NEON,distributed,-84.227994,35.974464,317.54,7401.312267657993,9238.791821561339,8316.050185873608,9354.364312267659,9331.04646840149,8416.728624535317,8983.457249070632,9490.539033457251
ORNL,ORNL_029,Oak Ridge NEON,distributed,-84.261843,35.95765,274.61,6798.758812615955,7925.730983302411,6822.428571428571,10404.896103896104,7510.354359925788,7359.34693877551,7224.426716141002,10500.651205936922
ORNL,ORNL_047,Oak Ridge NEON,distributed,-84.219806,35.952357,285.83,4590.785454545456,5363.712727272728,4748.805454545454,5498.489090909091,4931.989090909091,4748.59090909091,5096.436363636364,5539.429090909092
ORNL,ORNL_010,Oak Ridge NEON,distributed,-84.332168,35.953307,305.09,7164.319311663481,9297.98087954111,8369.858508604208,9004.325047801149,9077.804971319314,8299.12810707457,9028.860420650097,9610.590822179734
ORNL,ORNL_006,Oak Ridge NEON,distributed,-84.32368,35.938227,280.67,7602.237435008666,9466.5719237435,8528.27902946274,9330.497400346621,9403.116117850952,8794.483535528596,9229.785095320625,9781.474870017331
ORNL,ORNL_012,Oak Ridge NEON,distributed,-84.248359,35.953019,267.07,7379.739583333334,9198.182291666668,8309.993055555557,9080.111111111111,9312.065972222223,8393.664930555557,8862.57465277778,9478.234375
ORNL,ORNL_001,Oak Ridge NEON,distributed,-84.270109,35.930248,244.65,6909.791666666669,8326.984375,7297.753472222223,9624.053819444445,8509.526041666666,7824.079861111111,8343.84722222222,9988.480902777777
ORNL,ORNL_014,Oak Ridge NEON,distributed,-84.305649,35.939979,299.17,7516.300347222223,9246.31076388889,8530.828125,9141.397569444443,9499.723958333332,8504.385416666666,9233.835069444445,9734.593749999998
ORNL,ORNL_002,Oak Ridge NEON,distributed,-84.212753,35.982199,308.24,7176.316521739131,9238.925217391305,8031.11652173913,8993.857391304347,9126.113043478263,8262.706086956521,8752.241739130433,9329.511304347825
ORNL,ORNL_015,Oak Ridge NEON,distributed,-84.236993,35.965463,267.2,7346.114180478822,9305.486187845305,8435.648250460405,9137.397790055249,9192.948434622467,8444.296500920811,9018.902394106815,9476.32044198895
ORNL,ORNL_017,Oak Ridge NEON,distributed,-84.297431,35.976845,330.73,7126.266313932979,8990.303350970018,7992.74074074074,8714.516754850089,9200.869488536156,8185.4197530864185,8749.252204585537,9135.767195767196
ORNL,ORNL_018,Oak Ridge NEON,distributed,-84.276978,35.933929,261.48,7483.552727272728,9408.190909090908,8277.285454545456,9208.774545454546,9266.969090909091,8559.27090909091,8963.825454545457,9681.783636363638
ORNL,ORNL_019,Oak Ridge NEON,distributed,-84.31456,35.943431,312.19,7245.293795620439,9261.151459854016,8310.335766423359,9076.644160583943,9460.182481751826,8546.538321167885,9099.13686131387,9516.031021897808
ORNL,ORNL_031,Oak Ridge NEON,distributed,-84.221912,35.948606,266.83,4579.814558058925,5149.402079722703,4513.2842287694975,5398.512998266897,4836.575389948007,4785.3136915078,4899.852686308493,5251.166377816292
ORNL,ORNL_021,Oak Ridge NEON,distributed,-84.221346,35.95564,277.39,4586.349290780142,5444.574468085107,4744.021276595744,5520.145390070922,4944.817375886525,4895.978723404255,5256.459219858155,5444.851063829788
ORNL,ORNL_066,Oak Ridge NEON,distributed,-84.218426,35.953429,265.47,4531.9773123909245,5378.729493891798,4740.56369982548,5448.453752181501,4801.720767888308,4524.048865619547,5103.762652705062,5503.183246073298
ORNL,ORNL_067,Oak Ridge NEON,distributed,-84.286902,35.95418,309.19,7262.215613382899,9087.228624535317,8152.823420074349,8817.223048327138,9388.522304832713,8452.302973977696,9018.689591078068,9051.486988847582
ORNL,ORNL_068,Oak Ridge NEON,distributed,-84.426839,35.926136,264.08,7557.755208333334,9367.927083333334,8539.689236111111,9010.857638888889,9226.008680555557,8724.536458333334,9520.793402777777,9631.503472222223
ORNL,ORNL_040,Oak Ridge NEON,distributed,-84.303477,35.975905,283.24,6843.071813285457,8035.809694793536,7055.418312387792,8401.588868940755,7678.344703770197,7486.527827648116,7876.804308797127,8164.402154398564
ORNL,ORNL_052,Oak Ridge NEON,tower,-84.279989,35.962389,325.43,7126.9493891797565,8992.486910994763,8193.129144851657,8865.467713787086,9303.31064572426,8468.534031413612,8934.467713787086,9368.69109947644
ORNL,ORNL_053,Oak Ridge NEON,tower,-84.286859,35.965252,316.01,7219.35427574171,9099.898778359511,8350.319371727748,8969.712041884815,9251.186736474696,8456.242582897034,8941.277486910993,9499.478184991274
ORNL,ORNL_036,Oak Ridge NEON,tower,-84.28419,35.965429,327.67,7300.5977859778595,9078.815498154981,8211.241697416974,8716.038745387454,9328.948339483395,8443.59225092251,8986.356088560886,9426.499999999998
ORNL,ORNL_054,Oak Ridge NEON,tower,-84.283124,35.967045,325.79,7328.768402154399,9236.795332136446,8162.086175942551,8784.644524236983,9299.52064631957,8368.066427289048,8897.238779174146,9469.599640933573
ORNL,ORNL_037,Oak Ridge NEON,tower,-84.281617,35.963215,324.59,7148.860550458716,9056.811009174313,8252.328440366973,8717.388990825688,9286.56146788991,8471.37247706422,8985.908256880733,9337.544954128442
ORNL,ORNL_055,Oak Ridge NEON,tower,-84.282663,35.9608,290.36,7310.010416666666,9344.697916666666,8235.835069444443,8893.105902777777,9346.163194444445,8459.008680555555,9009.168402777777,9383.045138888889
ORNL,ORNL_043,Oak Ridge NEON,tower,-84.287233,35.963926,322.17,7145.83422459893,9149.149732620319,8257.63101604278,8900.73975044563,9211.260249554367,8492.495543672014,8988.819964349375,9358.827094474153
ORNL,ORNL_059,Oak Ridge NEON,tower,-84.285478,35.966015,321.44,7281.049295774647,9073.32570422535,8244.103873239437,8895.695422535211,9258.06161971831,8426.973591549295,8936.632042253521,9441.633802816901
ORNL,ORNL_060,Oak Ridge NEON,tower,-84.286937,35.962796,327.82,7122.234042553193,8732.845744680852,7966.250000000001,8831.402482269505,8932.06205673759,8105.0177304964545,8611.225177304965,9297.274822695037
ORNL,ORNL_061,Oak Ridge NEON,tower,-84.284569,35.964411,346.82,7103.715532286213,8862.979057591623,7999.902268760908,8953.40837696335,9067.239092495638,8281.191972076787,8735.432809773123,9471.0698080279235
ORNL,ORNL_045,Oak Ridge NEON,tower,-84.283823,35.966285,332.58,7336.096256684492,9170.308377896612,8250.208556149733,8840.30659536542,9208.78431372549,8461.260249554367,8934.914438502674,9566.251336898396
ORNL,ORNL_046,Oak Ridge NEON,tower,-84.285882,35.964418,338.5,7156.163339382939,9160.604355716878,8221.53176043557,8849.14337568058,9272.343012704172,8430.384754990924,8908.903811252267,9313.422867513611
ORNL,ORNL_062,Oak Ridge NEON,tower,-84.280011,35.960748,317.41,7162.9067164179105,9282.348880597016,8079.565298507463,8903.867537313432,9251.319029850745,8344.097014925374,8889.179104477611,9411.050373134327
ORNL,ORNL_049,Oak Ridge NEON,tower,-84.278894,35.964792,315.63,7252.392045454545,9079.240530303026,8237.861742424242,8811.484848484848,9325.174242424242,8429.600378787876,8943.594696969694,9435.695075757574
ORNL,ORNL_063,Oak Ridge NEON,tower,-84.277896,35.965319,302.88,7433.022569444446,9305.51909722222,8333.661458333334,9034.571180555555,9322.651041666666,8627.159722222223,9027.63715277778,9509.907986111111
ORNL,ORNL_056,Oak Ridge NEON,tower,-84.281616,35.962157,302.52,7255.6122807017555,9079.498245614037,8253.187719298247,8886.587719298248,9372.91403508772,8459.319298245615,8956.926315789477,9427.494736842107
ORNL,ORNL_057,Oak Ridge NEON,tower,-84.280231,35.964836,334.25,7135.208981001727,9016.894645941278,8107.31433506045,8695.85664939551,9181.105354058722,8349.09671848014,8881.255613126077,9480.54749568221
ORNL,ORNL_058,Oak Ridge NEON,tower,-84.285921,35.963319,322.29,7049.15575221239,9083.621238938054,8178.9964601769925,8732.500884955754,9321.60353982301,8415.389380530974,8913.651327433628,9316.244247787612
ORNL,ORNL_050,Oak Ridge NEON,tower,-84.282109,35.967556,335.87,7423.826741996235,9215.359698681734,8336.553672316384,8819.146892655368,9360.427495291902,8461.538606403015,8906.21845574388,9483.662900188325
ORNL,ORNL_051,Oak Ridge NEON,tower,-84.283958,35.962469,326.76,7108.736137667305,8936.093690248566,8122.795411089866,8704.250478011474,9299.40535372849,8454.42447418738,8796.717017208415,9286.608030592735
CPER,CPER_001,Central Plains Experimental Range NEON,distributed,-104.699535,40.850866,1637.89,1837.2232142857142,2038.6035714285713,1781.9875,2144.185714285714,1752.255357142857,2329.5285714285715,2554.8964285714283,1386.2678571428569
CPER,CPER_002,Central Plains Experimental Range NEON,distributed,-104.729248,40.810934,1651.11,1777.4117647058824,1936.6699346405233,1652.0816993464052,1830.8545751633987,1412.0392156862747,2209.9901960784314,2289.3627450980393,1227.5408496732027
CPER,CPER_003,Central Plains Experimental Range NEON,distributed,-104.707164,40.818451,1623.79,1789.4304207119744,2031.436893203884,1804.2750809061488,1764.728155339806,1648.2766990291263,2636.605177993528,2288.0080906148874,1298.215210355987
CPER,CPER_004,Central Plains Experimental Range NEON,distributed,-104.696873,40.81275,1622.73,1781.2613636363637,2002.8863636363637,1706.9837662337666,1847.0535714285716,1606.8198051948052,2583.0048701298706,2325.8636363636365,1332.9918831168834
CPER,CPER_005,Central Plains Experimental Range NEON,distributed,-104.728006,40.853093,1664.43,1804.9153976311338,2006.0152284263963,1673.7732656514386,2091.3350253807107,1739.2910321489003,2414.7698815566837,2347.610829103215,1292.1996615905248
CPER,CPER_006,Central Plains Experimental Range NEON,distributed,-104.748078,40.814769,1649.95,1882.3670473083198,2092.9380097879284,1854.8580750407832,2111.99836867863,1668.9559543230016,2748.513866231648,2546.040783034258,1463.2398042414359
CPER,CPER_007,Central Plains Experimental Range NEON,distributed,-104.683832,40.861915,1646.68,1999.9910873440283,2057.212121212121,1794.8360071301247,1967.1426024955435,1728.1176470588232,2310.229946524064,2419.0196078431372,1433.3279857397504
CPER,CPER_008,Central Plains Experimental Range NEON,distributed,-104.749212,40.798822,1644.76,1895.7357142857145,2092.2946428571427,1793.7392857142854,1910.3500000000001,1566.923214285714,2455.0803571428573,2249.469642857143,1260.3464285714283
CPER,CPER_009,Central Plains Experimental Range NEON,distributed,-104.745903,40.82612,1656.61,1842.9609120521175,2007.1514657980454,1709.8110749185669,1818.6644951140065,1521.543973941368,2266.557003257329,2296.7426710097725,1254.5960912052117
CPER,CPER_010,Central Plains Experimental Range NEON,distributed,-104.681398,40.85001,1646.24,1686.9238249594816,1912.2884927066452,1570.3873581847652,1778.8184764991897,1558.7277147487846,2106.815235008104,2101.319286871961,1250.6029173419774
CPER,CPER_011,Central Plains Experimental Range NEON,distributed,-104.703366,40.866286,1649.66,1885.3160453808757,1816.4732576985418,1631.327390599676,1815.416531604538,1629.9805510534848,2186.975688816856,2154.4764991896277,1316.4132901134521
CPER,CPER_012,Central Plains Experimental Range NEON,distributed,-104.771251,40.802126,1644.58,1918.2842809364545,1916.2290969899661,1654.9214046822744,1846.200668896321,1429.1488294314381,2287.117056856187,2384.3110367892978,1253.8076923076924
CPER,CPER_013,Central Plains Experimental Range NEON,distributed,-104.71284,40.821979,1623.58,1775.6217532467535,2082.428571428572,1756.564935064935,2042.5827922077922,1483.9383116883116,2512.4561688311687,2498.137987012987,1362.922077922078
CPER,CPER_014,Central Plains Experimental Range NEON,distributed,-104.697947,40.807905,1611.84,1965.546492659054,2087.567699836868,1773.8450244698206,1761.4094616639477,1671.026101141925,2668.794453507341,2516.7536704730833,1393.4828711256118
CPER,CPER_015,Central Plains Experimental Range NEON,distributed,-104.744736,40.853133,1670.49,2078.259259259259,2304.331723027375,1868.3285024154588,2197.876006441224,1786.7181964573267,2669.3317230273747,2564.7004830917867,1575.8035426731078
CPER,CPER_016,Central Plains Experimental Range NEON,distributed,-104.756306,40.804501,1640.25,1924.8816855753646,2154.735818476499,1822.1782820097242,2023.692058346839,1582.2123176661262,2698.8897893030794,2348.6758508914095,1463.6499189627227
CPER,CPER_017,Central Plains Experimental Range NEON,distributed,-104.691691,40.856261,1640.42,1650.3993506493505,1698.4853896103893,1421.1136363636363,1666.7581168831168,1347.00974025974,1846.0162337662337,1879.0974025974026,1102.698051948052
CPER,CPER_018,Central Plains Experimental Range NEON,distributed,-104.695047,40.825715,1627.72,1750.7719869706843,2255.5065146579805,1915.2052117263847,1933.0179153094462,1677.0651465798046,2452.0065146579805,2363.9837133550495,1287.1482084690554
CPER,CPER_019,Central Plains Experimental Range NEON,distributed,-104.785759,40.824819,1665.96,2012.3652597402597,2016.842532467533,1657.4155844155841,1794.1477272727273,1479.4285714285716,2341.4740259740265,2287.451298701299,1341.327922077922
CPER,CPER_020,Central Plains Experimental Range NEON,distributed,-104.707657,40.785746,1604.34,1758.7706093189965,2052.8978494623657,1668.182795698925,1901.7437275985667,1475.4892473118282,2510.2634408602153,2454.4534050179213,1396.3817204301079
CPER,CPER_021,Central Plains Experimental Range NEON,distributed,-104.742282,40.847985,1669.88,1913.9445350734093,2125.3947797716146,1707.5954323001629,2086.655791190864,1642.378466557912,2469.402936378466,2365.8042414355623,1400.8678629690048
CPER,CPER_022,Central Plains Experimental Range NEON,distributed,-104.698179,40.842486,1642.87,1896.6580226904377,2095.837925445705,1742.393841166937,1301.4943273905997,1618.160453808752,2304.6790923824965,2212.212317666126,735.1880064829822
CPER,CPER_023,Central Plains Experimental Range NEON,distributed,-104.741742,40.800962,1649.57,1922.822764227642,2048.8682926829265,1656.4341463414632,1828.9869918699185,1508.2471544715445,2552.70569105691,2286.331707317073,1291.4130081300812
CPER,CPER_024,Central Plains Experimental Range NEON,distributed,-104.712796,40.832243,1635.33,1682.2630718954247,1912.4248366013073,1581.343137254902,1971.2254901960785,1411.8807189542486,2299.2843137254904,2361.3284313725494,1237.545751633987
CPER,CPER_025,Central Plains Experimental Range NEON,distributed,-104.688336,40.813277,1613.65,1870.832792207792,1968.4334415584417,1664.5519480519479,1777.689935064935,1575.2954545454543,2520.2873376623374,2324.5097402597403,1331.547077922078
CPER,CPER_026,Central Plains Experimental Range NEON,distributed,-104.758776,40.808829,1636.48,1870.9201954397395,2035.164495114007,1787.7442996742673,1920.0830618892508,1580.2508143322477,2497.211726384365,2429.5749185667755,1359.0846905537462
CPER,CPER_027,Central Plains Experimental Range NEON,distributed,-104.703275,40.810071,1613.13,1716.4482142857146,1969.2892857142856,1665.7232142857144,1739.4428571428573,1502.5428571428574,2555.3357142857144,2588.8625000000006,1277.0696428571432
CPER,CPER_028,Central Plains Experimental Range NEON,distributed,-104.75919,40.793163,1624.65,1984.6140350877195,1989.8228070175442,1733.8157894736844,1953.7210526315791,1476.9438596491232,2614.6175438596492,2413.112280701755,1273.764912280702
CPER,CPER_029,Central Plains Experimental Range NEON,distributed,-104.770812,40.826143,1655.44,1784.411149825784,2008.031358885017,1763.066202090592,1834.7229965156791,1521.0174216027874,2376.283972125435,2300.350174216028,1292.7839721254356
CPER,CPER_030,Central Plains Experimental Range NEON,distributed,-104.684496,40.798116,1602.59,1648.652329749104,2077.155913978495,1682.7293906810037,1846.0125448028678,1485.6612903225805,2396.2544802867383,2239.001792114696,1251.111111111111
CPER,CPER_045,Central Plains Experimental Range NEON,tower,-104.750288,40.817292,1651.95,1825.6412337662339,2088.676948051948,1834.5454545454547,2038.0097402597403,1609.2564935064936,2633.4025974025976,2493.9805194805194,1438.6152597402597
CPER,CPER_046,Central Plains Experimental Range NEON,tower,-104.747096,40.817297,1652.1,1856.1055194805192,2092.9074675324678,1875.9350649350652,1944.6818181818185,1577.3652597402597,2633.262987012987,2479.167207792208,1435.9967532467535
CPER,CPER_047,Central Plains Experimental Range NEON,tower,-104.746715,40.818371,1649.27,1837.6282467532465,2044.418831168831,1834.88961038961,1905.0211038961038,1593.9334415584415,2634.246753246753,2423.311688311688,1415.6233766233763
CPER,CPER_048,Central Plains Experimental Range NEON,tower,-104.748858,40.818931,1652.08,1867.8727598566304,2155.2491039426523,1846.517921146953,1966.3763440860214,1586.02688172043,2804.5430107526877,2472.8494623655915,1417.3512544802863
STER,STER_006,North Sterling NEON,distributed,-103.035332,40.463935,1361.2,5726.075971731449,4378.96996466431,5525.722614840988,6243.689045936396,2566.413427561837,6953.913427561837,7061.772084805654,3866.242049469965
STER,STER_005,North Sterling NEON,distributed,-103.033324,40.460659,1363.59,5511.474631751226,3206.456628477905,5666.873977086741,5717.157119476267,2566.492635024549,6430.440261865793,6885.977086743043,3913.8592471358425
STER,STER_018,North Sterling NEON,distributed,-103.0346,40.465261,1362.6,5043.235294117647,3183.3055555555547,5375.683006535946,4857.519607843137,2481.0964052287577,6607.104575163397,6871.754901960782,3227.4330065359472
STER,STER_031,North Sterling NEON,distributed,-103.011685,40.470725,1353.31,5209.07868852459,4829.621311475408,5821.119672131147,4575.932786885245,3854.252459016392,4657.019672131147,4684.69344262295,3629.729508196721
STER,STER_035,North Sterling NEON,distributed,-103.016662,40.469719,1362.2,4124.157980456027,4811.5993485342015,6233.653094462542,4074.9592833876222,3414.557003257329,3613.0439739413687,3961.92996742671,2816.6889250814334
STER,STER_032,North Sterling NEON,distributed,-103.025102,40.472029,1362.63,6014.117252931324,3251.480737018426,5798.408710217756,5142.149078726969,3864.0117252931323,4974.603015075378,4881.790619765495,3556.053601340034
STER,STER_033,North Sterling NEON,distributed,-103.011866,40.47639,1356.61,5518.450081833061,3627.009819967266,5845.864157119476,4977.427168576105,3604.8428805237313,4209.939443535188,5586.1898527004905,3439.423895253682
STER,STER_034,North Sterling NEON,distributed,-103.019238,40.478666,1365.88,4203.923857868021,4925.822335025381,6190.059221658206,4274.226734348562,3599.5143824027077,5433.245346869713,4498.617597292724,2968.43654822335
STER,STER_027,North Sterling NEON,distributed,-103.01882,40.480827,1368.39,4761.006514657981,4658.452768729642,5454.451140065147,4512.187296416939,3210.5325732899023,5004.674267100977,4853.013029315962,3218.495114006515
STER,STER_026,North Sterling NEON,distributed,-103.0243,40.474713,1360.76,5595.932642487047,3794.4732297063906,5364.943005181348,4858.647668393783,3975.022452504318,5736.948186528497,4958.290155440414,3493.4041450777204
STER,STER_029,North Sterling NEON,distributed,-103.011749,40.468561,1353.33,5594.604651162791,5436.039867109634,6398.8671096345515,4714.279069767442,3982.926910299003,4863.167774086379,5445.945182724252,3743.471760797342
STER,STER_028,North Sterling NEON,distributed,-103.018333,40.473273,1359.56,5895.037606837606,4096.774358974359,5556.047863247863,4652.68547008547,4099.823931623931,4944.651282051281,5218.986324786325,3354.129914529914
STER,STER_016,North Sterling NEON,tower,-103.030754,40.463856,1360.58,5483.232520325203,3360.086178861789,5620.627642276424,5727.608130081301,2856.469918699187,6270.7333333333345,6752.416260162603,3375.5642276422764
STER,STER_012,North Sterling NEON,tower,-103.029801,40.460053,1363.7,5292.978723404255,3877.134206219313,6055.207855973814,6206.968903436989,3002.4975450081834,7099.0441898527015,5645.255319148937,3901.590834697218
STER,STER_011,North Sterling NEON,tower,-103.031538,40.461168,1362.57,5330.355155482815,3326.648117839606,5714.317512274958,5883.834697217675,3054.9836333878884,6453.914893617021,6245.759410801963,3527.5777414075287
STER,STER_010,North Sterling NEON,tower,-103.030496,40.460611,1363.06,5250.996661101837,3469.343906510851,5831.23205342237,5861.65776293823,2936.195325542571,6774.711185308848,5568.035058430717,3979.8180300500835
RMNP,RMNP_010,Rocky Mountains NEON,distributed,-105.535934,40.178717,2866.34,4954.755593803788,5120.607573149742,5108.332185886403,4774.0189328743545,4110.855421686748,4768.998278829606,5354.447504302925,4812.798623063683
RMNP,RMNP_001,Rocky Mountains NEON,distributed,-105.465976,40.203348,2564.48,6606.67213114754,6789.154098360656,6022.87868852459,5802.8377049180335,4705.803278688525,6077.850819672131,6978.655737704918,5520.424590163933
RMNP,RMNP_011,Rocky Mountains NEON,distributed,-105.512508,40.203699,2509.02,5967.533551554828,5844.165302782324,5357.687397708674,5497.481178396071,4638.949263502454,5339.744680851064,6025.435351882161,5065.384615384615
RMNP,RMNP_012,Rocky Mountains NEON,distributed,-105.535747,40.156545,2916.66,7702.371376811596,7409.853260869565,7332.119565217392,6611.032608695652,5726.278985507247,6738.375,7855.268115942029,6462.077898550725
RMNP,RMNP_013,Rocky Mountains NEON,distributed,-105.486722,40.196781,2645.35,5052.728314238952,5518.769230769231,5135.060556464813,4760.8101472995095,4110.256955810148,4818.815057283143,5436.761047463176,4618.384615384615
RMNP,RMNP_014,Rocky Mountains NEON,distributed,-105.53438,40.161428,2790.44,7812.727927927927,7516.075675675675,7523.347747747747,6760.297297297297,5770.681081081081,7019.005405405404,7956.6558558558545,6679.2
RMNP,RMNP_015,Rocky Mountains NEON,distributed,-105.467005,40.199554,2729.02,5716.418985270049,6239.391162029459,5848.235679214403,5404.603927986907,4529.284779050736,5540.620294599018,6070.199672667758,5271.931260229134
RMNP,RMNP_016,Rocky Mountains NEON,distributed,-105.475488,40.154382,2512.92,4822.393092105262,4831.253289473684,4320.425986842105,3561.3750000000005,4502.504934210526,5502.172697368421,5427.6151315789475,3508.4457236842113
RMNP,RMNP_017,Rocky Mountains NEON,distributed,-105.492732,40.200008,2587.72,6012.309328968903,6459.150572831424,5755.594108019641,5601.893617021277,4551.193126022913,5716.576104746318,6414.294599018004,5356.993453355155
RMNP,RMNP_018,Rocky Mountains NEON,distributed,-105.538996,40.163833,2855.45,6626.901639344263,6516.819672131148,6558.373770491803,6108.170491803278,5344.062295081967,6211.350819672131,6851.432786885246,5886.986885245901
RMNP,RMNP_019,Rocky Mountains NEON,distributed,-105.491303,40.195931,2649.7,4910.168300653594,5401.24836601307,5135.882352941175,4904.238562091503,4226.39705882353,4845.635620915033,5594.745098039214,4668.117647058823
RMNP,RMNP_020,Rocky Mountains NEON,distributed,-105.468403,40.197385,2763.24,6296.588524590163,6373.516393442622,5778.8426229508195,5688.606557377049,4856.455737704917,6057.33606557377,6482.32295081967,5523.273770491804
RMNP,RMNP_021,Rocky Mountains NEON,distributed,-105.539283,40.158459,2886.92,6960.2685337726525,7096.983525535421,7037.148270181217,6372.815485996704,5433.728171334432,6648.1548599670505,7334.069192751235,6159.3607907743
RMNP,RMNP_022,Rocky Mountains NEON,distributed,-105.492709,40.197023,2635.85,4713.427168576106,5042.833060556466,4462.191489361703,4341.46153846154,3566.5630114566293,4638.801963993454,5063.540098199674,4264.23076923077
RMNP,RMNP_023,Rocky Mountains NEON,distributed,-105.534931,40.188464,2750.93,5891.650819672131,5685.291803278688,5876.814754098361,5521.890163934427,4562.040983606557,5437.593442622951,5885.185245901641,5150.260655737705
RMNP,RMNP_024,Rocky Mountains NEON,distributed,-105.542483,40.162749,2922.14,6193.09756097561,5971.283972125436,6236.801393728224,5724.2491289198615,4878.503484320559,5787.993031358886,6368.026132404182,5655.7404181184675
RMNP,RMNP_025,Rocky Mountains NEON,distributed,-105.488849,40.19867,2633.96,6075.452459016394,6541.140983606558,5978.122950819672,5600.996721311476,4691.544262295081,5941.391803278688,6671.872131147542,5475.211475409836
RMNP,RMNP_026,Rocky Mountains NEON,distributed,-105.532299,40.165218,2752.92,7431.518821603928,7582.577741407529,7257.599018003274,6712.4860883797055,5735.702127659575,7027.104746317513,7752.679214402619,6389.324058919804
RMNP,RMNP_027,Rocky Mountains NEON,distributed,-105.462776,40.199842,2694.09,5680.295751633987,6000.196078431372,5302.823529411766,5225.227124183006,4560.328431372549,5431.429738562091,5907.274509803922,4965.728758169934
RMNP,RMNP_002,Rocky Mountains NEON,distributed,-105.472276,40.197386,2677.6,7317.642156862746,7497.964052287583,6793.800653594771,6337.259803921569,5398.8709150326795,6943.0408496732025,7379.686274509803,6130.660130718955
RMNP,RMNP_028,Rocky Mountains NEON,distributed,-105.538905,40.15492,2992.84,6686.995065789474,6518.69572368421,6706.13322368421,6044.118421052632,5148.659539473685,6292.534539473684,7025.44572368421,5679.123355263158
RMNP,RMNP_029,Rocky Mountains NEON,distributed,-105.538407,40.181689,2879.3,6518.546644844518,6867.36170212766,6563.821603927987,6247.1276595744685,5206.281505728314,6345.779050736498,7020.8036006546645,5944.5204582651395
RMNP,RMNP_030,Rocky Mountains NEON,distributed,-105.472992,40.151424,2466.01,5341.978378378378,5386.2666666666655,5043.897297297297,4875.596396396396,4829.700900900901,5955.863063063062,6092.407207207208,4761.547747747747
RMNP,RMNP_003,Rocky Mountains NEON,distributed,-105.483575,40.201376,2619.33,6208.605564648119,6495.9345335515545,5982.122749590834,5924.882160392799,4686.648117839608,5975.34697217676,6600.836333878888,5305.196399345336
RMNP,RMNP_004,Rocky Mountains NEON,distributed,-105.54091,40.186823,2814.67,7182.034426229509,6828.018032786885,6970.503278688526,6290.967213114754,5308.124590163934,6400.680327868852,7160.118032786885,6162.801639344263
RMNP,RMNP_005,Rocky Mountains NEON,distributed,-105.526306,40.167943,2818.62,7413.145901639345,7492.573770491803,7066.155737704918,6557.529508196722,5641.652459016394,6772.949180327869,7382.527868852459,6424.0262295081975
RMNP,RMNP_006,Rocky Mountains NEON,distributed,-105.543533,40.158144,2942.44,7608.597039473684,7540.3125,7376.991776315789,6692.5625,5692.631578947368,7004.774671052632,7971.322368421052,6423.121710526316
RMNP,RMNP_007,Rocky Mountains NEON,distributed,-105.537712,40.18087,2862.2,6268.854316546764,6602.521582733813,6365.008992805755,6055.219424460432,5181.363309352519,6243.985611510792,7016.8974820143885,5718.44964028777
RMNP,RMNP_008,Rocky Mountains NEON,distributed,-105.529144,40.168988,2701.97,7623.570016474466,7770.649093904448,7410.619439868204,6817.579901153213,5905.497528830312,7013.125205930808,7918.825370675453,6678.434925864909
RMNP,RMNP_009,Rocky Mountains NEON,distributed,-105.481127,40.20327,2685.87,4556.230630630631,4814.252252252251,4569.322522522522,3748.333333333333,3842.7999999999997,4367.434234234234,4968.236036036035,3715.25045045045
RMNP,RMNP_041,Rocky Mountains NEON,tower,-105.546756,40.275899,2749.43,5755.219819819818,5894.225225225225,5701.135135135134,5466.832432432431,4505.891891891892,5583.74054054054,6375.063063063063,5281.416216216216
RMNP,RMNP_042,Rocky Mountains NEON,tower,-105.546345,40.276375,2747.6,4924.958558558559,4943.464864864865,4765.47927927928,4687.248648648649,3820.6360360360363,4878.135135135136,5415.100900900901,4417.839639639641
RMNP,RMNP_043,Rocky Mountains NEON,tower,-105.545384,40.276827,2740.39,5702.586885245901,5707.555737704918,5468.067213114754,5409.368852459016,4462.504918032787,5587.204918032786,6132.627868852457,5024.831147540983
RMNP,RMNP_044,Rocky Mountains NEON,tower,-105.546207,40.27733,2744.27,5213.56464811784,5127.291325695581,4968.459901800327,5282.9689034369885,4198.813420621931,5144.355155482815,5644.509001636661,4668.919803600655
RMNP,RMNP_045,Rocky Mountains NEON,tower,-105.545588,40.277348,2745.21,6033.3531531531535,6007.538738738739,5635.724324324326,5542.8450450450455,4855.466666666667,5954.616216216216,6538.628828828831,5074.100900900901
RMNP,RMNP_046,Rocky Mountains NEON,tower,-105.544991,40.277341,2738.36,5094.435855263159,5187.261513157895,4782.6151315789475,4898.679276315791,4313.04605263158,5106.292763157896,5500.391447368423,4313.286184210528
RMNP,RMNP_048,Rocky Mountains NEON,tower,-105.545649,40.278475,2745.21,4909.1573770491805,4827.495081967213,4687.418032786885,4484.52131147541,3730.9147540983613,4658.495081967213,5294.537704918032,4148.949180327869
RMNP,RMNP_049,Rocky Mountains NEON,tower,-105.545085,40.278386,2741.28,3815.043103448276,3693.6224137931035,3719.529310344827,3375.798275862069,3096.5275862068966,3802.2948275862072,4165.6534482758625,3061.2586206896553
JORN,JORN_010,Jornada Experimental Range NEON,distributed,-106.847936,32.628336,1331.7,341.6906474820144,414.80935251798564,155.24820143884892,229.71942446043167,306.4262589928058,357.40287769784175,414.1097122302159,59.492805755395686
JORN,JORN_011,Jornada Experimental Range NEON,distributed,-106.793774,32.606695,1325.42,282.20295202952025,363.71402214022135,118.05350553505535,179.25645756457564,254.81365313653131,328.7878228782287,362.30258302583024,25.527675276752767
JORN,JORN_012,Jornada Experimental Range NEON,distributed,-106.81411,32.617485,1328.41,311.372513562387,395.96745027124774,141.77757685352623,206.60578661844485,295.31464737793857,336.26401446654614,400.13924050632914,20.8878842676311
JORN,JORN_013,Jornada Experimental Range NEON,distributed,-106.862029,32.630842,1332.67,338.36978131212726,410.90258449304173,173.9363817097416,1062.2127236580518,313.6083499005964,403.7554671968191,405.1451292246521,1061.057654075547
JORN,JORN_001,Jornada Experimental Range NEON,distributed,-106.802046,32.60493,1323.42,299.75,382.5652173913043,123.9927536231884,193.80072463768113,298.8097826086956,361.66485507246375,396.9402173913043,23.583333333333332
JORN,JORN_014,Jornada Experimental Range NEON,distributed,-106.819454,32.596034,1323.71,355.0433996383363,381.0596745027125,134.8625678119349,189.75226039783,344.94936708860763,379.84448462929475,395.51537070524415,30.408679927667276
JORN,JORN_015,Jornada Experimental Range NEON,distributed,-106.856854,32.610623,1321.71,347.9168173598553,348.5479204339964,127.41229656419529,189.37251356238696,299.5696202531645,385.8679927667269,372.1247739602169,13.938517179023508
JORN,JORN_016,Jornada Experimental Range NEON,distributed,-106.806665,32.595944,1325.48,335.1607142857143,402.3769841269841,137.21825396825395,215.15277777777777,350.0912698412699,392.0138888888889,400.75,23.75595238095238
JORN,JORN_017,Jornada Experimental Range NEON,distributed,-106.850086,32.60857,1321.12,369.2763157894737,362.75563909774434,159.19924812030075,197.89285714285714,322.7424812030075,399.93609022556393,376.30451127819543,22.357142857142854
JORN,JORN_018,Jornada Experimental Range NEON,distributed,-106.844913,32.620814,1322.77,342.463063063063,372.29729729729723,147.63603603603605,198.19459459459455,291.1171171171171,357.8756756756756,386.54954954954945,0
JORN,JORN_019,Jornada Experimental Range NEON,distributed,-106.865294,32.60073,1331.09,391.4353612167299,370.97718631178697,151.6520912547528,1175.0608365019007,384.88022813688207,463.8517110266158,389.69581749049416,1302.2205323193914
JORN,JORN_020,Jornada Experimental Range NEON,distributed,-106.844083,32.597035,1317.33,411.4303797468354,392.53887884267624,135.90415913200724,194.48462929475585,399.17540687160937,412.76672694394205,379.82278481012656,47.76491862567811
JORN,JORN_021,Jornada Experimental Range NEON,distributed,-106.85767,32.620084,1331.76,337.51268115942025,374.5072463768117,151.1413043478261,220.79347826086956,285.3278985507246,351.3532608695652,400.53623188405805,83.05072463768117
JORN,JORN_022,Jornada Experimental Range NEON,distributed,-106.804147,32.582444,1322.35,338.69746376811594,422.2246376811593,129.40217391304347,181.89673913043472,336.9365942028985,378.6702898550724,399.99637681159413,18.577898550724637
JORN,JORN_023,Jornada Experimental Range NEON,distributed,-106.816156,32.622325,1328.79,300.21212121212113,358.37689393939394,145.86363636363635,202.71969696969697,258.6193181818182,308.24810606060606,385.23295454545456,23.064393939393934
JORN,JORN_024,Jornada Experimental Range NEON,distributed,-106.828499,32.601842,1323.89,343.3582375478927,384.55363984674324,140.70881226053635,173.2643678160919,329.99999999999994,358.0613026819923,377.0344827586206,62.582375478927204
JORN,JORN_025,Jornada Experimental Range NEON,distributed,-106.860893,32.60515,1326.61,389.9602169981916,383.60216998191675,146.82097649186252,196.94575045207952,343.5117540687161,436.83544303797464,408.16636528028926,23.56781193490054
JORN,JORN_026,Jornada Experimental Range NEON,distributed,-106.830119,32.602092,1323.36,344.0649819494585,374.52707581227435,139.9025270758123,182.75631768953068,332.10649819494586,343.4458483754513,389.28880866425993,65.32851985559567
JORN,JORN_027,Jornada Experimental Range NEON,distributed,-106.830886,32.622379,1332.01,363.57564575645756,372.56642066420665,151.0129151291513,1130.4151291512915,355.68819188191884,368.73985239852396,384.0332103321033,1160.0258302583024
JORN,JORN_028,Jornada Experimental Range NEON,distributed,-106.814725,32.583104,1322.72,361.9961832061068,406.7690839694656,122.82442748091603,166.93511450381675,331.50572519083966,373.1297709923664,392.55725190839684,4.253816793893129
JORN,JORN_029,Jornada Experimental Range NEON,distributed,-106.80704,32.615142,1327.03,303.9980430528376,393.38747553816046,142.0880626223092,206.7279843444227,278.986301369863,335.95694716242656,382.72798434442274,26.547945205479454
JORN,JORN_030,Jornada Experimental Range NEON,distributed,-106.859794,32.599449,1330.27,398.9188118811881,365.5485148514851,148.84356435643565,817.7841584158415,446.9386138613861,463.8059405940594,400.0356435643564,810.8871287128713
JORN,JORN_002,Jornada Experimental Range NEON,distributed,-106.826155,32.611356,1328.24,313.34909090909093,379.6636363636364,121.46545454545456,174.22545454545457,294.6909090909091,335.08,387.89454545454555,11.85818181818182
JORN,JORN_003,Jornada Experimental Range NEON,distributed,-106.838099,32.600614,1321.11,374.18918918918916,378.4108108108108,144.40180180180178,1175.4252252252254,372.41981981981974,397.47747747747746,378.8684684684684,1178.124324324324
JORN,JORN_004,Jornada Experimental Range NEON,distributed,-106.86076,32.630328,1331.61,356.53417266187057,416.6420863309353,170.67985611510792,227.16187050359713,313.8651079136691,391.2751798561151,406.25539568345323,45.28776978417265
JORN,JORN_005,Jornada Experimental Range NEON,distributed,-106.803388,32.575696,1323.45,321.28827037773357,367.62624254473155,111.02982107355864,668.2445328031808,343.10337972166997,338.0914512922465,384.89264413518885,584.9860834990059
JORN,JORN_006,Jornada Experimental Range NEON,distributed,-106.82446,32.590562,1323.18,360.5280289330921,377.4050632911392,140.39963833634718,190.72151898734177,307.17902350813745,348.56057866184443,373.1030741410488,14.745027124773959
JORN,JORN_007,Jornada Experimental Range NEON,distributed,-106.856765,32.607919,1323.47,357.6888489208634,380.35791366906483,131.1834532374101,184.3237410071943,304.408273381295,385.6474820143886,388.9226618705037,4.214028776978417
JORN,JORN_008,Jornada Experimental Range NEON,distributed,-106.797359,32.593905,1319.95,286.5830324909747,375.54332129963893,112.45487364620938,189.72021660649824,272.9115523465704,325.70036101083036,389.5415162454874,27.72382671480145
JORN,JORN_009,Jornada Experimental Range NEON,distributed,-106.83769,32.611448,1326.72,359.618444846293,388.0108499095842,139.27124773960216,152.84267631103077,361.7197106690778,371.0452079566004,374.1790235081375,70.05244122965644
JORN,JORN_042,Jornada Experimental Range NEON,tower,-106.840435,32.590028,1319.98,468.67148014440426,403.42057761732843,163.41877256317687,249.6299638989169,414.05234657039705,416.50902527075806,395.65523465703967,115.46209386281586
JORN,JORN_044,Jornada Experimental Range NEON,tower,-106.841383,32.589481,1323.23,458.8286252354049,402.8549905838042,167.47457627118644,243.66854990583803,429.20338983050846,435.2071563088512,390.7231638418079,93.07344632768361
JORN,JORN_045,Jornada Experimental Range NEON,tower,-106.84334,32.592144,1321.92,439.6155234657039,394.4241877256318,160.7184115523466,224.38267148014438,390.17328519855596,414.47653429602883,378.3176895306859,75.26353790613717
JORN,JORN_047,Jornada Experimental Range NEON,tower,-106.843322,32.591348000000004,1322.58,431.21338155515366,405.64556962025324,167.02712477396022,229.97649186256783,394.6437613019891,416.96745027124774,371.8860759493671,80.59493670886076
SRER,SRER_001,Santa Rita Experimental Range NEON,distributed,-110.818853,31.862142,1172.14,703.436873747495,424.29258517034066,690.8376753507015,936.1963927855712,648.931863727455,792.7334669338677,1149.4228456913827,190.01603206412827
SRER,SRER_009,Santa Rita Experimental Range NEON,distributed,-110.83473,31.844582,1145.24,822.7459165154265,367.35753176043556,693.7313974591652,864.9437386569874,648.9872958257713,797.410163339383,1123.7640653357532,0
SRER,SRER_010,Santa Rita Experimental Range NEON,distributed,-110.909297,31.800537,1042.66,226.30363636363637,20.04909090909091,307.71272727272725,476.44181818181823,259.4200000000001,391.03454545454554,616.8072727272728,0
SRER,SRER_011,Santa Rita Experimental Range NEON,distributed,-110.870885,31.845427,1051.23,351.8254545454546,60.667272727272724,309.7345454545455,492.7854545454546,291.2418181818182,455.1309090909091,726.9818181818182,0
SRER,SRER_012,Santa Rita Experimental Range NEON,distributed,-110.85024,31.870053,1046.51,217.56363636363636,85.74181818181819,356.0981818181818,568.2763636363637,314.04727272727274,439.56545454545454,675.6872727272728,0
SRER,SRER_013,Santa Rita Experimental Range NEON,distributed,-110.893755,31.809753,1066.65,290.23034734917735,0.541133455210238,284.8848263254113,434.80987202925047,339.22669104204755,429.3510054844607,672.7970749542962,0
SRER,SRER_014,Santa Rita Experimental Range NEON,distributed,-110.887014,31.874117,963.83,0,0,46.35753176043557,273.91288566243196,122.08166969147007,227.89655172413796,510.93103448275866,0
SRER,SRER_015,Santa Rita Experimental Range NEON,distributed,-110.804726,31.794211,1384.32,1879.1876138433515,1308.409836065574,1988.3551912568307,2065.1602914389805,1405.9526411657562,1852.001821493625,2468.5154826958105,696.0819672131147
SRER,SRER_016,Santa Rita Experimental Range NEON,distributed,-110.847005,31.905498,977.65,184.4426559356137,42.46478873239436,232.73038229376255,354.87323943661966,188.21730382293762,338.3521126760563,548.5271629778672,0
SRER,SRER_017,Santa Rita Experimental Range NEON,distributed,-110.889228,31.892821,925.76,0,0,1.41970802919708,229.029197080292,63.12773722627738,167.08576642335768,408.7664233576643,0
SRER,SRER_018,Santa Rita Experimental Range NEON,distributed,-110.908251,31.897965,898.22,0,0,0,89.4375,0,69.28492647058823,316.608455882353,0
SRER,SRER_019,Santa Rita Experimental Range NEON,distributed,-110.843902,31.860538,1085.64,532.1651376146789,199.548623853211,474.6220183486239,674.3302752293579,447.89357798165133,572.3045871559632,874.2807339449541,0
SRER,SRER_020,Santa Rita Experimental Range NEON,distributed,-110.87637,31.772365,1165.17,690.6766467065869,416.8223552894212,755.3832335329341,808.0638722554892,687.5848303393215,890.5648702594813,1244.884231536926,0
SRER,SRER_021,Santa Rita Experimental Range NEON,distributed,-110.855741,31.790996,1184.53,663.2429149797571,421.88866396761125,875.740890688259,1004.0161943319837,700.1194331983805,896.1801619433197,1241.054655870445,101.03238866396761
SRER,SRER_022,Santa Rita Experimental Range NEON,distributed,-110.96285,31.821406,929.21,55.64663023679416,0,69.14025500910745,186.0765027322404,17.302367941712202,110.89799635701273,228.33879781420765,0
SRER,SRER_023,Santa Rita Experimental Range NEON,distributed,-110.857874,31.852737,1062.54,439.6460980036298,86.17422867513612,371.19782214156083,521.0399274047187,357.8638838475499,482.2068965517242,775.9092558983666,0
SRER,SRER_024,Santa Rita Experimental Range NEON,distributed,-110.806586,31.813686,1326.63,1425.879781420765,977.7194899817852,1428.0637522768668,1556.5719489981784,980.9143897996356,1370.672131147541,1864.0619307832424,475.2021857923498
SRER,SRER_025,Santa Rita Experimental Range NEON,distributed,-110.922617,31.775902,1063.91,157.24137931034485,57.91288566243194,414.60072595281304,491.00544464609806,339.21052631578954,558.5009074410164,666.7313974591652,0
SRER,SRER_026,Santa Rita Experimental Range NEON,distributed,-110.84364,31.833493,1157.94,753.4499089253188,308.2440801457196,670.0255009107468,904.216757741348,577.5992714025501,759.8524590163934,1046.1530054644809,0
SRER,SRER_027,Santa Rita Experimental Range NEON,distributed,-110.829981,31.851347,1153.57,767.869090909091,412.3781818181818,767.7781818181819,903.1581818181819,614.529090909091,790.8454545454545,1123.507272727273,32.39818181818182
SRER,SRER_002,Santa Rita Experimental Range NEON,distributed,-110.856598,31.870334,1031.97,275.1693989071038,76.4007285974499,279.9981785063752,433.7814207650274,276.5209471766849,427.6684881602915,661.3715846994534,0
SRER,SRER_028,Santa Rita Experimental Range NEON,distributed,-110.899073,31.878484,939.38,14.939879759519037,0,57.39679358717435,174.3607214428858,36.93587174348697,155.36673346693385,377.83366733466937,0
SRER,SRER_029,Santa Rita Experimental Range NEON,distributed,-110.867364,31.874124,996.38,47.73321234119782,1.851179673321234,263.59165154264974,449.6424682395644,229.18148820326675,343.54083484573493,613.5245009074409,0
SRER,SRER_030,Santa Rita Experimental Range NEON,distributed,-110.831773,31.91362,998.41,270.93360160965796,86.8169014084507,330.55331991951715,446.48893360160974,210.8088531187123,346.3863179074447,571.754527162978,0
SRER,SRER_003,Santa Rita Experimental Range NEON,distributed,-110.917189,31.840609,974.47,154.2867513611615,0,129.10889292196006,215.94918330308528,113.12159709618874,190.18693284936478,389.573502722323,0
SRER,SRER_004,Santa Rita Experimental Range NEON,distributed,-110.815262,31.906778,1044.51,319.8496993987976,126.43887775551102,431.2585170340681,593.2204408817635,345.8356713426854,483.52705410821636,720.9258517034068,0.955911823647295
SRER,SRER_005,Santa Rita Experimental Range NEON,distributed,-110.823985,31.828844,1261.12,950.9289617486339,607.5828779599273,990.9471766848817,1224.9672131147543,826.4553734061932,1128.0746812386158,1496.2386156648454,237.18761384335156
SRER,SRER_006,Santa Rita Experimental Range NEON,distributed,-110.910239,31.795656,1048.6,155.7087912087912,11.150183150183151,294.1098901098901,521.5659340659341,306.2783882783883,412.9175824175824,705.5641025641024,0
SRER,SRER_007,Santa Rita Experimental Range NEON,distributed,-110.874932,31.897668,938.08,0,0,83.88848263254113,198.66910420475318,120.0109689213894,211.15722120658134,346.0530164533821,0
SRER,SRER_008,Santa Rita Experimental Range NEON,distributed,-110.81472,31.867013,1177.21,714.1402550091074,380.68670309653913,867.9544626593806,969.8342440801456,633.4826958105646,802.1930783242257,1137.95810564663,188.15846994535517
SRER,SRER_052,Santa Rita Experimental Range NEON,tower,-110.833359,31.909531,1002.25,307.912568306011,99.38615664845173,318.21675774134786,448.3570127504554,272.3351548269581,407.3151183970856,639.9799635701274,0
SRER,SRER_053,Santa Rita Experimental Range NEON,tower,-110.835912,31.909824,996.69,300.6539162112933,90.82331511839709,292.7540983606558,414.00546448087437,252.10200364298726,363.11657559198545,612.6411657559199,0
SRER,SRER_054,Santa Rita Experimental Range NEON,tower,-110.834628,31.9117,995.53,247.20181818181817,50.88181818181819,298.69272727272727,435.56000000000006,231.6509090909091,351.5054545454545,626.4581818181819,0
SRER,SRER_055,Santa Rita Experimental Range NEON,tower,-110.835571,31.908716,997.61,278.73818181818183,105.36363636363637,304.7254545454545,437.4018181818182,253.56181818181818,355.98,616.6,0
SRER,SRER_056,Santa Rita Experimental Range NEON,tower,-110.834623,31.909547,999.84,333.1208791208792,106.30219780219782,307.97069597069594,437.84615384615387,277.3278388278389,399.54395604395603,637.4468864468865,0
SRER,SRER_057,Santa Rita Experimental Range NEON,tower,-110.835883,31.911574,994.14,295.3152173913044,77.08152173913044,245.91666666666666,389.7826086956522,239.02173913043478,360.125,596.8641304347826,0
SRER,SRER_044,Santa Rita Experimental Range NEON,tower,-110.837172,31.912792,989.72,269.8793418647167,44.46983546617916,249.38025594149912,373.92504570383915,197.72943327239489,313.9780621572212,532.2851919561243,0
SRER,SRER_058,Santa Rita Experimental Range NEON,tower,-110.832717,31.910884,999.98,215.54909819639275,67.49899799599199,291.99999999999994,412.20040080160317,211.92785571142284,340.30060120240483,601.0300601202404,0
SRER,SRER_045,Santa Rita Experimental Range NEON,tower,-110.833349,31.911703,997.82,238.65154264972782,50.0453720508167,302.5117967332124,430.6787658802178,210.4410163339383,328.7713248638839,585.1306715063522,0
SRER,SRER_046,Santa Rita Experimental Range NEON,tower,-110.837484,31.91142,990.91,279.6630236794171,82.36612021857923,232.30601092896174,361.11475409836066,216.85974499089255,332.3661202185792,546.1329690346084,0
SRER,SRER_047,Santa Rita Experimental Range NEON,tower,-110.838435,31.910358,990.6,276.9744058500914,79.62157221206583,255.10968921389397,363.1389396709323,224.72760511882996,336.8702010968922,556.9414990859233,0
SRER,SRER_048,Santa Rita Experimental Range NEON,tower,-110.835872,31.912989,991.05,277.80145719489985,92.42440801457195,301.11111111111114,410.52094717668484,249.22768670309657,366.24954462659383,613.6138433515482,0
SRER,SRER_059,Santa Rita Experimental Range NEON,tower,-110.833992,31.910636,998.2,251.67513611615243,86.14882032667879,294.7078039927405,435.7313974591652,239.28130671506352,356.99455535390194,630.0308529945554,0
SRER,SRER_049,Santa Rita Experimental Range NEON,tower,-110.836829,31.908475,996.45,309.1270417422868,124.71869328493649,277.0617059891107,412.44646098003636,242.03085299455537,346.86388384754986,588.831215970962,0
SRER,SRER_050,Santa Rita Experimental Range NEON,tower,-110.833989,31.908444,1002.21,285.16483516483515,115.41575091575093,300.80586080586085,456.6373626373626,252.2197802197802,352.9047619047619,612.7564102564103,0
SRER,SRER_051,Santa Rita Experimental Range NEON,tower,-110.838125,31.909262,992.85,286.84335154826954,105.775956284153,269.183970856102,404.5009107468124,248.36247723132968,330.7559198542804,566.6357012750454,0
SRER,SRER_042,Santa Rita Experimental Range NEON,tower,-110.833981,31.912777,994.64,264.7096774193549,72.45766129032259,317.24193548387103,416.0201612903226,240.81653225806454,343.22177419354847,593.0181451612904,0
SRER,SRER_043,Santa Rita Experimental Range NEON,tower,-110.837175,31.910099,993.4,281.67454545454547,85.75090909090909,261.74363636363637,386.8018181818182,241.05090909090907,348.34000000000003,582.4545454545455,0
ONAQ,ONAQ_017,Onaqui NEON,distributed,-112.51523,40.190515,1885.96,3838.9184339314847,3885.582381729201,3343.287112561175,2392.394779771615,3027.9200652528552,3698.528548123981,3910.411092985319,1700.241435562806
ONAQ,ONAQ_028,Onaqui NEON,distributed,-112.532581,40.163267,1895.23,3614.7414075286415,3572.6513911620295,3239.382978723405,3560.7103109656305,2955.8248772504094,3654.8674304418987,3770.2422258592474,2821.2520458265144
ONAQ,ONAQ_009,Onaqui NEON,distributed,-112.471249,40.160802,1671.27,618.9457236842105,679.6151315789473,445.32730263157896,728.2368421052631,516.1036184210526,594.3914473684209,712.2746710526314,366.1907894736842
ONAQ,ONAQ_010,Onaqui NEON,distributed,-112.497129,40.201043,1903.67,3623.73835125448,3497.820788530466,3077.910394265233,3527.8154121863795,2704.901433691756,3509.6648745519715,3807.670250896057,2843.6379928315405
ONAQ,ONAQ_011,Onaqui NEON,distributed,-112.456226,40.150745,1618.23,700.8445171849426,752.2896890343698,494.6808510638298,954.8985270049099,582.2160392798689,747.4468085106382,825.8134206219311,405.35679214402614
ONAQ,ONAQ_073,Onaqui NEON,distributed,-112.512553,40.1811,1848.14,3661.8153310104526,3783.4076655052263,3231.0278745644596,2036.3641114982574,3009.862369337979,3564.684668989547,3726.24912891986,1602.7874564459933
ONAQ,ONAQ_012,Onaqui NEON,distributed,-112.529544,40.184944,2054.43,4121.025270758123,3994.1588447653426,3518.3628158844763,3837.4314079422384,3128.8700361010833,3896.202166064982,4159.942238267148,3108.4025270758125
ONAQ,ONAQ_014,Onaqui NEON,distributed,-112.448966,40.206496,1646.31,881.7920792079208,762.2508250825083,589.2953795379539,997.7211221122112,661.927392739274,950.0099009900991,976.0990099009903,417.1105610561056
ONAQ,ONAQ_002,Onaqui NEON,distributed,-112.464547,40.193323,1688,777.8747940691927,832.9225700164745,586.8780889621088,863.2899505766063,637.1565074135091,816.1927512355849,838.1004942339374,435.3756177924217
ONAQ,ONAQ_015,Onaqui NEON,distributed,-112.478445,40.151789,1662.66,711.2631578947369,724.453947368421,498.68092105263156,919.3157894736843,536.7236842105262,735.0871710526316,829.3125,380.84375
ONAQ,ONAQ_016,Onaqui NEON,distributed,-112.446181,40.175178,1637.65,819.2847222222222,722.2239583333333,524.4097222222221,924.4600694444442,607.875,797.2604166666666,906.1666666666665,370.4774305555555
ONAQ,ONAQ_018,Onaqui NEON,distributed,-112.43782,40.1972,1628.78,545.9800995024874,632.0265339966832,410.90215588723044,1051.7595356550578,439.92537313432825,584.2404643449419,636.849087893864,648.73631840796
ONAQ,ONAQ_019,Onaqui NEON,distributed,-112.482459,40.175284,1731.51,772.5279605263157,835.3832236842104,567.5921052631579,890.5624999999997,685.4917763157893,794.0937499999999,897.1776315789472,452.10197368421046
ONAQ,ONAQ_021,Onaqui NEON,distributed,-112.542592,40.154244,1903,3163.2929623567916,3181.878887070377,2852.4484451718495,1886.9558101472994,2498.870703764321,3084.5450081833064,3280.481178396072,1373.3044189852699
ONAQ,ONAQ_003,Onaqui NEON,distributed,-112.430276,40.205921,1610.86,597.5459016393443,604.6754098360655,402.01475409836064,762.6786885245903,444.66393442622956,614.977049180328,657.6114754098361,422.03442622950826
ONAQ,ONAQ_022,Onaqui NEON,distributed,-112.470016,40.1703,1688.28,685.1882160392801,752.4042553191491,487.27659574468095,862.9443535188219,604.4517184942717,703.301145662848,774.7692307692308,396.52536824877257
ONAQ,ONAQ_023,Onaqui NEON,distributed,-112.505431,40.193889,1862.69,2857.578253706754,2855.0329489291594,2479.5074135090604,1273.0675453047775,2310.8237232289944,2812.9341021416803,3022.0576606260292,816.1976935749586
ONAQ,ONAQ_024,Onaqui NEON,distributed,-112.485306,40.160104,1693.15,660.9983606557378,722.2131147540983,474.43442622950823,1080.6409836065575,572.644262295082,718.9065573770492,781.0377049180328,789.2213114754098
ONAQ,ONAQ_025,Onaqui NEON,distributed,-112.538881,40.145346,1826.12,2940.31914893617,2664.599018003273,2260.3126022913257,1418.1080196399346,3456.4795417348605,4085.7954173486096,2304.937806873977,724.2094926350246
ONAQ,ONAQ_026,Onaqui NEON,distributed,-112.44878,40.164881,1635.44,617.2826797385621,697.8267973856209,443.92810457516333,746.0539215686275,513.874183006536,606.3905228758169,722.4460784313726,340.4117647058824
ONAQ,ONAQ_004,Onaqui NEON,distributed,-112.47248,40.185938,1713.67,849.9099836333878,917.7037643207855,655.7692307692307,967.368248772504,759.4124386252045,858.3927986906709,942.256955810147,489.9787234042552
ONAQ,ONAQ_027,Onaqui NEON,distributed,-112.470078,40.18922,1703.76,835.2456140350877,859.719298245614,634.9912280701755,954.9122807017544,731.7456140350877,869.9824561403508,933.9912280701753,485.140350877193
ONAQ,ONAQ_029,Onaqui NEON,distributed,-112.473217,40.219718,1734.11,2207.5065146579805,2155.693811074919,1855.5895765472314,990.7263843648209,1825.6058631921826,2178.553745928339,2234.8615635179153,506.4592833876222
ONAQ,ONAQ_005,Onaqui NEON,distributed,-112.431854,40.180775,1614.35,576.2990033222593,563.9933554817278,360.56146179402003,710.217607973422,394.8953488372094,502.84717607973437,626.2757475083057,253.11295681063126
ONAQ,ONAQ_030,Onaqui NEON,distributed,-112.513697,40.201643,1956.76,3867.7768729641693,3876.503257328991,3290.4201954397395,3026.925081433225,2944.7345276872966,3670.552117263844,3847.0765472312705,2347.3615635179153
ONAQ,ONAQ_031,Onaqui NEON,distributed,-112.523903,40.184453,1970.62,4611.727868852459,4583.740983606557,3947.6032786885244,4490.359016393441,3593.6508196721306,4447.201639344263,4640.039344262294,3570.9409836065574
ONAQ,ONAQ_007,Onaqui NEON,distributed,-112.467435,40.212498,1705.52,828.6954954954954,815.4,604.8072072072072,1060.9963963963964,644.5333333333332,855.2486486486484,891.6954954954955,531.5891891891891
ONAQ,ONAQ_008,Onaqui NEON,distributed,-112.521574,40.15854,1795.94,2507.7639123102867,2475.8043844856657,2062.1989881956156,1116.274873524452,2595.254637436762,2967.8431703204046,2423.3305227655983,641.5362563237774
ONAQ,ONAQ_032,Onaqui NEON,distributed,-112.537959,40.152364,1873.06,3020.58178752108,3132.8667790893765,2766.465430016864,1347.956155143339,2470.3608768971335,2981.441821247892,3172.4789207419904,849.5446880269815
ONAQ,ONAQ_020,Onaqui NEON,distributed,-112.43611,40.182614,1625.77,545.1959459459458,547.1317567567568,358.9138513513513,648.6469594594595,394.92060810810807,487.768581081081,622.9881756756757,274.71114864864865
ONAQ,ONAQ_043,Onaqui NEON,tower,-112.456712,40.17372,1657.99,662.9660441426145,699.3853989813243,465.0237691001697,775.6994906621392,532.881154499151,696.7351443123938,801.6061120543293,372.427843803056
ONAQ,ONAQ_041,Onaqui NEON,tower,-112.45284,40.174021,1650.67,779.5669934640523,686.1127450980392,519.3709150326798,876.6764705882354,576.0359477124183,766.1209150326799,890.4722222222222,379.90686274509807
ONAQ,ONAQ_042,Onaqui NEON,tower,-112.456785,40.176674,1663.67,721.5032679738563,694.7679738562092,518.5866013071895,839.8578431372549,590.516339869281,756.8006535947712,862.9754901960785,382.702614379085
ONAQ,ONAQ_044,Onaqui NEON,tower,-112.453933,40.175366,1655.08,710.5403624382208,642.4135090609554,507.512355848435,822.8879736408568,579.003294892916,718.3624382207579,810.331136738056,356.7561779242175
STEI,STEI_004,Steigerwaldt-Chequamegon NEON,distributed,-90.064162,45.797883,508.37,8404.08256880734,8346.821100917432,7706.206422018349,8093.1987767584105,6066.860856269112,7795.1880733944945,8401.209480122325,8272.701834862386
STEI,STEI_002,Steigerwaldt-Chequamegon NEON,distributed,-90.092307,45.797373,524.31,8757.300160513643,8400.187800963082,7998.483146067415,8257.04654895666,6138.898876404493,7891.141252006421,8448.396468699839,8478.775280898875
STEI,STEI_007,Steigerwaldt-Chequamegon NEON,distributed,-90.053927,45.793824,514.66,8248.056748466257,8308.245398773006,7682.4079754601235,8096.461656441719,5993.197852760737,7784.161042944786,8246.710122699387,8226.64417177914
STEI,STEI_010,Steigerwaldt-Chequamegon NEON,distributed,-90.104117,45.787642,530.13,8734.856697819312,8378.140186915887,7988.146417445482,8208.63551401869,6155.677570093457,7842.294392523364,8432.626168224298,8531.045171339561
STEI,STEI_011,Steigerwaldt-Chequamegon NEON,distributed,-90.074576,45.804887,521.79,8409.990415335464,8319.170926517572,7661.867412140576,8184.233226837061,6120.496805111821,7792.8578274760375,8239.742811501597,8102.85303514377
STEI,STEI_012,Steigerwaldt-Chequamegon NEON,distributed,-90.048067,45.785871,523.44,8394.101644245142,8373.717488789238,7729.01644245142,8229.77279521674,6008.170403587444,7910.698056801196,8363.322869955156,8238.076233183856
STEI,STEI_013,Steigerwaldt-Chequamegon NEON,distributed,-90.071973,45.792821000000004,509.9,8404.372990353697,8370.692926045014,7852.4855305466235,8202.855305466237,6046.139871382637,7902.789389067523,8367.175241157556,8277.440514469452
STEI,STEI_014,Steigerwaldt-Chequamegon NEON,distributed,-90.06827,45.816395,498.18,8547.577160493827,8160.586419753088,7757.043209876544,8124.80864197531,5925.6790123456785,7755.632716049382,8246.37037037037,8261.597222222224
STEI,STEI_016,Steigerwaldt-Chequamegon NEON,distributed,-90.096476,45.795919,516.04,8672.89825119237,8528.818759936406,8034.893481717009,8418.817170111288,6048.157392686804,7970.046104928457,8493.944356120825,8400.637519872815
STEI,STEI_005,Steigerwaldt-Chequamegon NEON,distributed,-90.086208,45.826442,500.28,8642.307565789473,8362.822368421053,7740.682565789474,8179.991776315788,6042.58552631579,7839.5098684210525,8436.516447368422,8295.552631578947
STEI,STEI_006,Steigerwaldt-Chequamegon NEON,distributed,-90.078389,45.817458,507.56,8554.42089552239,8278.72537313433,7806.326865671643,8148.097014925373,6045.826865671642,7811.502985074627,8248.535820895522,8279.186567164179
STEI,STEI_015,Steigerwaldt-Chequamegon NEON,distributed,-90.099612,45.810959,511.58,8435.784753363228,8316.992526158445,7790.720478325859,8021.8355754858,6090.011958146488,7838.627802690585,8369.735426008969,8263.020926756353
STEI,STEI_001,Steigerwaldt-Chequamegon NEON,distributed,-90.092743,45.812246,505.92,8464.568011958148,8349.795216741406,7834.551569506729,8036.745889387145,5999.745889387146,7856.3109118086695,8399.913303437968,8162.32585949178
STEI,STEI_009,Steigerwaldt-Chequamegon NEON,distributed,-90.089055,45.82204,506.03,8725.358006042296,8506.63897280967,7834.549848942598,8309.54078549849,6084.342900302115,7873.744712990936,8534.108761329306,8469.891238670694
STEI,STEI_017,Steigerwaldt-Chequamegon NEON,distributed,-90.073207,45.822227,509.86,8589.989096573208,8263.218068535825,7706.7009345794395,8173.72585669782,6018.82554517134,7772.557632398754,8351.548286604362,8267.031152647976
STEI,STEI_018,Steigerwaldt-Chequamegon NEON,distributed,-90.074154,45.797067,515.29,8405.277243589746,8281.578525641027,7712.227564102564,8131.368589743591,6068.777243589744,7831.250000000001,8370.924679487181,8211.764423076924
STEI,STEI_019,Steigerwaldt-Chequamegon NEON,distributed,-90.074786,45.829715,491.21,8818.193958664546,8836.499205087439,8160.607313195548,8580.190779014309,6698.236883942765,8279.759936406994,8707.259141494435,8656.014308426073
STEI,STEI_003,Steigerwaldt-Chequamegon NEON,distributed,-90.072607,45.82494,502.42,8549.398800599702,8279.065967016493,7834.265367316343,8167.77211394303,6043.677661169417,7803.938530734634,8337.89055472264,8257.871064467767
STEI,STEI_046,Steigerwaldt-Chequamegon NEON,tower,-89.586589,45.504592,470.8,8535.598437499999,8478.284375,7651.826562500001,8436.745312500001,6107.726562499999,7685.2328124999995,8530.125,8432.404687499999
STEI,STEI_052,Steigerwaldt-Chequamegon NEON,tower,-89.588542,45.505085,467.36,8265.093093093094,8326.424924924926,7526.279279279278,8310.024024024022,5989.304804804805,7426.127627627626,8258.334834834835,8284.671171171172
STEI,STEI_053,Steigerwaldt-Chequamegon NEON,tower,-89.587394,45.505661,471.69,3822.9924812030076,4153.413533834587,3232.1759398496233,8286.572932330826,2386.362406015038,3776.051127819549,4050.685714285714,8354.986466165414
STEI,STEI_055,Steigerwaldt-Chequamegon NEON,tower,-89.588862,45.504019,467.44,8258.851330203444,8161.461658841941,7502.895148669797,7930.920187793426,6268.4647887323945,7308.491392801252,8036.250391236307,8076.50704225352
STEI,STEI_056,Steigerwaldt-Chequamegon NEON,tower,-89.587891,45.50752,475.35,8062.981651376149,7960.588685015291,7278.483180428136,8041.862385321102,5622.168195718656,7374.570336391437,7963.440366972477,7927.978593272173
STEI,STEI_051,Steigerwaldt-Chequamegon NEON,tower,-89.585001,45.503823,470.79,8587.264274061992,8442.73246329527,7685.473083197389,8413.36541598695,6179.323001631322,7810.404567699837,8467.539967373574,8474.848287112562
STEI,STEI_048,Steigerwaldt-Chequamegon NEON,tower,-89.587196,45.509453,474.2,4669.800643086817,4827.393890675241,4132.440514469455,8360.091639871383,3506.3987138263674,4440.757234726688,4794.665594855306,8343.961414790998
TREE,TREE_060,Treehaven NEON,distributed,-89.568055,45.498289,464.55,8464.918711656443,8399.835889570553,7647.55674846626,8384.848159509203,6338.766871165645,7759.141104294479,8481.817484662577,8320.938650306749
TREE,TREE_006,Treehaven NEON,distributed,-89.551228,45.491627,466.21,8859.08414239482,8328.165048543688,7619.4401294498375,7870.825242718447,6733.351132686084,8024.18932038835,8689.540453074433,7869.923948220065
TREE,TREE_007,Treehaven NEON,distributed,-89.557229,45.496911,456.69,7952.545597484276,7958.066037735848,7408.658805031446,4642.022012578616,5902.738993710693,7572.712264150943,8163.982704402516,4296.603773584906
TREE,TREE_010,Treehaven NEON,distributed,-89.56329,45.494884,463.83,8256.920420420422,8180.343843843844,7467.343843843844,8109.016516516518,5710.545045045045,7480.945945945947,8187.786786786785,7820.01201201201
TREE,TREE_014,Treehaven NEON,distributed,-89.569452,45.486646,454.93,8682.114886731393,8638.655339805826,7824.275080906149,8490.551779935275,6493.907766990291,7958.830097087379,8616.12783171521,8222.593851132688
TREE,TREE_016,Treehaven NEON,distributed,-89.566391,45.495625,466.08,8256.297583081572,8168.850453172206,7540.231117824775,8178.312688821754,5908.391238670696,7640.7356495468275,8383.445619335349,7999.004531722056
TREE,TREE_017,Treehaven NEON,distributed,-89.576619,45.492422,465.83,8374.899700598802,8203.742514970061,7483.419161676647,8187.76646706587,5753.955089820361,7541.655688622756,8171.606287425151,8049.514970059882
TREE,TREE_003,Treehaven NEON,distributed,-89.577675,45.490243,464.31,8361.630744849444,8190.5087163232965,7530.293185419968,8230.630744849446,5864.15530903328,7467.43264659271,8303.939778129952,7875.324881141045
TREE,TREE_018,Treehaven NEON,distributed,-89.567838,45.493691,460.13,7176.411674347159,7254.082949308755,6152.168970814132,7755.37019969278,5344.677419354839,6949.410138248849,7328.396313364055,7794.086021505377
TREE,TREE_019,Treehaven NEON,distributed,-89.574026,45.494384,466.42,8706.728682170546,8691.8,7817.74573643411,8519.22015503876,6447.623255813953,7950.643410852714,8737.858914728682,8449.24031007752
TREE,TREE_020,Treehaven NEON,distributed,-89.560121,45.492521000000004,463.39,8129.460843373493,8116.5722891566265,7331.861445783133,8106.402108433735,5649.1972891566265,7452.718373493976,8138.227409638554,7899.359939759036
TREE,TREE_021,Treehaven NEON,distributed,-89.567981,45.496656,470.85,8151.743902439024,8122.460365853659,7621.146341463414,8140.455792682926,5951.518292682927,7420.192073170731,8292.100609756097,7820.766768292683
TREE,TREE_022,Treehaven NEON,distributed,-89.551312,45.493267,465.06,6921.071856287425,7103.498502994013,6162.375748502994,6981,5412.93113772455,6509.22005988024,7258.505988023953,6988.155688622755
TREE,TREE_023,Treehaven NEON,distributed,-89.551853,45.488111,457.42,8910.810810810808,8779.370870870871,7899.5390390390385,8611.654654654656,6675.551051051051,8101.669669669668,8769.396396396396,8663.16066066066
TREE,TREE_026,Treehaven NEON,distributed,-89.554434,45.494267,462.94,8558.24024024024,8388.055555555555,7689.719219219219,8294.361861861862,6352.28978978979,7708.162162162162,8426.07957957958,8217.78978978979
TREE,TREE_065,Treehaven NEON,distributed,-89.56224,45.497313,464.08,6860.912307692308,7061.481538461537,6048.990769230769,6954.3507692307685,5321.1461538461535,6750.047692307691,7070.673846153845,7089.543076923075
TREE,TREE_057,Treehaven NEON,tower,-89.58023,45.492749,464.47,8687.879256965945,8580.938080495354,7911.117647058824,8344.69040247678,6405.320433436533,7810.399380804954,8469.899380804954,8433.066563467492
TREE,TREE_049,Treehaven NEON,tower,-89.591026,45.493852,468.27,8416.339344262295,8208.280327868852,7556.649180327869,8074.67049180328,5890.285245901639,7503.991803278688,8046.419672131147,7853.098360655738
TREE,TREE_051,Treehaven NEON,tower,-89.593697,45.493514,462.59,8664.119354838713,8461.520967741935,7784.166129032256,8253.38064516129,6365.80483870968,7879.012903225808,8487.009677419357,8462.025806451613
TREE,TREE_053,Treehaven NEON,tower,-89.592476,45.491645,463.22,8367.140483383686,8248.506042296072,7593.788519637463,8107.135951661631,5923.268882175226,7532.128398791541,8369.696374622356,7848.043806646526
TREE,TREE_054,Treehaven NEON,tower,-89.593198,45.49057,463.05,8755.896396396396,8605.624624624625,7780.723723723722,8430.95045045045,6189.376876876876,7883.534534534533,8608.695195195194,8458.864864864865
TREE,TREE_041,Treehaven NEON,tower,-89.587995,45.494189,464.75,8383.742574257427,8178.297029702971,7553.424092409242,8116.876237623764,5939.912541254125,7511.536303630364,8081.155115511552,7855.714521452145
TREE,TREE_055,Treehaven NEON,tower,-89.594035,45.49189,463.16,8488.311728395061,8292.942901234568,7621.714506172839,8208.7793209876545,5939.902777777778,7583.833333333332,8380.177469135802,7957.88888888889
TREE,TREE_056,Treehaven NEON,tower,-89.591768,45.492738,465.43,8430.450331125827,8286.024834437083,7572.955298013243,8187.5761589403955,5936.347682119204,7505.950331125826,8318.96357615894,8076.1639072847665
TREE,TREE_044,Treehaven NEON,tower,-89.579154,45.494653,462.86,8455.833592534993,8360.40435458787,7759.75738724728,8292.861586314153,6375.847589424573,7733.648522550544,8401.13063763608,8037.130637636082
TREE,TREE_046,Treehaven NEON,tower,-89.592162,45.49355,465.51,8444.442622950819,8215.301639344263,7572.021311475411,8074.426229508195,5931.044262295082,7505.609836065572,8037.860655737704,8039.701639344262
TREE,TREE_047,Treehaven NEON,tower,-89.58799,45.495261,460.1,8565.307086614175,8423.675590551184,7812.170078740158,8289.573228346457,6324.28346456693,7724.20472440945,8374.277165354333,8207.576377952757
TREE,TREE_042,Treehaven NEON,tower,-89.591099,45.495221,465.54,8495.780966767372,8386.578549848942,7582.006042296074,8185.155589123866,5988.655589123867,7757.471299093655,8255.099697885194,7917.738670694865
UNDE,UNDE_029,University of Notre Dame Environmental Research Center NEON,distributed,-89.516809,46.251554,521.91,8005.730370370369,7855.031111111109,7669.502222222222,7544.38962962963,5968.139259259258,7198.768888888888,7728.733333333332,7375.422222222221
UNDE,UNDE_077,University of Notre Dame Environmental Research Center NEON,distributed,-89.539571,46.247265,516.35,8286.647058823528,8237.650154798761,7909.591331269349,7922.9133126934985,6403.171826625387,7663.512383900929,8038.673374613004,7948.176470588233
UNDE,UNDE_035,University of Notre Dame Environmental Research Center NEON,distributed,-89.50791,46.218532,521.28,8404.512084592145,8185.950151057404,7943.660120845923,7907.92900302115,6394.601208459216,7509.067975830816,8090.918429003022,7838.391238670696
UNDE,UNDE_028,University of Notre Dame Environmental Research Center NEON,distributed,-89.545066,46.256879,519.43,8326.434074074074,8001.238518518516,7685.287407407406,7514.585185185184,5940.2,7519.940740740739,7966.32296296296,7743.051851851852
UNDE,UNDE_013,University of Notre Dame Environmental Research Center NEON,distributed,-89.537131,46.227894,511.62,8055.425897035882,7806.396255850233,7627.088923556942,7475.528861154447,6008.157566302652,7271.825273010921,7717.984399375975,7448.198127925115
UNDE,UNDE_007,University of Notre Dame Environmental Research Center NEON,distributed,-89.53615,46.248716,516.4,8233.152108433733,7873.804216867471,7771.888554216867,7578.838855421686,5896.510542168675,7261.814759036145,7832.546686746987,7500.176204819276
UNDE,UNDE_006,University of Notre Dame Environmental Research Center NEON,distributed,-89.512657,46.254613,530,8240.91017964072,7838.931137724552,7823.3143712574865,7677.943113772455,5964.826347305389,7245.5508982035935,7742.36526946108,7474.324850299404
UNDE,UNDE_008,University of Notre Dame Environmental Research Center NEON,distributed,-89.515052,46.256193,514.84,8483.12951807229,8219.685240963856,7894.4683734939745,8075.255924170617,6505.2831325301195,7590.599397590361,8037.441265060242,7969.27962085308
UNDE,UNDE_014,University of Notre Dame Environmental Research Center NEON,distributed,-89.513299,46.22596,524.02,8148.319880418535,7949.0029895366215,7768.955156950674,7463.6950672645735,6042.421524663678,7168.053811659192,7670.367713004484,7372.255605381166
UNDE,UNDE_019,University of Notre Dame Environmental Research Center NEON,distributed,-89.543562,46.258243,517.51,8322.263910969794,8027.155802861687,7785.391096979333,7519.31637519873,5945.1621621621625,7520.966613672498,8036.775834658189,7781.119236883945
UNDE,UNDE_027,University of Notre Dame Environmental Research Center NEON,distributed,-89.49004,46.210824,516.66,8236.16888888889,8020.65037037037,7720.844444444445,7423.1644444444455,6085.5777777777785,7258.437037037036,7716.047407407407,7442.484444444444
UNDE,UNDE_034,University of Notre Dame Environmental Research Center NEON,distributed,-89.520942,46.248534,519.12,7669.13530326594,7489.63763608087,7105.973561430792,7715.088646967338,5782.130637636079,6924.875583203731,7268.423017107309,7700.7418351477445
UNDE,UNDE_043,University of Notre Dame Environmental Research Center NEON,tower,-89.542459,46.234247,525.74,8150.681402439024,8054.564024390245,7706.339939024391,7756.850609756098,6059.437500000001,7405.189024390245,7844.800304878049,7670.420731707318
UNDE,UNDE_047,University of Notre Dame Environmental Research Center NEON,tower,-89.536561,46.23277,509.77,8244.125198098256,7822.156893819335,7705.464342313788,7486.196513470682,6023.198098256736,7202.873217115689,7784.752773375594,7367.158478605388
UNDE,UNDE_054,University of Notre Dame Environmental Research Center NEON,tower,-89.537275,46.231644,520.66,7954.375739644972,7709.668639053255,7811.266272189349,7536.372781065091,5941.08727810651,7114.597633136096,7789.644970414202,7363.069526627221
UNDE,UNDE_058,University of Notre Dame Environmental Research Center NEON,tower,-89.538838,46.231091,524.4,8298.666666666666,7977.579365079366,7827.077777777778,7627.1285714285705,5994.674603174603,7250.78253968254,7952.404761904762,7537.406349206349
UNDE,UNDE_061,University of Notre Dame Environmental Research Center NEON,tower,-89.535041,46.233351,508.41,8321.880804953562,7985.5526315789475,7636.49226006192,7679.897832817339,6128.029411764706,7270.97678018576,7908.139318885449,7534.02012383901
SCBI,SCBI_002,Smithsonian Conservation Biology Institute NEON,distributed,-78.142704,38.895214,315.95,8322.561278863232,8729.57726465364,8603.602131438722,9113.012433392538,6963.495559502665,8237.513321492006,8499.412078152753,8760.499111900532
SCBI,SCBI_008,Smithsonian Conservation Biology Institute NEON,distributed,-78.147164,38.887763,336.71,8602.166361974407,9071.851919561246,8697.159049360147,9041.727605118833,7160.903107861062,8491.007312614263,8821.237659963437,8845.414990859234
SCBI,SCBI_011,Smithsonian Conservation Biology Institute NEON,distributed,-78.139901,38.879734,365.03,8879.632550335571,9060.412751677852,8845.08724832215,9381.805369127518,7332.161073825506,8532.862416107384,9210.300335570471,9044.974832214768
SCBI,SCBI_013,Smithsonian Conservation Biology Institute NEON,distributed,-78.163985,38.874379,314.28,8947.046666666667,9162.596666666668,8914.553333333333,9542.923333333332,7405.915,8603.323333333332,9055.905,9191.485
SCBI,SCBI_014,Smithsonian Conservation Biology Institute NEON,distributed,-78.163552,38.867075,390.79,9089.943957968479,9250.728546409808,9050.798598949212,9354.730297723292,7405.066549912435,8661.915936952713,9120.472854640982,9196.299474605954
SCBI,SCBI_015,Smithsonian Conservation Biology Institute NEON,distributed,-78.141069,38.884381,364.33,8590.725293132327,9194.738693467336,8805.70351758794,9061.7102177554425,7204.077051926298,8525.993299832495,8728.13902847571,8892.881072026801
SCBI,SCBI_035,Smithsonian Conservation Biology Institute NEON,distributed,-78.168813,38.882888,300.9,4237.431271477662,4151.90206185567,4072.4209621993123,4380.651202749142,3789.530927835051,4479.1975945017175,4246.484536082474,4308.948453608247
SCBI,SCBI_017,Smithsonian Conservation Biology Institute NEON,distributed,-78.135381,38.879363,383.31,8994.47,8927.416666666664,8834.349999999999,9430.193333333333,7332.253333333331,8522.161666666665,9008.316666666666,9098.556666666664
SCBI,SCBI_018,Smithsonian Conservation Biology Institute NEON,distributed,-78.157532,38.870965,372.3,8786.967687074828,9162.673469387755,8887.11394557823,9405.564625850338,7341.510204081632,8669.068027210884,9074.721088435374,9127.775510204081
SCBI,SCBI_019,Smithsonian Conservation Biology Institute NEON,distributed,-78.175704,38.900642,304.6,8085.6254180602,8344.070234113713,8142.354515050168,8664.83110367893,6512.6254180602,7915.69397993311,8214.292642140468,8261.48829431438
SCBI,SCBI_003,Smithsonian Conservation Biology Institute NEON,distributed,-78.120371,38.883308,565.97,8468.46243739566,8749.207011686143,8637.105175292154,9124.070116861436,6973.283806343907,8306.283806343907,8640.42570951586,8452.595993322204
SCBI,SCBI_038,Smithsonian Conservation Biology Institute NEON,distributed,-78.168857,38.881536,309.78,4430.913043478261,4626.364130434782,4181.130434782608,4684.766304347825,3876.757246376811,4577.77536231884,4491.106884057971,4649.851449275362
SCBI,SCBI_021,Smithsonian Conservation Biology Institute NEON,distributed,-78.15288,38.900853,318.09,8469.751677852348,8528.729865771813,8312.144295302012,8682.887583892618,6766.9614093959735,7938.474832214764,8432.545302013421,8406.612416107382
SCBI,SCBI_022,Smithsonian Conservation Biology Institute NEON,distributed,-78.123168,38.882557,500.62,8621.535893155258,9031.477462437399,8860.619365609351,9269.782971619366,7136.439065108514,8430.075125208681,8755.744574290484,8820.868113522538
SCBI,SCBI_023,Smithsonian Conservation Biology Institute NEON,distributed,-78.143735,38.886312,343.68,8586.206713780917,9149.475265017667,8805.888692579503,9072.484098939929,7196.326855123673,8549.713780918726,8916.597173144875,8859.466431095407
SCBI,SCBI_040,Smithsonian Conservation Biology Institute NEON,distributed,-78.168759,38.883962,288.34,4811.241441441442,4932.639639639639,4606.315315315314,8129.295495495495,4105.111711711711,5043.65045045045,4847.587387387387,7935.978378378377
SCBI,SCBI_007,Smithsonian Conservation Biology Institute NEON,distributed,-78.130305,38.884909,409.02,8723.895833333334,9105.569444444445,8847.0625,9388.631944444445,7180.197916666666,8545.159722222223,9037.159722222223,8920.201388888889
SCBI,SCBI_043,Smithsonian Conservation Biology Institute NEON,distributed,-78.151569,38.890577,366.69,6168.906040268457,6362.969798657719,5836.815436241612,6607.489932885907,5267.96644295302,6017.2315436241615,6218.744966442954,6652.093959731545
SCBI,SCBI_016,Smithsonian Conservation Biology Institute NEON,distributed,-78.158647,38.904234,257.77,8578.6543209876545,8741.915343915343,8515.544973544973,8945.982363315696,6821.31746031746,8149.520282186947,8587.74603174603,8815.458553791887
SCBI,SCBI_006,Smithsonian Conservation Biology Institute NEON,distributed,-78.152007,38.897609,297.93,4946.441739130435,5237.106086956522,4596.071304347825,5476.907826086957,4388.782608695652,5012.060869565218,4989.466086956522,5357.067826086956
SCBI,SCBI_010,Smithsonian Conservation Biology Institute NEON,distributed,-78.125148,38.884776,491.94,8596.434931506848,8959.486301369863,8731.428082191782,9201.84589041096,7173.352739726029,8383.044520547945,8732.640410958906,8660.068493150686
SCBI,SCBI_004,Smithsonian Conservation Biology Institute NEON,distributed,-78.146458,38.896938,309.44,8257.403685092127,8679.219430485762,8509.683417085429,9011.303182579566,6924.492462311558,8168.829145728643,8499.994974874371,8520.606365159128
SCBI,SCBI_071,Smithsonian Conservation Biology Institute NEON,distributed,-78.12224,38.887955,532.93,8480.446666666669,8938.476666666667,8707.82,8880.539999999999,7032.541666666666,8327.166666666668,8606.069999999998,8547.741666666665
SCBI,SCBI_048,Smithsonian Conservation Biology Institute NEON,tower,-78.135923,38.892604,414.82,8380.88795986622,8804.127090301003,8620.461538461539,9112.038461538461,6985.30602006689,8279.839464882942,8773.289297658863,8798.41973244147
SCBI,SCBI_058,Smithsonian Conservation Biology Institute NEON,tower,-78.138472,38.889713,347.12,8382.07785467128,8763.47750865052,8626.5553633218,8926.792387543253,7062.949826989619,8211.30795847751,8550.44982698962,8547.970588235296
SCBI,SCBI_049,Smithsonian Conservation Biology Institute NEON,tower,-78.139644,38.894617,364.57,8418.386023294512,8883.231281198005,8594.95840266223,9112.638935108154,6898.522462562398,8238.394342762065,8707.876871880202,8587.940099833611
SCBI,SCBI_050,Smithsonian Conservation Biology Institute NEON,tower,-78.142227,38.890602,343.93,8303.25085910653,8847.190721649484,8569.161512027491,8813.383161512027,7064.431271477663,8245.030927835052,8669.88144329897,8639.982817869417
SCBI,SCBI_051,Smithsonian Conservation Biology Institute NEON,tower,-78.142798,38.892464,313,8421.993288590606,8920.880872483223,8635.63926174497,9150.924496644295,7100.461409395974,8514.649328859061,8684.775167785236,8770.223154362418
SCBI,SCBI_046,Smithsonian Conservation Biology Institute NEON,tower,-78.140769,38.893837,349.16,8384.975694444445,8843.319444444445,8583,9102.352430555557,6861.991319444446,8293.526041666668,8752.227430555555,8733.413194444445
SCBI,SCBI_062,Smithsonian Conservation Biology Institute NEON,tower,-78.138238,38.895118,368.56,8535.675630252099,8794.589915966386,8544.368067226891,9110.673949579832,6882.909243697479,8191.789915966386,8629.653781512605,8644.714285714284
SCBI,SCBI_063,Smithsonian Conservation Biology Institute NEON,tower,-78.138517,38.896179,358.58,8603.242424242422,8829.494949494947,8561.569023569024,8949.607744107743,6961.191919191919,8200.680134680135,8774.247474747475,8794.60606060606
SCBI,SCBI_053,Smithsonian Conservation Biology Institute NEON,tower,-78.140524,38.889773,352,8516.83082077052,8713.941373534339,8607.680067001675,8850.994974874373,7100.115577889447,8222.606365159128,8619.559463986601,8669.569514237855
SCBI,SCBI_047,Smithsonian Conservation Biology Institute NEON,tower,-78.137217,38.894257,392.41,8479.781666666668,8810.048333333336,8596.468333333334,9090.678333333335,6900.893333333335,8169.263333333334,8664.24,8683.425000000001
SCBI,SCBI_064,Smithsonian Conservation Biology Institute NEON,tower,-78.139055,38.891617,353.26,8353.07627118644,9014.157627118644,8681.322033898306,9107.798305084745,7045.686440677967,8439.461016949153,8725.910169491526,8866.647457627121
SCBI,SCBI_066,Smithsonian Conservation Biology Institute NEON,tower,-78.138975,38.89351,364.51,8416.218333333332,8934.418333333333,8646.869999999999,9129.543333333333,6971.404999999999,8301.165,8739.179999999998,8690.791666666668
SCBI,SCBI_054,Smithsonian Conservation Biology Institute NEON,tower,-78.137674,38.890804,369.11,8218.08695652174,8693.47652173913,8449.186086956523,8826.067826086957,6889.686956521739,8117.542608695652,8542.07652173913,8513.453913043479
SCBI,SCBI_055,Smithsonian Conservation Biology Institute NEON,tower,-78.140421,38.892471,339.16,8388.51342281879,8942.956375838925,8658.921140939598,9164.988255033555,7111.244966442951,8474.610738255033,8671.721476510065,8755.135906040268
SCBI,SCBI_045,Smithsonian Conservation Biology Institute NEON,tower,-78.139432,38.890566,358.92,8307.281138790035,8820.923487544484,8593.435943060496,8880.350533807828,7012.848754448398,8217.323843416369,8660.697508896797,8682.526690391458
SCBI,SCBI_056,Smithsonian Conservation Biology Institute NEON,tower,-78.143602,38.890353,334.63,8404.54498269896,8793.70588235294,8586.4446366782,8872.674740484428,7049.221453287198,8353.167820069204,8718.200692041522,8787.223183391005
SCBI,SCBI_057,Smithsonian Conservation Biology Institute NEON,tower,-78.141168,38.891376,334.97,8399.804459691253,8947.617495711835,8674.747855917669,8977.15780445969,7101.763293310463,8415.595197255576,8788.28130360206,8802.770154373926
SCBI,SCBI_052,Smithsonian Conservation Biology Institute NEON,tower,-78.137098,38.889138,352.01,8387.525000000001,8641.943333333333,8541.736666666668,8886.033333333335,7039.565000000001,8166.988333333334,8510.846666666668,8584.28
SCBI,SCBI_067,Smithsonian Conservation Biology Institute NEON,tower,-78.135536,38.893949,412.18,8601.278523489933,8829.597315436242,8477.3322147651,9115.704697986575,6962.899328859059,8260.161073825502,8792.553691275167,8792.075503355705
SCBI,SCBI_061,Smithsonian Conservation Biology Institute NEON,tower,-78.142218,38.889502,328.16,8519.097152428809,8743.522613065326,8772.38525963149,9044.242881072027,7128.683417085428,8362.943048576213,8709.266331658291,8786.623115577888
SERC,SERC_012,Smithsonian Environmental Research Center NEON,distributed,-76.560977,38.878648,24.47,8872.936877076412,8766.109634551494,7645.234219269103,7663.405315614618,8637.287375415282,9416.619601328903,9461.217607973422,9742.107973421927
SERC,SERC_009,Smithsonian Environmental Research Center NEON,distributed,-76.561169,38.897571,17.07,8759.086642599277,8694.842960288808,7477.294223826716,7618.151624548737,8479.664259927797,9367.265342960289,9508.438628158843,9724.090252707581
SERC,SERC_010,Smithsonian Environmental Research Center NEON,distributed,-76.546253,38.909676,25.39,8962.56384742952,8720.941956882254,7402.84577114428,7513.50414593698,8596.837479270316,9611.774461028192,9519.771144278604,10017.114427860695
SERC,SERC_016,Smithsonian Environmental Research Center NEON,distributed,-76.547547,38.899455,21.53,8693.810661764706,8435.88786764706,7205.209558823529,7466.205882352941,8498.463235294117,9340.979779411764,9468.141544117647,9699.029411764704
SERC,SERC_018,Smithsonian Environmental Research Center NEON,distributed,-76.531608,38.872927,6.6,11191.884422110554,10432.035175879397,10260.145728643216,10229.762144053602,11401.447236180904,12022.108877721941,12096.135678391958,11400.040201005026
SERC,SERC_019,Smithsonian Environmental Research Center NEON,distributed,-76.550692,38.871775,16.96,9042.572147651006,8684.897651006713,7695.191275167784,7676.204697986577,8631.746644295303,9540.020134228189,9655.624161073823,9660.48322147651
SERC,SERC_020,Smithsonian Environmental Research Center NEON,distributed,-76.535927,38.870108,4.94,11048.213286713286,10438.536713286712,9647.903846153846,9759.494755244757,10810.97027972028,11668.86888111888,11222.473776223776,11213.965034965035
SERC,SERC_022,Smithsonian Environmental Research Center NEON,distributed,-76.554591,38.875454,17.64,8898.77796327212,8646.469115191985,7666.639398998331,7787.285475792988,8576.754590984974,9543.519198664439,9564.924874791317,9632.212020033388
SERC,SERC_026,Smithsonian Environmental Research Center NEON,distributed,-76.55059,38.901228,9.69,9307.894117647058,9316.603361344536,7950.7983193277305,8480.680672268907,9115.936134453783,9965.574789915967,9853.065546218486,10484.065546218488
SERC,SERC_002,Smithsonian Environmental Research Center NEON,distributed,-76.558917,38.895036,6.93,8814.473333333333,8700.741666666665,7447.8200000000015,7576.013333333332,8577.383333333333,9395.778333333334,9580.131666666668,9798.914999999999
SERC,SERC_027,Smithsonian Environmental Research Center NEON,distributed,-76.543648,38.87364,2.83,11794.056761268783,11684.385642737896,10775.170283806343,9927.030050083471,11713.454090150251,12756.606010016694,12064.095158597662,11313.712854757929
SERC,SERC_004,Smithsonian Environmental Research Center NEON,distributed,-76.554055,38.87241,16.06,9101.733218588643,8828.437177280552,7780.314974182444,8070.1790017211715,8742.04647160069,9602.88296041308,9748.036144578315,9956.151462994836
SERC,SERC_005,Smithsonian Environmental Research Center NEON,distributed,-76.547604,38.893246,15.57,8849.905315614618,8677.260797342193,7457.805647840531,7484.2807308970105,8611.029900332225,9465.59634551495,9586.471760797342,9592.07973421927
SERC,SERC_006,Smithsonian Environmental Research Center NEON,distributed,-76.547314,38.88109,3.1,9003.94356261023,8678.991181657848,7522.737213403881,7713.513227513226,8697.269841269841,9509.94885361552,9606.144620811285,9705.892416225748
SERC,SERC_007,Smithsonian Environmental Research Center NEON,distributed,-76.539828,38.873795,4.09,10634.60636515913,10406.639865996653,9843.783919597992,10727.202680067003,11283.519262981576,12009.618090452263,11512.341708542715,11669.428810720268
SERC,SERC_029,Smithsonian Environmental Research Center NEON,distributed,-76.528949,38.871199,4.85,10530.742320819112,10633.486348122864,9669.29180887372,9898.520477815697,11245.831058020478,11281.18941979522,11894.155290102388,11294.578498293513
SERC,SERC_030,Smithsonian Environmental Research Center NEON,distributed,-76.548984,38.910052,16.9,5703.974874371858,5373.343383584589,4939.904522613065,10172.793969849245,5909.867671691793,6040.273031825796,5799.247906197655,12415.013400335007
SERC,SERC_008,Smithsonian Environmental Research Center NEON,distributed,-76.524078,38.871838,2.08,9873.950248756219,9230.666666666666,9066.07960199005,8731.189054726367,10532.706467661692,11689.228855721392,10209.07960199005,9532.74129353234
SERC,SERC_068,Smithsonian Environmental Research Center NEON,distributed,-76.556735,38.88011,22.8,8832.063439065108,8571.191986644404,7572.145242070116,7457.716193656092,8427.94824707846,9459.594323873122,9498.515859766278,9715.819699499163
SERC,SERC_011,Smithsonian Environmental Research Center NEON,distributed,-76.551056,38.898525,34.7,8745.625,8585.191666666666,7249.948333333333,7622.821666666666,8477.033333333333,9323.021666666667,9502.970000000001,9724.01
SERC,SERC_021,Smithsonian Environmental Research Center NEON,distributed,-76.560181,38.896415,17.67,8849.811224489797,8711.08163265306,7513.840136054422,7600.404761904762,8477.056122448981,9323.77380952381,9487.704081632653,9763.367346938774
SERC,SERC_025,Smithsonian Environmental Research Center NEON,distributed,-76.551826,38.88641,16.8,9077.433110367892,8851.327759197324,7637.205685618729,7859.8612040133785,8619.384615384615,9528.6254180602,9543.190635451507,9905.265886287625
SERC,SERC_055,Smithsonian Environmental Research Center NEON,tower,-76.56794,38.894323,10.48,8909.86744966443,8865.058724832217,7699.406040268457,7546.744966442953,8705.926174496646,9539.588926174498,9626.989932885908,9769.5889261745
SERC,SERC_056,Smithsonian Environmental Research Center NEON,tower,-76.560092,38.886975,13.08,8836.867449664427,8712.615771812081,7703.604026845636,7654.684563758387,8475.76342281879,9441.80033557047,9502.290268456374,9494.389261744966
SERC,SERC_057,Smithsonian Environmental Research Center NEON,tower,-76.562841,38.887087,0.94,8872.324090121318,8899.214904679377,7736.201039861352,7683.185441941075,8616.311958405546,9474.064124783365,9576.873483535528,9529.611785095321
SERC,SERC_059,Smithsonian Environmental Research Center NEON,tower,-76.549609,38.889027,18.99,8935.179831932772,8627.010084033614,7623.789915966386,7673.606722689075,8522.821848739495,9383.752941176472,9567.76806722689,9775.324369747897
SERC,SERC_060,Smithsonian Environmental Research Center NEON,tower,-76.564177,38.893087,6.32,9016.308118081179,8856.313653136533,7740.704797047969,7712.712177121772,8762.411439114392,9558.20110701107,9643.39483394834,9909.928044280443
SERC,SERC_062,Smithsonian Environmental Research Center NEON,tower,-76.558018,38.881785,4.23,8852.567839195983,8753.587939698493,7653.447236180905,7646.060301507539,8439.306532663319,9534.894472361811,9482.366834170854,9765.73869346734
SERC,SERC_050,Smithsonian Environmental Research Center NEON,tower,-76.561429,38.881351,13.78,8845.58389261745,8776.71476510067,7885.6879194630865,7810.697986577181,8693.276845637583,9522.865771812081,9614.337248322146,9820.026845637583
SERC,SERC_043,Smithsonian Environmental Research Center NEON,tower,-76.562166,38.89274,9.4,8809.945,8642.395,7537.343333333332,7466.679999999999,8643.448333333334,9501.5,9567.486666666666,9706.038333333334
SERC,SERC_054,Smithsonian Environmental Research Center NEON,tower,-76.556464,38.889274,19.51,8767.831385642736,8519.913188647746,7496.647746243739,7572.1853088480775,8614.74123539232,9380.716193656095,9527.405676126878,9719.789649415692
SERC,SERC_067,Smithsonian Environmental Research Center NEON,tower,-76.564037,38.890371,10.85,8857.705000000002,8615.034999999998,7755.513333333334,7688.835,8625.613333333333,9392.533333333331,9521.97,9853.611666666666
SERC,SERC_052,Smithsonian Environmental Research Center NEON,tower,-76.561545,38.891368,5.57,8789.156537753222,8594.99447513812,7571.57826887661,7553.506445672191,8617.52670349908,9448.609576427256,9548.72744014733,9687.946593001841
SERC,SERC_044,Smithsonian Environmental Research Center NEON,tower,-76.553986,38.890803,8.48,9169.194915254237,9085.099999999999,7855.8508474576265,7654.3033898305075,9125.544067796609,9852.377966101694,9818.694915254237,9710.113559322032
SERC,SERC_045,Smithsonian Environmental Research Center NEON,tower,-76.55872,38.880982,18.49,8803.8153078203,8737.73710482529,7816.412645590683,8652.06489184692,8578.723793677205,9572.316139767056,9647.539101497503,10218.627287853576
SERC,SERC_047,Smithsonian Environmental Research Center NEON,tower,-76.560193,38.885634,4.27,8763.782971619368,8778.173622704508,7638.163606010018,7766.762938230386,8546.569282136896,9433.948247078466,9558.662771285475,9577.84974958264
BLAN,BLAN_014,Blandy Experimental Farm NEON,distributed,-77.958693,39.081458,120.27,4864.286941580756,5075.030927835051,4622.795532646048,12335.274914089347,3107.8591065292094,4760.161512027491,5030.051546391753,12370.247422680413
BLAN,BLAN_015,Blandy Experimental Farm NEON,distributed,-77.954623,39.087544,124.74,7845.3439065108505,8390.033388981636,8523.948247078464,8674.255425709516,6570.2170283806345,7877.744574290485,8402.125208681135,8628.669449081803
BLAN,BLAN_016,Blandy Experimental Farm NEON,distributed,-77.96365,39.08643,134.51,4639.248333333335,5096.195000000001,4630.368333333334,10740.683333333336,3455.886666666667,4487.163333333335,5103.228333333334,10751.68666666667
BLAN,BLAN_018,Blandy Experimental Farm NEON,distributed,-77.962499,39.081529,139.8,7677.717902350814,8303.383363471972,8459.924050632912,8500.678119349006,6420.609403254973,7775.779385171791,8255.381555153706,8396.236889692587
BLAN,BLAN_019,Blandy Experimental Farm NEON,distributed,-77.966033,39.087842,120.22,4557.44891122278,4934.730318257956,4617.458961474037,5049.092127303182,2945.778894472362,4477.3216080402,5042.458961474036,5042.020100502513
BLAN,BLAN_004,Blandy Experimental Farm NEON,distributed,-77.962567,39.087516,128.35,6026.727879799666,6440.771285475792,6223.310517529215,6374.764607679466,4373.9632721202,5665.739565943239,6522.969949916527,6706.218697829715
BLAN,BLAN_020,Blandy Experimental Farm NEON,distributed,-77.980394,39.100938,165.94,4621.805309734514,4955.92743362832,4438.318584070797,4911.707964601771,4046.7061946902663,4685.992920353982,4675.837168141594,4903.26371681416
BLAN,BLAN_001,Blandy Experimental Farm NEON,distributed,-77.958389,39.087919,128.31,7663.763333333332,8309.988333333333,8422.706666666667,8575.800000000001,6644.673333333334,7715.565,8324.178333333333,8474.664999999999
BLAN,BLAN_005,Blandy Experimental Farm NEON,distributed,-77.971942,39.087456,137.41,7717.772727272728,8238.145104895106,8417.501748251749,8506.463286713288,6510.788461538462,7768.769230769231,8168.795454545457,8527.657342657343
BLAN,BLAN_006,Blandy Experimental Farm NEON,distributed,-77.963812,39.083999,154.39,4560.239316239316,4933.304273504274,4391.082051282051,10071.145299145299,3143.977777777778,4097.225641025641,4841.013675213676,11119.494017094019
BLAN,BLAN_007,Blandy Experimental Farm NEON,distributed,-77.969265,39.085485,156.3,7657.486531986533,8453.441077441079,8385.978114478115,8510.565656565657,6536.964646464648,7748.380471380473,8321.491582491582,8470.725589225589
BLAN,BLAN_008,Blandy Experimental Farm NEON,distributed,-77.965124,39.084853,142.11,4600.491638795987,4956.929765886287,4490.607023411372,11227.078595317724,3198.814381270903,4199.463210702342,4966.623745819397,12006.879598662206
BLAN,BLAN_010,Blandy Experimental Farm NEON,distributed,-77.960564,39.086352,133.15,4539.475499092559,4797.718693284937,4373.127041742287,10600.353901996372,3042.6588021778584,4344.588021778584,4879.6678765880215,11487.900181488203
BLAN,BLAN_011,Blandy Experimental Farm NEON,distributed,-77.974013,39.087243,141.04,7675.52657807309,8343.830564784053,8288.666112956811,8404.048172757475,6433.297342192691,7762.785714285715,8184.279069767441,8398.785714285716
BLAN,BLAN_012,Blandy Experimental Farm NEON,distributed,-77.961088,39.082046,138.86,8038.974402730376,8473.846416382252,8467.264505119454,8567.196245733789,6597.682593856655,7889.131399317408,8434.48805460751,8540.069965870307
BLAN,BLAN_003,Blandy Experimental Farm NEON,distributed,-77.963659,39.078872,121.8,4687.238267148015,4971.747292418772,4559.608303249098,10619.162454873645,3794.1732851985566,4693.954873646209,5044.615523465704,10617.131768953068
BLAN,BLAN_013,Blandy Experimental Farm NEON,distributed,-77.96809,39.080851,140.54,7756.728842832471,8313.248704663212,8457.449050086356,8617.065630397237,6696.084628670122,7754.06390328152,8284.678756476684,8398.82901554404
BLAN,BLAN_009,Blandy Experimental Farm NEON,distributed,-77.95775,39.086824,130.93,7749.401785714285,8453.937499999998,8462.083928571428,8451.958928571426,6615.682142857143,7820.674999999999,8352.607142857141,8511.589285714284
BLAN,BLAN_068,Blandy Experimental Farm NEON,distributed,-77.964303,39.087809,122,4563.0203735144305,4916.750424448216,4596.480475382003,5068.366723259762,3003.3174872665536,4466.30220713073,5015.504244482172,5109.359932088285
BLAN,BLAN_017,Blandy Experimental Farm NEON,distributed,-77.970992,39.086353,144.15,7786.181019332162,8437.681898066783,8298.267135325132,8509.376098418277,6513.537785588752,7802.223198594025,8363.678383128296,8443.79964850615
BLAN,BLAN_038,Blandy Experimental Farm NEON,tower,-78.070917,39.057723,181.86,3973.654822335026,4471.401015228426,3958.314720812184,10851.01861252115,3175.321489001692,4274.054145516075,4652.763113367175,10324.24703891709
BLAN,BLAN_031,Blandy Experimental Farm NEON,tower,-78.070547,39.058809,183.12,3734.820299500832,4276.3227953411,3976.4193011647253,10792.647254575706,3213.875207986689,4467.873544093179,4420.805324459234,10522.577371048252
BLAN,BLAN_033,Blandy Experimental Farm NEON,tower,-78.069151,39.058229,184.57,3965.4855687606114,4653.028862478778,4145.894736842106,10656.662139219015,3431.950764006792,4332.831918505942,4230.229202037352,10406.764006791173
BLAN,BLAN_032,Blandy Experimental Farm NEON,tower,-78.073305,39.058572,184.68,8334.188647746243,8663.290484140234,8152.504173622706,4479.881469115192,7250.67612687813,8081.938230383972,8263.621035058432,4492.240400667779
BART,BART_026,Bartlett Experimental Forest NEON,distributed,-71.313922,44.061261,511.68,8206.157392686804,7825.270270270269,7230.581875993641,7794.116057233704,7299.845786963433,7988.72655007949,8093.731319554848,7569.766295707471
BART,BART_081,Bartlett Experimental Forest NEON,distributed,-71.262947,44.060682,411.52,9225.9,9110.505,8593.45,8923.500000000002,8489.680000000002,9228.973333333333,9404.775000000001,8603.225
BART,BART_030,Bartlett Experimental Forest NEON,distributed,-71.308071,44.053801,498.94,7774.394863563403,7501.322632423756,6936.349919743177,7560.423756019261,7020.430176565007,7726.309791332263,7945.536115569824,7418.149277688603
BART,BART_011,Bartlett Experimental Forest NEON,distributed,-71.296272,44.050004,370.48,9385.753333333332,9107.286666666667,8620.551666666666,8961.949999999999,8503.915,9129.471666666668,9397.996666666666,8682.895
BART,BART_012,Bartlett Experimental Forest NEON,distributed,-71.316312,44.046097,556.9,8945.95881383855,8781.55024711697,8311.596375617792,8467.248764415159,8006.177924217463,8845.448105436573,9022.200988467876,7946.1136738056
BART,BART_013,Bartlett Experimental Forest NEON,distributed,-71.277598,44.041737,415.38,9026.004615384614,8890.544615384613,8443.270769230769,8644.309230769231,8274.541538461539,9004.416923076924,9126.523076923077,8068.633846153845
BART,BART_031,Bartlett Experimental Forest NEON,distributed,-71.305098,44.055537,416,7788.253086419753,7502.962962962963,7040.337962962963,7516.401234567901,7047.964506172841,7713.922839506173,7831.439814814815,7377.01388888889
BART,BART_001,Bartlett Experimental Forest NEON,distributed,-71.306661,44.047079,467.71,9680.61852433281,9310.726844583987,8891.33437990581,9280.34065934066,8778.384615384615,9410.621664050235,9762.01726844584,8846.71114599686
BART,BART_015,Bartlett Experimental Forest NEON,distributed,-71.27314,44.042915,437.92,9573.989197530864,9384.086419753086,8890.629629629628,9223.336419753085,8714.748456790121,9364.612654320987,9669.682098765428,8848.314814814814
BART,BART_018,Bartlett Experimental Forest NEON,distributed,-71.277866,44.058473,314.85,9303.10510046368,9174.233384853169,8725.115919629057,9028.621329211745,8457.990726429676,9212.812982998454,9365.372488408038,8727.588871715612
BART,BART_002,Bartlett Experimental Forest NEON,distributed,-71.272844,44.035076,550.6,9072.486798679869,9058.387788778879,8615.282178217822,8851.737623762376,8062.049504950494,8941.51485148515,9489.582508250825,8130.13696369637
BART,BART_027,Bartlett Experimental Forest NEON,distributed,-71.261742,44.057941,425.08,7698.052388289677,7517.081664098613,7019.533127889061,7502.257318952235,7082.052388289677,7718.064714946072,7791.084745762712,7321.454545454547
BART,BART_028,Bartlett Experimental Forest NEON,distributed,-71.306536,44.054076,486.25,7741.802325581398,7526.988372093024,7049.373754152824,7542.50830564784,7143.129568106312,7805.039867109635,7892.051495016613,7433.3604651162805
BART,BART_068,Bartlett Experimental Forest NEON,distributed,-71.309459,44.052446,552.94,8955.73497688752,8653.511556240372,8039.366718027734,9059.31278890601,7957.0107858243455,8725.617873651774,8964.24345146379,8751.895223420646
BART,BART_024,Bartlett Experimental Forest NEON,distributed,-71.263787,44.052775,433.64,7954.663060278205,7670.069551777432,7110.462132921173,7645.275115919629,7373.924265842347,7903.216383307574,7936.207109737247,7515.678516228747
BART,BART_005,Bartlett Experimental Forest NEON,distributed,-71.282188,44.054614,306.89,9550.440594059406,9322.379537953795,8857.52805280528,9172.80693069307,8511.224422442245,9352.561056105611,9620.75907590759,8750.6897689769
BART,BART_007,Bartlett Experimental Forest NEON,distributed,-71.298504,44.049697,388.53,9673.38935108153,9378.668885191348,8909.860232945091,9246.670549084858,8803.371048252911,9417.236272878536,9685.297836938436,8909.930116472546
BART,BART_080,Bartlett Experimental Forest NEON,distributed,-71.319728,44.047374,630.56,8894.912605042016,8574.697478991597,8313.188235294117,8371.719327731093,7753.398319327731,8746.83193277311,8975.442016806723,7893.794957983193
BART,BART_006,Bartlett Experimental Forest NEON,distributed,-71.310912,44.060511,433.88,8874.217970049918,8665.17970049917,8299.299500831947,8591.767054908485,7965.6555740432605,9037.291181364391,9202.289517470883,7896.241264559068
BART,BART_062,Bartlett Experimental Forest NEON,distributed,-71.305891,44.057361,391.83,8881.878274268103,8796.306625577812,8345.956856702618,8674.739599383665,7950.697996918334,9021.944530046223,9233.97534668721,7996.765793528504
BART,BART_023,Bartlett Experimental Forest NEON,distributed,-71.263643,44.049319,503.01,7979.55450236967,7967.227488151659,7392.616113744075,7740.843601895735,7192.1232227488135,7832.703001579777,8035.560821484992,7550.333333333332
BART,BART_066,Bartlett Experimental Forest NEON,distributed,-71.310402,44.056764,502.63,9409.971383147853,9136.863275039745,8751.6279809221,9172.627980922098,8502.257551669316,9333.91573926868,9566.850556438792,8697.988871224165
BART,BART_004,Bartlett Experimental Forest NEON,distributed,-71.28692,44.041571,526.43,8908.058732612057,8766.486862442041,8193.681607418857,8612.017001545597,8060.8732612055655,8837.825347758888,9069.761978361668,8189.896445131377
BART,BART_025,Bartlett Experimental Forest NEON,distributed,-71.313142,44.059386,542.76,6922.898148148148,6674.88425925926,6344.597222222222,7928.200617283951,6267.908950617284,6992.817901234568,7079.314814814816,7574.581790123457
BART,BART_010,Bartlett Experimental Forest NEON,distributed,-71.26668,44.050073,430.2,8822.22964169381,8864.648208469052,8373.188925081435,8563.762214983715,7849.993485342018,8911.052117263844,9274.317589576547,8022.197068403909
BART,BART_003,Bartlett Experimental Forest NEON,distributed,-71.263146,44.055247,439.04,8591.816074188562,8642.749613601234,8181.503863987635,8439.632148377124,7736.83771251932,8774.680061823801,9082.318392581143,7811.601236476042
BART,BART_016,Bartlett Experimental Forest NEON,distributed,-71.288463,44.051234,319.13,9471.783950617284,9313.561728395061,8878.560185185186,9178.526234567902,8612.878086419752,9477.705246913582,9644.549382716052,8784.882716049384
BART,BART_019,Bartlett Experimental Forest NEON,distributed,-71.286161,44.069366,240.28,9239.058252427185,8976.47572815534,8591.553398058253,8743.577669902912,8169.404530744336,8993.813915857605,9303.580906148867,8440.289644012946
BART,BART_029,Bartlett Experimental Forest NEON,distributed,-71.28831,44.057748,297.07,7854.4949494949515,7624.579124579125,7137.5,7620.230639730641,7142.452861952864,7791.29292929293,7822.774410774412,7172.924242424243
BART,BART_079,Bartlett Experimental Forest NEON,distributed,-71.320829,44.0449,594.84,8962.10153846154,8666.013846153846,8260.453846153845,8497.936923076924,7885.360000000001,8807.253846153848,9275.446153846155,7908.426153846154
BART,BART_039,Bartlett Experimental Forest NEON,tower,-71.288951,44.063682,270.76,8969.490196078432,8914.736928104576,8365.11274509804,8769.705882352942,7959.79411764706,9021.728758169935,9165.01960784314,8114.519607843137
BART,BART_074,Bartlett Experimental Forest NEON,tower,-71.2832,44.060251,311.19,8967.893915756631,8856.784711388456,8415.01248049922,8680.402496099845,8093.1996879875205,9189.015600624025,9212.241809672387,8199.673946957879
BART,BART_070,Bartlett Experimental Forest NEON,tower,-71.28144,44.064338,251.29,9083.13713405239,8808.18027734977,8450.73805855162,8795.338983050848,8125.867488443761,9003.209553158706,9227.243451463792,8295.832049306626
BART,BART_040,Bartlett Experimental Forest NEON,tower,-71.29199,44.06576,260.15,8683.12199036918,8492.693418940611,8051.916532905297,8355.483146067416,7631.003210272872,8621.219903691815,8957.394863563402,7649.6902086677355
BART,BART_050,Bartlett Experimental Forest NEON,tower,-71.28769,44.06151,287.74,9332.589506172839,9147.010802469134,8684.81635802469,7033.097222222223,8369.233024691355,9090.140432098764,9497.14660493827,6710.061728395061
BART,BART_042,Bartlett Experimental Forest NEON,tower,-71.288052,44.060194,288.29,9123.627692307693,9146.923076923078,8510.25076923077,8894.836923076924,8353.07076923077,9135.015384615386,9362.946153846155,8394.013846153848
BART,BART_033,Bartlett Experimental Forest NEON,tower,-71.283663,44.063198,275.68,8541.401854714066,8556.802163833076,8090.799072642968,8401.556414219474,7741.967542503866,8593.73570324575,8951.092735703247,7646.856259659969
BART,BART_044,Bartlett Experimental Forest NEON,tower,-71.284327,44.061036,303.1,9123.674418604653,8969.936434108527,8535.4992248062,8827.013953488373,8177.02015503876,9047.831007751938,9335.48527131783,8353.237209302326
BART,BART_034,Bartlett Experimental Forest NEON,tower,-71.285608,44.064284,265.88,9178.053962900507,9003.811129848229,8534.347386172007,8966.232715008431,8313.942664418213,9055.350758853287,9359.239460370994,8356.973018549746
BART,BART_046,Bartlett Experimental Forest NEON,tower,-71.285408,44.059946,302.95,8806.934374999999,8770.4921875,8279.440625000001,8596.145312499999,7949.3015625,8974.846875000001,9109.5,7886.30625
BART,BART_075,Bartlett Experimental Forest NEON,tower,-71.286492,44.059141,296.95,9306.077041602466,9023.805855161787,8648.086286594762,8904.473035439138,8309.744221879815,9180.952234206472,9416.258859784284,8509.64560862866
BART,BART_072,Bartlett Experimental Forest NEON,tower,-71.286187,44.060735,295.86,9114.436923076923,8971.56153846154,8479.023076923078,8754.038461538463,8104.403076923078,8906.97076923077,9322.678461538462,8308.487692307694
BART,BART_073,Bartlett Experimental Forest NEON,tower,-71.288616,44.064774,274.89,8740.4468412943,8623.718027734976,8186.485362095534,8480.31278890601,7717.577812018491,8755.55778120185,8951.588597842836,7907.167950693375
BART,BART_036,Bartlett Experimental Forest NEON,tower,-71.285878,44.062082,290.97,8844.482972136222,8702.29411764706,8255.442724458204,8620.642414860682,7756.817337461302,8882.383900928793,9136.68730650155,7909.232198142415
BART,BART_032,Bartlett Experimental Forest NEON,tower,-71.28758,44.067467,244.71,8843.59784283513,8580.166409861327,8276.600924499231,8541.08628659476,7885.314329738058,8802.657935285055,9025.377503852082,7997.419106317412
BART,BART_037,Bartlett Experimental Forest NEON,tower,-71.283244,44.061598,290.6,8742.330708661419,8623.020472440945,8177.020472440944,8552.541732283466,7935.214173228346,8796.151181102361,8993.321259842518,7986.39842519685
BART,BART_071,Bartlett Experimental Forest NEON,tower,-71.290624,44.067944,256.42,8937.138888888889,8678.202160493827,8296.736111111111,8582.580246913582,8011.501543209877,8897.157407407409,9186.635802469136,8142.618827160494
BART,BART_051,Bartlett Experimental Forest NEON,tower,-71.287987,44.062723,283.91,9205.201538461539,9042.909230769232,8487.987692307694,8942.375384615385,8249.367692307691,9119.035384615387,9379.664615384616,8469.6
HARV,HARV_006,Harvard Forest & Quabbin Watershed NEON,distributed,-72.25372,42.403087,188.78,7303.231034482758,8013.124137931034,7557.584482758621,7827.582758620689,7927.8982758620705,8205.01379310345,8426.477586206896,7515.950000000001
HARV,HARV_027,Harvard Forest & Quabbin Watershed NEON,distributed,-72.253258,42.43035,183.13,6721.5922953451045,7246.340288924559,6349.9341894061,8823.443017656502,6850.980738362762,7216.150882825043,7020.743178170145,8678.022471910113
HARV,HARV_028,Harvard Forest & Quabbin Watershed NEON,distributed,-72.225087,42.431817,243.04,8270.667785234898,8797.028523489931,8140.869127516778,8780.503355704697,8534.355704697986,8781.585570469799,8992.434563758387,8727.278523489931
HARV,HARV_058,Harvard Forest & Quabbin Watershed NEON,distributed,-72.25227,42.469743,202.09,8454.836038961039,8939.69642857143,8169.253246753248,8854.05194805195,8597.305194805194,8862.758116883117,9063.926948051949,8609.537337662337
HARV,HARV_029,Harvard Forest & Quabbin Watershed NEON,distributed,-72.237434,42.466458,210.19,8312.797716150084,8681.316476345843,8032.686786296901,8240.668841761828,8495.964110929854,8695.949429037522,8861.004893964113,8167.0619902120725
HARV,HARV_030,Harvard Forest & Quabbin Watershed NEON,distributed,-72.218966,42.423045,171.76,7326.806962025315,7526.681962025315,6735.060126582277,7403.101265822785,7301.906645569621,7665.5237341772145,7648.610759493671,7303.743670886076
HARV,HARV_008,Harvard Forest & Quabbin Watershed NEON,distributed,-72.226082,42.444557,242.18,7530.348198970842,8308.48885077187,7585.008576329331,8068.74271012007,8122.668953687823,8324.32246998285,8500.622641509435,7745.878216123501
HARV,HARV_001,Harvard Forest & Quabbin Watershed NEON,distributed,-72.258285,42.424246,190.04,7781.699324324324,8623.532094594593,7683.744932432431,8773.035472972973,8096.8597972972975,8513.486486486487,8567.619932432432,8499.648648648648
HARV,HARV_010,Harvard Forest & Quabbin Watershed NEON,distributed,-72.254599,42.424723,206.86,8227.487012987014,8781.926948051949,7994.534090909091,8763.504870129871,8323.180194805194,8725.482142857143,8827.366883116885,8502.712662337663
HARV,HARV_011,Harvard Forest & Quabbin Watershed NEON,distributed,-72.238278,42.455924,231.46,7347.182250396196,8367.957210776545,7428.231378763867,7841.1774960380335,8016.5388272583195,8108.860538827258,8300.280507131536,7642.076069730586
HARV,HARV_012,Harvard Forest & Quabbin Watershed NEON,distributed,-72.239802,42.429486,233.26,7502.900158478605,8302.79239302694,7657.4754358161645,7937.660855784468,8078.919175911251,8285.690966719494,8506.160063391442,7706.0079239302695
HARV,HARV_013,Harvard Forest & Quabbin Watershed NEON,distributed,-72.254598,42.392282,184.64,7151.791262135922,7506.58414239482,6492.466019417476,7389.521035598705,7018.338187702266,7453.834951456311,7341.119741100323,7440.745954692555
HARV,HARV_014,Harvard Forest & Quabbin Watershed NEON,distributed,-72.265709,42.471449,199.4,8331.20952380952,8743.75873015873,8111.13492063492,8770.469841269842,8609.633333333331,8686.21111111111,8783.774603174603,8575.938095238094
HARV,HARV_017,Harvard Forest & Quabbin Watershed NEON,distributed,-72.267080000000007,42.481741,226.4,7536.814502529511,8172.500843170321,7488.340640809446,8050.991568296797,7897.708263069139,8144.499156829681,8394.573355817876,7696.210792580101
HARV,HARV_018,Harvard Forest & Quabbin Watershed NEON,distributed,-72.232028,42.432275,228.73,7522.535657686212,8336.84944532488,7571.912836767037,7947.394611727416,8113.239302694135,8260.112519809825,8561.651347068148,7174.3819334389855
HARV,HARV_021,Harvard Forest & Quabbin Watershed NEON,distributed,-72.250472,42.45243,175.1,7074.534959349593,7447.281300813009,6561.847154471545,7258.224390243902,6951.091056910569,7440.899186991869,7393.634146341464,7188.780487804878
HARV,HARV_022,Harvard Forest & Quabbin Watershed NEON,distributed,-72.198776,42.434188,193.5,7254.327922077921,7423.5032467532465,6652.876623376624,7413.056818181819,7206.912337662338,7509.163961038961,7574.662337662337,7198.509740259739
HARV,HARV_023,Harvard Forest & Quabbin Watershed NEON,distributed,-72.226622,42.414314,170.43,7215.1891025641025,7490.134615384616,6581.4182692307695,7249.528846153846,7137.615384615386,7607.139423076925,7493.258012820513,7279.384615384616
HARV,HARV_005,Harvard Forest & Quabbin Watershed NEON,distributed,-72.275158,42.489469,189.75,7472.323051948052,8283.160714285716,7463.571428571428,8055.73051948052,7886.579545454547,8010.055194805195,8381.12012987013,7635.329545454548
HARV,HARV_026,Harvard Forest & Quabbin Watershed NEON,distributed,-72.247271,42.410762,194.27,7016.818181818182,7451.361983471074,6434.361983471074,7170.305785123967,7012.796694214876,7322.39338842975,7245.0347107438,7204.0842975206615
HARV,HARV_031,Harvard Forest & Quabbin Watershed NEON,distributed,-72.260079,42.467507,160.59,7134.86283891547,7436.437001594898,6628.197767145137,9144.185007974484,7134.157894736843,7337.456140350877,7247.776714513557,9049.177033492824
HARV,HARV_004,Harvard Forest & Quabbin Watershed NEON,distributed,-72.229737,42.427091,199.71,8338.980982567355,8777.692551505546,8211.050713153723,8192.339144215532,8638.689381933438,8920.083993660855,9019.23296354992,8011.02852614897
HARV,HARV_002,Harvard Forest & Quabbin Watershed NEON,distributed,-72.259572,42.478565,193.57,7749.259904912836,8440.70998415214,7721.031695721079,8273.618066561015,8223.017432646593,8305.814580031694,8528.656101426306,7938.0855784469095
HARV,HARV_035,Harvard Forest & Quabbin Watershed NEON,tower,-72.178072,42.539966,365.8,7180.017432646591,7582.9603803486525,6681.7416798732165,7782.259904912835,7431.293185419969,7608.651347068146,7641.534072900159,7488.1315372424715
HARV,HARV_033,Harvard Forest & Quabbin Watershed NEON,tower,-72.175607,42.538302,358.8,7825.193220338983,8903.810169491524,8001.883050847457,8608.538983050848,8279.638983050847,8544.584745762711,8829.049152542373,8234.413559322033
HARV,HARV_049,Harvard Forest & Quabbin Watershed NEON,tower,-72.179779,42.535171,370.04,8282.831903945113,9072.56089193825,8290.197255574614,8188.660377358492,8794.680960548887,8932.174957118354,9073.545454545454,7978.519725557461
HARV,HARV_050,Harvard Forest & Quabbin Watershed NEON,tower,-72.179357,42.53627,368.38,7135.144215530903,7577.727416798732,6760.629160063392,7437.302694136292,7433.923930269413,7539.375594294769,7575.668779714738,7282.5546751188585
HARV,HARV_036,Harvard Forest & Quabbin Watershed NEON,tower,-72.173143,42.542114,370.46,7705.556506849314,8788.054794520545,7833.859589041095,8436.773972602738,8214.787671232876,8477.104452054793,8639.681506849314,8218.171232876712
HARV,HARV_052,Harvard Forest & Quabbin Watershed NEON,tower,-72.176577,42.54213,358.86,7683.565560821486,8360.823064770932,7440.19747235387,9406.341232227487,8054.829383886256,8227.314375987362,8224.838862559242,9339.067930489731
HARV,HARV_039,Harvard Forest & Quabbin Watershed NEON,tower,-72.17769,42.533247,373.21,7584.86303630363,8336.53795379538,7381.348184818482,8766.971947194717,7836.699669966997,8044.846534653466,8253.922442244224,8557.91584158416
HARV,HARV_034,Harvard Forest & Quabbin Watershed NEON,tower,-72.177968,42.535686,372.14,7583.394822006473,8321.114886731393,7474.40291262136,8282.754045307443,8024.59223300971,8074.692556634304,8319.8430420712,8154.10355987055
HARV,HARV_042,Harvard Forest & Quabbin Watershed NEON,tower,-72.176562,42.534167,370.97,7949.766778523491,8945.872483221476,8037.89597315436,8641.354026845636,8427.845637583892,8637.657718120805,8901.909395973154,8353.597315436242
HARV,HARV_045,Harvard Forest & Quabbin Watershed NEON,tower,-72.1713,42.542078,370.01,7725.121527777778,8754.737847222223,7865.640625,8252.767361111111,8208.763888888889,8510.92534722222,8662.012152777777,7944.095486111111
HARV,HARV_047,Harvard Forest & Quabbin Watershed NEON,tower,-72.175706,42.536689,367.28,7740.871186440679,8817.364406779661,7943.537288135594,8372.742372881357,8280.754237288136,8501.42033898305,8757.949152542373,7972.364406779661
HARV,HARV_038,Harvard Forest & Quabbin Watershed NEON,tower,-72.177877,42.537334,367.41,7093.665016501651,7529.496699669967,6650.706270627063,7352.519801980198,7256.806930693068,7356.442244224423,7442.744224422443,7148.247524752474
HARV,HARV_051,Harvard Forest & Quabbin Watershed NEON,tower,-72.179146,42.534078,370.02,8209.941362916006,9020.684627575278,8121.445324881142,9141.708399366085,8498.529318541998,8663.654516640254,8877.55467511886,8871.961965134707
DCFS,DCFS_022,Dakota Coteau Field Site NEON,distributed,-99.10658,47.155078,575.47,4869.971061093248,4144.799035369774,3881.5225080385844,4409.618971061092,3329.6109324758836,3944.2250803858524,4178.85691318328,4239.729903536977
DCFS,DCFS_027,Dakota Coteau Field Site NEON,distributed,-99.175504,47.20566,585.68,4497.046852122987,3791.1039531478764,3736.1874084919473,4227.878477306003,3092.020497803807,3762.742313323573,3920.477306002929,3829.998535871157
DCFS,DCFS_030,Dakota Coteau Field Site NEON,distributed,-99.056402,47.171017,513.5,4655.948470209339,4047.789049919485,3825.381642512077,4440.325281803543,3167.7938808373588,3859.1497584541057,3945.3574879227053,4152.83574879227
DCFS,DCFS_001,Dakota Coteau Field Site NEON,distributed,-99.16681,47.207842,574.63,4420.594855305466,3778.6961414790994,3746.807073954984,4232.790996784565,3204.0627009646296,3854.276527331189,3925.344051446945,3938.782958199357
DCFS,DCFS_007,Dakota Coteau Field Site NEON,distributed,-99.115691,47.163429,568.5,4547.711988304092,3941.773391812865,3747.701754385965,4044.34649122807,3062.0087719298244,3907.9298245614036,3807.130116959064,3957.182748538012
DCFS,DCFS_003,Dakota Coteau Field Site NEON,distributed,-99.184204,47.206173,587.5,4335.128467153284,3741.3372262773732,3596.963503649635,4040.5956204379563,2968.579562043796,3656.548905109489,3892.2204379562045,3718.9766423357664
DCFS,DCFS_012,Dakota Coteau Field Site NEON,distributed,-99.058774,47.16941,521.21,4637.699853587115,4017.064421669106,3620.9385065885795,4460.913616398242,3178.808199121522,3933.3762811127376,4064.941434846266,4028.05710102489
DCFS,DCFS_014,Dakota Coteau Field Site NEON,distributed,-99.057536,47.119264,573.38,4915.356725146197,4288.8216374269,4157.1754385964905,4365.884502923976,3345.226608187135,4020.111111111111,4010.032163742689,4222.194444444444
DCFS,DCFS_016,Dakota Coteau Field Site NEON,distributed,-99.114094,47.156969,574.73,4744.427419354838,4146.643548387096,3776.7225806451615,4357.91129032258,3207.1032258064515,3890.4080645161284,4055.2306451612894,4100.0161290322585
DCFS,DCFS_005,Dakota Coteau Field Site NEON,distributed,-99.166392,47.19814,564.03,4581.190625,3768.3078125000006,3795.1187499999996,4067.9812500000003,3200.4187500000003,3865.6265625000005,3627.7234375000003,3721.9062499999995
DCFS,DCFS_020,Dakota Coteau Field Site NEON,distributed,-99.056798,47.169401,520.03,4649.143317230273,4022.698872785829,3709.0370370370365,4458.771336553945,3132.239935587761,3956.1867954911436,4047.1739130434776,4003.9404186795487
DCFS,DCFS_023,Dakota Coteau Field Site NEON,distributed,-99.170778,47.210807,580.41,4312.852090032154,3713.911575562701,3749.0659163987134,4188.803858520901,2941.635048231511,3773.221864951768,4001.2942122186487,3808.7073954983916
DCFS,DCFS_024,Dakota Coteau Field Site NEON,distributed,-99.053236,47.169133,510.98,4705.6151368760065,4076.7874396135267,3868.7069243156193,4399.950080515297,3148.9951690821254,3922.6859903381637,4032.4508856682764,4001.0177133655393
DCFS,DCFS_025,Dakota Coteau Field Site NEON,distributed,-99.112506,47.158836,570.73,4728.571637426901,3970.3976608187136,3672.461988304094,4287.333333333334,3121.4912280701756,3913.2441520467833,4055.7836257309946,4034.52485380117
DCFS,DCFS_026,Dakota Coteau Field Site NEON,distributed,-99.167586,47.199748,568.52,4444.603498542275,3628.2463556851308,3689.6938775510207,4165.587463556852,3266.6399416909626,3779.0160349854227,3580.8002915451902,3639.192419825073
DCFS,DCFS_006,Dakota Coteau Field Site NEON,distributed,-99.05087,47.173174,500.11,4575.9872,3998.0719999999997,3699.4447999999998,4449.896,3079.9471999999996,3910.2704,4088.5968,4189.0608
DCFS,DCFS_028,Dakota Coteau Field Site NEON,distributed,-99.054847,47.173178,506.63,4442.6304,3800.3264000000004,3515.2511999999997,4353.427199999999,2968.3583999999996,3650.6784000000007,3870.1663999999996,3841.7888000000003
DCFS,DCFS_029,Dakota Coteau Field Site NEON,distributed,-99.173897,47.199472,573.01,4803.614825581396,3898.6671511627906,3881.223837209303,4258.54796511628,3337.8052325581402,3897.3837209302333,3737.2078488372094,3810.6497093023254
DCFS,DCFS_002,Dakota Coteau Field Site NEON,distributed,-99.169577,47.207302,575.64,4388.810289389069,3735.8874598070747,3734.110932475885,4301.964630225081,3272.0530546623804,3888.786173633441,3878.2813504823157,3972.6623794212214
DCFS,DCFS_008,Dakota Coteau Field Site NEON,distributed,-99.118452,47.163711,568.49,4619.107028753993,3989.2875399361023,3768.482428115016,4103.931309904154,3151.1725239616612,3940.02715654952,3893.405750798722,4094.3146964856232
DCFS,DCFS_010,Dakota Coteau Field Site NEON,distributed,-99.171961,47.209998,577.42,4328.420289855073,3645.446376811594,3713.3942028985507,4239.997101449276,3084.960869565217,3722.6985507246372,3786.3217391304343,3948.504347826087
DCFS,DCFS_011,Dakota Coteau Field Site NEON,distributed,-99.173924,47.202167,577.29,4857.4418604651155,3900.127906976744,4025.1279069767447,4379.960755813954,3350.0188953488373,3827.8125,3873.3895348837204,3734.7325581395353
DCFS,DCFS_013,Dakota Coteau Field Site NEON,distributed,-99.171564,47.205682,575.86,4335.314102564103,3561.267628205129,3565.7692307692314,4300.269230769231,3296.8910256410263,3836.1746794871806,3844.2708333333335,3911.6346153846157
DCFS,DCFS_015,Dakota Coteau Field Site NEON,distributed,-99.111308,47.154005,575.73,4878.888178913739,4199.423322683706,3933.637380191695,4351.305111821087,3282.6022364217256,4086.1054313099044,4094.9217252396174,4234.094249201278
DCFS,DCFS_017,Dakota Coteau Field Site NEON,distributed,-99.108154,47.155614,577.54,4779.080527086384,4037.4773060029283,3789.2591508052715,4371.617862371889,3256.5827232796482,3930.6734992679353,4121.7701317715955,4091.729136163982
DCFS,DCFS_018,Dakota Coteau Field Site NEON,distributed,-99.166399,47.204349,574.07,4503.758418740849,3637.1493411420206,3476.751098096632,4283.755490483163,3223.4743777452422,3829.0849194729135,3738.333821376282,3780.818448023426
DCFS,DCFS_004,Dakota Coteau Field Site NEON,distributed,-99.051268,47.171565,507.2,4408.961932650073,3751.020497803807,3657.4963396778917,4201.695461200586,2843.81112737921,3696.5314787701323,3810.163982430454,3656.3733528550515
DCFS,DCFS_019,Dakota Coteau Field Site NEON,distributed,-99.174701,47.19786,572.05,4900.735766423357,3983.2072992700723,3900.372262773722,4286.445255474452,3304.3284671532847,3848.7474452554748,3796.4700729927004,3805.83503649635
DCFS,DCFS_021,Dakota Coteau Field Site NEON,distributed,-99.173129,47.203511,577.55,4802.899563318777,3866.589519650655,3838.8064046579325,4247.378457059679,3152.193595342067,3700.276564774382,3702.270742358078,3780.014556040756
DCFS,DCFS_062,Dakota Coteau Field Site NEON,tower,-99.110281,47.162314,569.28,4827.757709251102,4252.314243759177,3934.1204111600587,4325.186490455212,3288.1850220264314,3966.688693098384,4115.296622613802,4093.182085168869
DCFS,DCFS_065,Dakota Coteau Field Site NEON,tower,-99.11068,47.160965,571.66,4826.2206095791,4006.0899854862114,3828.2656023222057,4376.973875181422,3267.2119013062406,3986.6023222060953,4075.9448476052244,4007.0377358490564
DCFS,DCFS_067,Dakota Coteau Field Site NEON,tower,-99.109882,47.163131,573.94,4641.444799999999,4011.5183999999995,3748.1776,4246.272,3200.1088,3857.139199999999,3937.3264,3839.6159999999995
NOGP,NOGP_016,Northern Great Plains Research Laboratory NEON,distributed,-100.917702,46.781753,552.76,4563.382005899706,3896.210914454278,4133.861356932153,4156.109144542773,3547.048672566372,4151.491150442478,4186.04867256637,3818.5014749262536
NOGP,NOGP_017,Northern Great Plains Research Laboratory NEON,distributed,-100.916884,46.792018,557.15,4041.1065088757396,3735.9112426035504,3795.701183431953,4091.908284023669,3600.050295857988,4088.2810650887577,3983.9082840236692,3411.5517751479288
NOGP,NOGP_021,Northern Great Plains Research Laboratory NEON,distributed,-100.919552,46.800616,545.44,3942.261061946902,3389.2256637168134,3330.98820058997,3875.9498525073745,3604.6297935103244,4010.2050147492614,3966.2418879056045,3318.551622418878
NOGP,NOGP_022,Northern Great Plains Research Laboratory NEON,distributed,-100.904137,46.798173,542.65,4230.892800000001,3757.9392000000007,3650.4800000000005,4172.4000000000005,3639.7104,3907.496000000001,4002.9680000000003,3508.1968000000015
NOGP,NOGP_024,Northern Great Plains Research Laboratory NEON,distributed,-100.902581,46.799269,555.41,3744.2673559822756,3084.344165435747,3291.1285081240776,3888.63072378139,3263.7533234859684,3678.1048744460863,3658.0812407680955,3093.9246676514035
NOGP,NOGP_009,Northern Great Plains Research Laboratory NEON,distributed,-100.914474,46.801783,547.14,3899.364341085271,3521.145736434108,3557.393798449613,3999.4108527131784,3522.9968992248064,3846.51007751938,3886.454263565892,3400.7581395348834
NOGP,NOGP_010,Northern Great Plains Research Laboratory NEON,distributed,-100.916361,46.765843,586.84,4118.359050445103,3289.2314540059347,3519.4035608308604,3978.126112759644,3559.1721068249262,3935.96587537092,3590.959940652819,3271.77002967359
NOGP,NOGP_041,Northern Great Plains Research Laboratory NEON,distributed,-100.921628,46.781417,577.96,4330.1405563689605,3660.783308931186,3839.5051244509527,3933.4773060029283,3429.0497803806734,4087.458272327965,4103.241581259151,3445
NOGP,NOGP_013,Northern Great Plains Research Laboratory NEON,distributed,-100.919404,46.774433,568.29,4471.446402349487,3921.248164464024,3935.4126284875188,4140.785609397944,3594.807635829663,4209.541850220266,4103.86490455213,3617.2232011747437
NOGP,NOGP_019,Northern Great Plains Research Laboratory NEON,distributed,-100.90823,46.791632,545.65,3859.9212962962965,3373.837962962963,3486.376543209877,3877.1435185185187,3427.7438271604938,3824.1836419753095,3865.2361111111118,3081.304012345679
NOGP,NOGP_011,Northern Great Plains Research Laboratory NEON,distributed,-100.920393,46.779813,571.57,4444.616747181964,3763.5893719806763,3857.457326892108,3956.190016103059,3552.61191626409,4158.188405797101,4181.299516908212,3407.3349436392914
NOGP,NOGP_014,Northern Great Plains Research Laboratory NEON,distributed,-100.903673,46.80763,527.98,3721.9456193353476,3200.4637462235646,3415.1948640483383,3639.873111782478,3133.947129909366,3323.3564954682784,3269.4048338368584,2990.256797583082
NOGP,NOGP_002,Northern Great Plains Research Laboratory NEON,distributed,-100.911965,46.798586,553.71,3860.291666666667,3564.126488095239,3416.6249999999995,3899.4375,3567.46875,3873.8497023809527,3674.7351190476193,3168.2276785714284
NOGP,NOGP_001,Northern Great Plains Research Laboratory NEON,distributed,-100.915421,46.806092,526.24,3727.5130568356367,3196.9569892473114,3388.066052227343,3812.153609831029,3221.877112135176,3569.456221198156,3600.574500768048,3097.5990783410134
NOGP,NOGP_015,Northern Great Plains Research Laboratory NEON,distributed,-100.911927,46.785603,543.08,4221.851330203442,3546.9999999999995,3783.6995305164314,4081.352112676056,3482.2707355242565,4113.226917057903,3995.2989045383406,3575.9577464788736
NOGP,NOGP_018,Northern Great Plains Research Laboratory NEON,distributed,-100.921419,46.764946,591.36,4267.469298245614,3463.659356725146,3458.4064327485376,4045.8625730994145,3550.9561403508765,4045.5160818713443,3982.609649122807,3405.7134502923977
NOGP,NOGP_020,Northern Great Plains Research Laboratory NEON,distributed,-100.91172,46.779953,565.14,4202.619335347433,3339.4395770392753,3590.385196374623,3913.706948640483,3465.438066465257,3988.1737160120847,3788.7507552870093,3366.9501510574014
NOGP,NOGP_023,Northern Great Plains Research Laboratory NEON,distributed,-100.910403,46.786461,543.77,3982.3436123348015,3422.4625550660794,3691.745961820852,3947.8869309838474,3264.676945668135,3941.998531571219,3805.3803230543313,3281.3861967694565
NOGP,NOGP_025,Northern Great Plains Research Laboratory NEON,distributed,-100.92106,46.766302,592.21,4223.761363636364,3308.795454545455,3425.39448051948,3973.4025974025976,3461.295454545455,3939.7029220779214,3956.738636363636,3267.875
NOGP,NOGP_026,Northern Great Plains Research Laboratory NEON,distributed,-100.904793,46.806001,536.43,3991.9025110782873,3462.4475627769575,3516.7267355982276,3976.342688330872,3275.131462333826,3611.2392909896603,3634.53471196455,3179.1270310192026
NOGP,NOGP_027,Northern Great Plains Research Laboratory NEON,distributed,-100.907335,46.788396,547.22,3832.0656716417902,3356.899999999999,3570.382089552238,3893.7462686567155,3417.9641791044774,3898.659701492537,3738.210447761193,3165.4477611940297
NOGP,NOGP_028,Northern Great Plains Research Laboratory NEON,distributed,-100.904617,46.801135,539.1,4155.241324921136,3677.2239747634076,3536.716088328076,4296.230283911672,3530.7902208201895,3817.889589905363,3975.441640378549,3555.2476340694006
NOGP,NOGP_029,Northern Great Plains Research Laboratory NEON,distributed,-100.921117,46.789517,574.9,4182.6132879046,3484.9233390119257,3705.4361158432707,4332.146507666099,3549.5792163543447,3945.289608177172,3972.6371379897787,3396.250425894378
NOGP,NOGP_030,Northern Great Plains Research Laboratory NEON,distributed,-100.921568,46.791118,569.86,3865.954277286135,3335.753687315634,3556.244837758112,4288.945427728614,3653.991150442478,4020.6578171091455,4052.8436578171086,3278.1283185840707
NOGP,NOGP_005,Northern Great Plains Research Laboratory NEON,distributed,-100.915127,46.786915,566.42,4115.370481927712,3357.4789156626503,3594.643072289157,3989.188253012048,3272.4548192771085,3688.6370481927715,3837.972891566266,3404.8509036144583
NOGP,NOGP_012,Northern Great Plains Research Laboratory NEON,distributed,-100.915884,46.786096,565.3,4212.480234260614,3501.3674963396775,3703.5051244509514,4024.8389458272327,3428.572474377745,3796.9297218155198,3785.1786237188862,3456.7276720351383
NOGP,NOGP_006,Northern Great Plains Research Laboratory NEON,distributed,-100.916842,46.769079,588.41,4150.872403560831,3338.075667655786,3238.023738872404,3888.9379615952735,3378.4213649851636,3828.2002967359053,3704.5474777448076,3340.1846381093064
NOGP,NOGP_061,Northern Great Plains Research Laboratory NEON,tower,-100.912511,46.76806,583.21,4294.037156704361,3382.8562197092083,3673.723747980614,4140.071082390952,3579.526655896607,4023.470113085621,3675.242326332794,3389.9725363489497
NOGP,NOGP_062,Northern Great Plains Research Laboratory NEON,tower,-100.919713,46.772266,575.58,4607.780998389694,3637.2061191626417,4019.779388083736,4272.719806763285,3527.0112721417067,4013.3945249597427,3982.6843800322063,3659.045088566828
NOGP,NOGP_064,Northern Great Plains Research Laboratory NEON,tower,-100.913769,46.770749,585.57,4249.075806451613,3563.933870967742,3433.259677419355,4023.8983870967745,3476.764516129033,3949.8322580645167,3672.612903225807,3403.874193548387
WOOD,WOOD_001,Chase Lake National Wildlife Refuge NEON,distributed,-99.257768,47.128258,596.32,4337.5754026354325,3513.366032210835,3690.614934114202,3684.159590043925,3086.8740849194733,3670.635431918009,3681.510980966325,3475.1332357247447
WOOD,WOOD_002,Chase Lake National Wildlife Refuge NEON,distributed,-99.232896,47.136134,573.59,4318.788629737609,3623.8017492711365,3687.622448979592,3905.6282798833818,3209.5349854227397,3694.1297376093294,3634.6297376093294,3736.973760932944
WOOD,WOOD_003,Chase Lake National Wildlife Refuge NEON,distributed,-99.239944,47.118581,585.7,4326.065597667639,3334.838192419825,3410.6895043731774,8780.313411078718,2652.4241982507288,3525.139941690961,3234.4985422740524,7690.94606413994
WOOD,WOOD_004,Chase Lake National Wildlife Refuge NEON,distributed,-99.253801,47.12584,594.06,4599.160493827161,3758.96450617284,3849.716049382717,3930.009259259259,3144.115740740741,3794.0046296296296,3833.7299382716046,3903.496913580247
WOOD,WOOD_005,Chase Lake National Wildlife Refuge NEON,distributed,-99.251928,47.149339,590.33,4364.658857979502,3597.5695461200585,3598.1830161054168,4073.631498470949,2843.399707174231,3329.3879941434843,3830.7745241581256,3991.105504587156
WOOD,WOOD_006,Chase Lake National Wildlife Refuge NEON,distributed,-99.247173,47.142318,590.34,4624.826923076922,3618.147435897435,3719.152243589743,4062.858974358974,2925.7467948717954,3525.684294871795,3490.245192307692,3864.209935897435
WOOD,WOOD_007,Chase Lake National Wildlife Refuge NEON,distributed,-99.249895,47.134755,594.65,3954.804664723032,3207.1195335276975,3244.0087463556847,3514.2507288629736,2619.1851311953346,3059.4562682215737,3201.469387755102,3099.457725947522
WOOD,WOOD_008,Chase Lake National Wildlife Refuge NEON,distributed,-99.21116,47.142128,570.79,4585.325547445256,4002.4963503649633,3963.3999999999996,4271.47299270073,3045.7138686131384,3789.338686131387,3939.551824817517,4003.9226277372263
WOOD,WOOD_009,Chase Lake National Wildlife Refuge NEON,distributed,-99.232933,47.145051,576.88,4425.793557833089,3663.6120058565157,3805.06149341142,4119.494875549049,3055.843338213763,3676.087847730601,3725.790629575403,3842.3513909224016
WOOD,WOOD_010,Chase Lake National Wildlife Refuge NEON,distributed,-99.225413,47.146681,585.6,4507.635568513119,3811.867346938776,3657.8236151603505,4007.2201166180757,2691.236151603499,3557.374635568514,3876.5874635568516,3705.077259475219
WOOD,WOOD_011,Chase Lake National Wildlife Refuge NEON,distributed,-99.263721,47.129592,602.23,4862.185131195335,4149.873177842565,3840.386297376093,4262.889212827988,3239.620991253644,3766.9781341107873,4015.932944606414,4202.096209912536
WOOD,WOOD_012,Chase Lake National Wildlife Refuge NEON,distributed,-99.23405,47.129131,575.29,5519.956268221574,4342.588921282799,4443.368804664723,5089.056851311953,3717.1880466472303,4547.434402332361,4893.616618075802,4606.845481049562
WOOD,WOOD_014,Chase Lake National Wildlife Refuge NEON,distributed,-99.23725,47.139909,580.13,4705.035190615837,3419.5806451612907,3747.826979472141,4097.013196480939,2950.760997067449,3555.7287390029333,3639.255131964809,3820.2199413489743
WOOD,WOOD_015,Chase Lake National Wildlife Refuge NEON,distributed,-99.231364,47.151523,591.21,4343.22840409956,3812.9882869692524,3721.420204978038,4062.704245973646,2586.1405563689605,3434.5124450951685,3949.2840409956075,3974.1508052708637
WOOD,WOOD_016,Chase Lake National Wildlife Refuge NEON,distributed,-99.225794,47.141017,571.6,4592.662756598241,3801.0146627565987,3977.4809384164228,4015.2126099706747,2883.9530791788857,3583.9046920821115,3736.887096774194,3846.0366568914956
WOOD,WOOD_017,Chase Lake National Wildlife Refuge NEON,distributed,-99.247919,47.135031,592.72,4255.432944606416,3168.0451895043734,3414.510204081633,3893.0553935860057,2648.4489795918366,3369.7026239067063,3553.5335276967935,3403.556851311954
WOOD,WOOD_018,Chase Lake National Wildlife Refuge NEON,distributed,-99.216702,47.142657,578.68,3680.435483870968,3098.53064516129,3035.48064516129,3437.06129032258,2539.062903225806,3009.1564516129033,3026.883870967742,2990.4935483870963
WOOD,WOOD_019,Chase Lake National Wildlife Refuge NEON,distributed,-99.244808,47.146385,592.38,4634.413138686131,3467.973722627737,3704.052554744526,3995.884671532846,2958.0744525547448,3649.0890510948902,3701.6700729927006,3873.2423357664225
WOOD,WOOD_020,Chase Lake National Wildlife Refuge NEON,distributed,-99.255844,47.136633,600.05,4483.046852122986,3780.941434846266,3730.9033674963393,3967.4699853587117,2984.660322108345,3642.811127379209,3776.3074670571004,3716.7101024890185
WOOD,WOOD_042,Chase Lake National Wildlife Refuge NEON,tower,-99.245921,47.129092,584.49,4647.729257641922,3867.953420669578,3918.9388646288216,4168.609898107715,3387.1368267831153,3784.2154294032025,3512.551673944687,3757.9825327510925
WOOD,WOOD_043,Chase Lake National Wildlife Refuge NEON,tower,-99.242763,47.131002,580.22,4530.432,3672.996799999999,3754.3344,8737.64,3126.3520000000003,3649.4015999999997,3285.0175999999997,7854.4176
WOOD,WOOD_044,Chase Lake National Wildlife Refuge NEON,tower,-99.243528,47.12829,586.4,4399.858187134503,3629.1725146198823,3686.923976608187,7097.517543859649,2995.5716374269005,3519.178362573099,3324.564327485379,6612.03947368421
YELL,YELL_002,Yellowstone National Park NEON,distributed,-110.634896,44.932467,2125.1,1934.1613418530353,1854.2268370607028,1910.9952076677314,1855.9600638977638,1469.9744408945687,1901.515974440894,2223.126198083067,1893.6964856230027
YELL,YELL_003,Yellowstone National Park NEON,distributed,-110.533202,44.954777,2120.77,1847.1213960546283,1727.3717754172992,1775.0349013657058,1882.0864946889226,1288.2564491654023,1778.6160849772382,2256.224582701062,1695.4264036418817
YELL,YELL_004,Yellowstone National Park NEON,distributed,-110.593234,44.962834,1991.53,2243.0091324200916,2202.844748858448,2354.624048706241,1946.20395738204,1816.9528158295282,2248.9467275494676,2763.8767123287676,1761.0745814307459
YELL,YELL_005,Yellowstone National Park NEON,distributed,-110.631377,44.948383,2112,1909.6894977168954,1879.1324200913245,2014.1704718417052,1953.9147640791482,1512.4703196347034,1927.2115677321158,2278.762557077626,1829.5464231354642
YELL,YELL_006,Yellowstone National Park NEON,distributed,-110.562787,44.971091,2049.69,1943.9041095890411,1935.0837138508375,1920.6940639269405,1961.660578386606,1399.7382039573818,1918.7321156773207,2407.9315068493147,1805.93302891933
YELL,YELL_007,Yellowstone National Park NEON,distributed,-110.428945,44.917831,2084.17,1686.6636225266366,1696.371385083714,1744.337899543379,1848.887366818874,1257.2176560121766,1653.1202435312025,1949.0289193302895,1668.205479452055
YELL,YELL_008,Yellowstone National Park NEON,distributed,-110.613808,44.959683,2200.17,2250.9031719532554,2142.87979966611,2143.4657762938227,2232.974958263773,1617.0033388981635,2259.1535893155256,2875.2737896494154,2018.414023372287
YELL,YELL_009,Yellowstone National Park NEON,distributed,-110.501884,44.970313,2000.29,5645.747720364741,5230.156534954408,5331.496960486323,4706.244680851065,4181.629179331308,4974.577507598784,6225.384498480244,4767.597264437691
YELL,YELL_010,Yellowstone National Park NEON,distributed,-110.395165,44.916045,1912.34,1407.65296803653,1446.5677321156772,1502.9132420091325,1542.246575342466,989.537290715373,1375.1187214611873,1605.3181126331813,1401.248097412481
YELL,YELL_011,Yellowstone National Park NEON,distributed,-110.59138,44.957159,2017.34,1794.05033557047,1771.942953020134,1895.323825503356,1918.4664429530203,1354.523489932886,1889.058724832215,2334.1543624161077,1784.9010067114098
YELL,YELL_012,Yellowstone National Park NEON,distributed,-110.433659,44.944613,1901.49,4837.624999999999,4652.743902439024,4507.126524390243,4293.350609756097,3372.4710365853653,4336.943597560975,5096.550304878048,4286.150914634146
YELL,YELL_013,Yellowstone National Park NEON,distributed,-110.542179,44.972918,2031.52,1959.1763727121465,2059.615640599001,2109.6322795341093,1961.5324459234607,1506.2762063227954,2073.5257903494175,2595.965058236273,1790.8935108153078
YELL,YELL_014,Yellowstone National Park NEON,distributed,-110.618703,44.96698,2240.68,1738.3165905631663,1730.6499238964993,1827.5159817351598,1862.6484018264841,1339.2861491628614,1810.8127853881278,2290.5479452054797,1748.199391171994
YELL,YELL_015,Yellowstone National Park NEON,distributed,-110.38335,44.919496,1894.43,1624.4674457429048,1675.126878130217,1871.0183639398997,1829.6727879799666,1168.1435726210348,1687.8113522537562,1929.5425709515862,1753.607679465776
YELL,YELL_016,Yellowstone National Park NEON,distributed,-110.583711,44.965771,2046.81,1893.0290519877674,1999.2308868501525,2054.0045871559637,1754.1590214067278,1420.6727828746175,2004.7232415902138,2414.0412844036696,1484.4663608562691
YELL,YELL_017,Yellowstone National Park NEON,distributed,-110.418537,44.936155,1919.58,1448.735249621785,1529.8638426626321,1596.6898638426624,1642.512859304084,1027.8577912254157,1541.2708018154308,1786.8184568835095,1598.1527987897123
YELL,YELL_071,Yellowstone National Park NEON,distributed,-110.429201,44.932974,1951.3,1454.4589665653493,1445.7264437689971,1471.4072948328267,1560.6808510638296,923.7386018237083,1425.158054711246,1677.4437689969602,1398.644376899696
YELL,YELL_018,Yellowstone National Park NEON,distributed,-110.494684,44.968661,1967.65,1809.3166666666668,1782.2560606060608,1961.6000000000006,1746.509090909091,1244.2787878787883,1828.1818181818182,2174.8545454545456,1614.518181818182
YELL,YELL_019,Yellowstone National Park NEON,distributed,-110.494795,44.955431,2153.01,1790.0134003350088,1812.9279731993302,1961.5142378559465,2027.7286432160809,1361.237855946399,1968.7236180904524,2387.128978224456,1906.7135678391962
YELL,YELL_020,Yellowstone National Park NEON,distributed,-110.648504,44.943866,2111.24,2596.0960365853657,2401.4496951219517,2289.788109756098,2301.830792682927,1894.032012195122,2561.923780487805,3025.91768292683,2431.4695121951227
YELL,YELL_021,Yellowstone National Park NEON,distributed,-110.418459,44.904015,2103.66,5301.148318042814,4983.649847094802,4887.5,5118.888379204894,3675.1330275229357,4599.643730886851,5357.385321100917,4932.9908256880735
YELL,YELL_022,Yellowstone National Park NEON,distributed,-110.432189,44.938373,1920.24,4124.612708018155,4072.863842662632,3918.847201210287,4097.487140695915,2955.38880484115,3711.697428139183,4561.559757942511,3738.413010590015
YELL,YELL_023,Yellowstone National Park NEON,distributed,-110.63332,44.938144,2071.54,5919.160305343513,5603.485496183206,5676.0137404580155,5255.108396946564,4547.807633587787,5563.193893129771,6416.969465648856,5563.9893129771
YELL,YELL_024,Yellowstone National Park NEON,distributed,-110.492027,44.968096,1985.47,2062.6707132018205,2149.3717754172985,2318.362670713202,1538.4779969650986,1471.130500758725,2044.7010622154783,2356.3717754172985,1439.5918057663125
YELL,YELL_025,Yellowstone National Park NEON,distributed,-110.503423,44.966541,2024.58,2649.1200607902733,2738.4057750759875,2770.6215805471124,1917.8313069908818,2000.2735562310027,2615.1124620060787,3119.507598784194,1726.4756838905773
YELL,YELL_026,Yellowstone National Park NEON,distributed,-110.648534,44.939789,2122.22,3516.89193302892,3401.086757990868,3505.459665144597,3352.3942161339423,2632.666666666667,3605.1948249619495,3999.039573820396,3400.170471841705
YELL,YELL_027,Yellowstone National Park NEON,distributed,-110.598574,44.961505,2037.57,2234.19391025641,2408.1201923076924,2647.6939102564097,1770.790064102564,1987.7259615384614,2285.3060897435894,2821.942307692307,1654.1634615384612
YELL,YELL_028,Yellowstone National Park NEON,distributed,-110.414688,44.901035,2136.55,4845.3933333333325,4628.305,4643.451666666666,4806.6849999999995,3392.37,4097.008333333333,5057.613333333333,4641.124999999999
YELL,YELL_029,Yellowstone National Park NEON,distributed,-110.641312,44.939773,2110.34,5895.0653266331665,5465.6013400335005,5356.86934673367,2221.619765494138,4474.931323283084,5470.058626465662,6451.882747068678,2557.314907872697
YELL,YELL_030,Yellowstone National Park NEON,distributed,-110.652759,44.934141,2195.86,5881.360305343511,5775.01679389313,5859.948091603053,5213.018320610688,4628.441221374046,5564.650381679389,6789.444274809161,5197.186259541985
YELL,YELL_043,Yellowstone National Park NEON,tower,-110.540081,44.950475,2153.24,3894.240487062405,3969.368340943684,3857.377473363776,4050.132420091324,3082.608828006088,3855.876712328767,4649.992389649925,3825.482496194825
YELL,YELL_044,Yellowstone National Park NEON,tower,-110.534358,44.953426,2139.86,2288.0681818181815,2146.831818181818,2135.5681818181815,2260.8515151515153,1594.9499999999996,2154.410606060606,2668.6166666666663,1982.5606060606058
YELL,YELL_045,Yellowstone National Park NEON,tower,-110.536291,44.950204,2155.79,2463.431402439025,2273.100609756098,2241.9786585365855,2366.6128048780492,1660.7256097560976,2303.3399390243903,2930.1204268292686,2079.0746951219517
YELL,YELL_046,Yellowstone National Park NEON,tower,-110.541582,44.952363,2155.36,4607.386605783865,4531.3287671232865,4370.598173515982,4521.327245053272,3429.867579908675,4307.506849315068,5423.299847792998,3941.429223744292
YELL,YELL_047,Yellowstone National Park NEON,tower,-110.534361,44.952354,2149.07,2795.128593040847,2596.4644478063533,2501.2586989409983,2603.4810892586984,1940.243570347957,2538.5113464447804,3104.2420574886532,2339.0862329803326
YELL,YELL_048,Yellowstone National Park NEON,tower,-110.536649,44.951273,2148.98,4698.202723146747,4415.423600605143,4180.508320726172,4258.284417549167,3314.8683812405443,4163.934947049925,5131.966717095311,3894.086232980333
YELL,YELL_049,Yellowstone National Park NEON,tower,-110.538939,44.951556,2132.57,2143.292642140468,2175.275919732441,2165.7341137123744,2280.5,1622.3026755852843,2283.076923076923,2632.152173913043,2123.5668896321067
YELL,YELL_050,Yellowstone National Park NEON,tower,-110.543079,44.95508,2118.01,2308.367624810893,2183.6127080181545,2141.4841149773065,2277.9727685325265,1646.337367624811,2255.5537065052945,2817.0317700453857,2117.5279878971255
YELL,YELL_051,Yellowstone National Park NEON,tower,-110.541571,44.954277,2119.7,2252.089802130898,2141.51598173516,2190.7610350076106,2280.8432267884323,1637.2146118721462,2228.8203957382043,2819.7625570776254,1978.2237442922376
YELL,YELL_052,Yellowstone National Park NEON,tower,-110.539286,44.954799,2125.74,2627.163879598662,2406.476588628763,2396.3377926421404,2361.8913043478265,1827.4916387959868,2488.359531772575,3097.93143812709,2122.180602006689
YELL,YELL_053,Yellowstone National Park NEON,tower,-110.537804,44.949928,2145.88,2253.7065052950074,2061.709531013616,2108.3509833585476,2254.8774583963686,1561.2904689863844,2195.0983358547655,2739.621785173979,2024.6898638426628
YELL,YELL_054,Yellowstone National Park NEON,tower,-110.537032,44.953436,2136.74,2653.5878787878787,2474.80303030303,2371.9651515151513,2471.4878787878793,1829.9030303030302,2484.760606060606,3059.8787878787875,2250.230303030303
YELL,YELL_055,Yellowstone National Park NEON,tower,-110.537775,44.954526,2127.56,4206.6505823627285,3971.63394342762,3760.605657237936,3928.2678868552416,2997.1064891846922,3806.3394342762067,4801.985024958402,3589.7371048252908
YELL,YELL_057,Yellowstone National Park NEON,tower,-110.544609,44.95536,2115.89,2165.610606060606,2044.704545454545,2053.187878787879,2203.6272727272726,1551.330303030303,2104.8469696969696,2684.7454545454543,2070.3757575757577
YELL,YELL_058,Yellowstone National Park NEON,tower,-110.535871,44.954246,2130.01,2692.480243161094,2616.188449848025,2534.633738601824,2690.8875379939213,1907.4240121580553,2593.1170212765965,3221.7234042553196,2389.0607902735564
YELL,YELL_059,Yellowstone National Park NEON,tower,-110.540065,44.952375,2137.82,5539.611018363941,5172.7345575959935,5064.97161936561,4922.372287145244,4106.490818030051,4941.736227045077,6451.444073455761,4625.569282136896
YELL,YELL_060,Yellowstone National Park NEON,tower,-110.543091,44.954011,2127.33,2187.129375951294,2134.4916286149164,2116.9543378995436,2248.455098934551,1578.062404870624,2221.2678843226786,2781.6894977168954,2118.534246575343
YELL,YELL_061,Yellowstone National Park NEON,tower,-110.540441,44.953449,2122.59,2455.417085427136,2305.4438860971527,2257.49581239531,2403.909547738693,1752.6683417085426,2385.6968174204353,2971.536013400335,2171.2780569514234
YELL,YELL_056,Yellowstone National Park NEON,tower,-110.534349,44.951268,2152.87,2349.19393939394,2133.636363636364,2116.6090909090913,2215.486363636364,1599.5772727272729,2149.8303030303036,2740.3424242424244,1973.9787878787881
YELL,YELL_062,Yellowstone National Park NEON,tower,-110.53702,44.952359,2140.77,3160.310030395137,2942.752279635258,2821.405775075988,2771.559270516717,2195.9848024316107,2869.232522796352,3609.8784194528876,2612.012158054711
DELA,DELA_014,Dead Lake NEON,distributed,-87.818194,32.529789,26.08,7508.103189493433,7867.575984990619,6835.87617260788,7246.996247654785,6519.13320825516,6590.8630393996245,7520.050656660413,8601.225140712946
DELA,DELA_029,Dead Lake NEON,distributed,-87.810523,32.529808,26.43,6915.564195298373,7391.4213381555155,6447.273056057867,6714.2495479204335,6227.450271247741,6176.61663652803,7206.045207956601,8172.128390596745
DELA,DELA_016,Dead Lake NEON,distributed,-87.808008,32.535814,22.39,7322.584830339321,7820.7085828343315,6873.463073852295,7095.6027944111775,6553.061876247504,6784.481037924151,7568.357285429141,8294.99001996008
DELA,DELA_028,Dead Lake NEON,distributed,-87.811463,32.535497,29.95,7310.992727272727,7710.223636363637,6833.418181818182,7054.910909090909,6525.901818181819,6679.558181818182,7489.049090909091,8486.4
DELA,DELA_026,Dead Lake NEON,distributed,-87.8112,32.534432,25.87,7375.298000000001,7674.810000000002,6707.090000000002,7163.674000000002,6588.920000000002,6765.916000000001,7512.658000000001,8545.594000000001
DELA,DELA_025,Dead Lake NEON,distributed,-87.809901,32.535528,31.44,7188.441229656418,7715.531645569618,6828.160940325497,7099.025316455695,6552.7269439421325,6767.784810126581,7487.233273056057,8452.663652802894
DELA,DELA_030,Dead Lake NEON,distributed,-87.810205,32.533085,27.11,7170.079522862823,7884.834990059642,6774.027833001988,7014.761431411532,6569.268389662028,6676.831013916501,7460.073558648111,8481.74950298211
LENO,LENO_029,Lenoir Landing NEON,distributed,-88.171035,31.830931,12.65,6632.021857923497,7838.009107468123,6690.566484517304,6541.327868852459,5537.32058287796,6089.6466302367935,6996.941712204007,7466.459016393441
LENO,LENO_064,Lenoir Landing NEON,tower,-88.160721,31.854295,12.97,7029.407999999999,7875.254,7332.700000000001,9279.762,5963.587999999999,6829.639999999999,7448.193999999999,10276.734
TALL,TALL_013,Talladega National Forest NEON,distributed,-87.454392,32.884748,118.63,7565.152877697841,8127.2356115107905,6891.7446043165455,7247.172661870503,6594.832733812948,6898.893884892086,7615.602517985611,8456.032374100718
TALL,TALL_015,Talladega National Forest NEON,distributed,-87.437886,32.916737,108.6,8491.581300813008,9683.286585365853,8478.632113821137,7806.312871287128,7926.70325203252,7485.53861788618,9173.68699186992,9940.750495049506
TALL,TALL_016,Talladega National Forest NEON,distributed,-87.415018,32.970408,103.6,8071.144841269841,8571.029761904761,7411.751984126985,7316.285714285714,7327.265873015873,7403.365079365078,8222.386904761905,8610.577380952382
TALL,TALL_017,Talladega National Forest NEON,distributed,-87.40866,32.91006,120.93,9760.125899280574,10349.830935251797,9392.492805755393,6992.302158273381,9065.627697841726,8934.643884892086,10184.544964028775,8515.823741007192
TALL,TALL_004,Talladega National Forest NEON,distributed,-87.432614,32.957884,132.22,7947.958633093524,8624.68525179856,7677.305755395683,8085.793165467625,7444.95143884892,7455.821942446042,8393.512589928057,10104.18345323741
TALL,TALL_020,Talladega National Forest NEON,distributed,-87.42683,32.955991,126.15,7835.829702970297,8348.7900990099,7279.704950495049,7302.611881188119,7111.308910891089,7241.2396039603955,8009.506930693069,8611.255445544553
TALL,TALL_021,Talladega National Forest NEON,distributed,-87.407534,32.950118,117.65,7806.955035971223,8198.442446043167,7118.991007194246,7231.609712230217,6786.224820143885,7093.350719424461,7921.775179856116,8616.616906474821
TALL,TALL_022,Talladega National Forest NEON,distributed,-87.392259,32.904182,120.23,9254.45652173913,10221.110671936758,9085.343873517786,8832.454545454544,8564.839920948616,8258.482213438734,9835.737154150198,10635.167984189724
TALL,TALL_023,Talladega National Forest NEON,distributed,-87.411967,32.929576,110.92,8577.436758893282,9905.899209486166,8483.806324110672,7585.913043478261,8133.606719367589,7688.379446640317,9297.893280632412,9254.494071146248
TALL,TALL_024,Talladega National Forest NEON,distributed,-87.421562,32.924117,128.32,8132.364356435643,9401.80396039604,8002.89108910891,7584.237623762377,7705.405940594058,7337.928712871287,8962.514851485148,9855.178217821782
TALL,TALL_026,Talladega National Forest NEON,distributed,-87.449049,32.899916,102.98,7461.525270758122,8246.57942238267,6926.985559566787,7638.2797833935,6802.543321299639,7107.940433212995,7746.897111913357,9001.815884476531
TALL,TALL_027,Talladega National Forest NEON,distributed,-87.431342,32.891309,93.04,8384.047430830038,9644.371541501978,8247.304347826088,7866.387351778655,7630.221343873517,7069.97233201581,8968.87747035573,10135.9209486166
TALL,TALL_029,Talladega National Forest NEON,distributed,-87.432036,32.901599,120.26,7187.0794223826715,8148.063176895307,6911.66606498195,4555.375451263538,7291.971119133575,7357.012635379062,8446.814079422382,5404.673285198557
TALL,TALL_006,Talladega National Forest NEON,distributed,-87.446131,32.898842,99.04,9357.150807899461,10087.213644524238,8751.67684021544,7386.660682226211,8436.748653500896,8464.718132854576,9503.373429084379,8847.104129263913
TALL,TALL_031,Talladega National Forest NEON,distributed,-87.389034,32.899318,133.99,7678.399280575541,8258.190647482015,7037.503597122302,7078.991007194244,6733.575539568346,7129.649280575541,7885.214028776979,8485.789568345326
TALL,TALL_064,Talladega National Forest NEON,distributed,-87.425248,32.959807,96.31,9484.088129496402,10354.730215827338,9203.679856115106,9463.857913669064,8602.230215827338,8546.897482014389,9868.07194244604,11151.598920863307
TALL,TALL_001,Talladega National Forest NEON,distributed,-87.432705,32.977665,100.25,8370.781981981983,9573.639639639641,8246.769369369369,8130.983783783784,7826.760360360361,7395.254054054055,9121.872072072072,10183.473873873876
TALL,TALL_007,Talladega National Forest NEON,distributed,-87.42694,32.974426,83.92,8043.895683453236,9375.805755395682,8260.084532374101,7547.408273381293,7815.154676258992,7336.607913669063,9040.611510791367,9906.935251798557
TALL,TALL_008,Talladega National Forest NEON,distributed,-87.433389,32.921617,113.4,8245.262589928056,9441.82014388489,8081.070143884892,7648.944244604316,7848.035971223021,7159.525179856113,8927.28237410072,9864.557553956834
TALL,TALL_010,Talladega National Forest NEON,distributed,-87.418704,32.926835,124.1,8280.139240506327,9321.797468354429,8022.5804701627485,8761.53707052441,7625.09945750452,7402.600361663651,8863.345388788424,10597.084990958409
TALL,TALL_002,Talladega National Forest NEON,distributed,-87.428895,32.922166,114.88,9975.007936507936,10698.714285714286,9538.039682539684,9535.742063492062,9137.809523809525,9059.638888888889,10297.09126984127,11181.765873015875
TALL,TALL_030,Talladega National Forest NEON,distributed,-87.403417,32.954489,92.55,9564.575539568345,10329.588129496406,9239.12949640288,9074.85071942446,8806.14748201439,8671.18525179856,10137.079136690647,10855.201438848922
TALL,TALL_032,Talladega National Forest NEON,distributed,-87.420834,32.910318,120.41,9793.26846846847,10492.079279279278,9385.529729729731,8704.036036036037,8932.167567567567,8769.027027027028,10207.003603603605,10300.275675675677
TALL,TALL_003,Talladega National Forest NEON,distributed,-87.415333,32.893534,120.8,8054.221782178217,8713.328712871287,7564.786138613861,6919.813861386138,7935.655445544554,8046.980198019801,8580.184158415841,8795.31287128713
TALL,TALL_018,Talladega National Forest NEON,distributed,-87.389763,32.916368,126.48,7772.324110671937,8169.152173913043,6990.067193675889,6967.393280632412,6835.727272727273,7056.685770750987,7851.326086956521,8347.480237154152
TALL,TALL_025,Talladega National Forest NEON,distributed,-87.396378,32.899566,114.54,9006.055445544553,9682.441584158416,8476.988118811882,7267.776237623762,8245.718811881188,8383.192079207922,9711.78811881188,9039.712871287127
TALL,TALL_005,Talladega National Forest NEON,distributed,-87.397336,32.897137,121.47,9278.675298804781,9951.790836653387,8743.243027888446,8556.412350597608,8520.416334661353,8335.189243027888,9872.605577689244,10584.039840637453
TALL,TALL_009,Talladega National Forest NEON,distributed,-87.406687,32.899787,108.91,7104.552158273381,7690.257194244604,6445.046762589928,7083.796762589928,6566.282374100719,6692.638489208632,7821.170863309351,8821.946043165466
TALL,TALL_012,Talladega National Forest NEON,distributed,-87.397457,32.919044,136.19,9385.501798561152,10165.440647482013,9058.258992805755,6679.859712230214,8598.28597122302,8416.931654676258,9958.881294964027,8466.976618705035
TALL,TALL_058,Talladega National Forest NEON,tower,-87.396626,32.946938,98.3,9255.446846846848,10018.861261261261,8688.117117117117,9089.863063063063,8505.36936936937,8500.726126126126,9741.643243243243,10599.290090090091
TALL,TALL_045,Talladega National Forest NEON,tower,-87.397297,32.951777,137.61,7663.148809523809,7457.569444444443,6769.732142857142,7030.380952380951,6580.672619047619,6956.303571428572,7823.996031746031,8334.547619047618
TALL,TALL_060,Talladega National Forest NEON,tower,-87.398894,32.952569,130.25,9749.88309352518,10277.69964028777,9178.352517985611,8662.13489208633,8907.706834532375,8666.857913669064,10174.38669064748,10452.035971223022
TALL,TALL_054,Talladega National Forest NEON,tower,-87.397268,32.948795,123.25,7559.846846846847,8377.358558558559,7116.592792792793,7225.6,6718.108108108108,6591.454054054055,8129.499099099099,8729.293693693695
TALL,TALL_049,Talladega National Forest NEON,tower,-87.394729,32.950699,133.64,7700.035714285715,7465.759920634921,6931.4265873015875,7187.063492063493,6811.34126984127,7103.757936507936,7906.996031746033,8437.988095238094
TALL,TALL_047,Talladega National Forest NEON,tower,-87.398914,32.951498,137.2,7431.118918918918,7650.846846846846,6700.985585585585,8357.945945945943,6604.081081081081,5904.95135135135,7800.016216216213,9891.223423423422
TALL,TALL_057,Talladega National Forest NEON,tower,-87.397927,32.947183,102.71,7887.181981981981,8363.589189189188,7216.358558558557,9339.014414414414,6967.909909909909,7220.324324324324,8175.057657657658,10784.917117117115
TALL,TALL_052,Talladega National Forest NEON,tower,-87.395672,32.949358,131.61,7828.088288288288,8217.172972972974,7128.569369369369,7452.935135135137,6977.335135135136,7108.15855855856,8152.524324324324,9090.034234234236
TALL,TALL_056,Talladega National Forest NEON,tower,-87.395989,32.948033,128.51,7715.286231884059,8063.583333333333,6724.557971014493,7352.775362318841,6768.003623188406,7132.134057971015,7876.681159420289,8356.355072463768
TALL,TALL_050,Talladega National Forest NEON,tower,-87.399209,32.950434,133.74,7735.300380228137,8092.262357414448,6952.4372623574145,7259.140684410647,6800.437262357415,6959.102661596959,7864.958174904944,8493.475285171104
TALL,TALL_048,Talladega National Forest NEON,tower,-87.396003,32.9507,140.66,7748.313609467456,7629.508875739644,7025.033530571992,7257.3944773175535,6820.147928994083,7076.950690335305,7902.751479289941,8504.136094674555
TALL,TALL_046,Talladega National Forest NEON,tower,-87.395404,32.951776,137.38,7099.736633663367,7319.251485148515,6577.099009900989,6892.017821782178,6349.718811881187,6551.813861386137,7560.720792079208,8298.463366336635
TALL,TALL_061,Talladega National Forest NEON,tower,-87.399842,32.948263,123.74,7457.766606822262,8013.341113105923,6744.876122082585,8272.366247755834,6531.2764811490115,6788.219030520647,7854.448833034112,9999.79174147217
TALL,TALL_055,Talladega National Forest NEON,tower,-87.398562,32.948542,104.87,8186.438735177867,9479.316205533598,8124.865612648222,7916.262845849803,7627.081027667986,7360.393280632413,9083.974308300398,9856.357707509882
TALL,TALL_044,Talladega National Forest NEON,tower,-87.397606,32.952869,129.14,7791.441441441442,8100.720720720722,7042.6306306306315,7005.486486486487,6761.751351351352,7097.9549549549565,8001.102702702704,8335.225225225226
TALL,TALL_053,Talladega National Forest NEON,tower,-87.3944,32.949102,121.37,9416.931283905968,10236.529837251357,8928.390596745026,8323.990958408682,8693.506329113923,8379.10849909584,10004.396021699818,10183.464737793853
TALL,TALL_051,Talladega National Forest NEON,tower,-87.397294,32.950156,116.77,9698.922800718134,10324.244165170558,9083.79712746858,8002.976660682228,8748.673249551166,8746.840215439854,10052.190305206463,9483.052064631956
TALL,TALL_042,Talladega National Forest NEON,tower,-87.396960000000007,32.953943,125.2,7487.057553956833,7953.066546762589,6789.926258992804,8991.194244604318,6306.947841726618,6603.296762589928,7719.320143884891,10411.321942446042
TALL,TALL_059,Talladega National Forest NEON,tower,-87.395041,32.946630999999996,98.2,9569.070143884894,10221.294964028779,9157.491007194243,9173.895683453238,8760.53057553957,8808.06834532374,10090.374100719426,10789.437050359713
TALL,TALL_043,Talladega National Forest NEON,tower,-87.395678,32.953402,140.96,7784.25179856115,8161.043165467624,7031.197841726617,7196.737410071943,6606.805755395683,6809.194244604315,7953.793165467627,8643.613309352517
ABBY,ABBY_001,Abby Road NEON,distributed,-122.346369,45.772619,302.62,9669.368107302535,8854.134128166916,9991.713859910582,10378.283159463486,9056.160953800298,9274.429210134129,9445.794336810732,9898.298062593143
ABBY,ABBY_002,Abby Road NEON,distributed,-122.309112,45.739055,638.38,7241.678972712682,7318.573033707866,8454.455858747993,6392.1460674157315,7192.460674157304,6570.642054574639,7167.582664526486,6073.147672552167
ABBY,ABBY_003,Abby Road NEON,distributed,-122.371092,45.762016,602.39,6171.0675675675675,5641.315315315315,6408.938438438438,10253.114114114114,5613.367867867868,5611.701201201201,6092.249249249248,9663.993993993996
ABBY,ABBY_004,Abby Road NEON,distributed,-122.298736,45.76858,586.13,5553.342857142858,5606.387969924812,6109.578947368421,6709.102255639097,4284.105263157894,4598.951879699248,5341.86015037594,6239.130827067669
ABBY,ABBY_006,Abby Road NEON,distributed,-122.298512,45.754053,534.21,10494.363636363638,9148.231404958677,10555.646280991736,10960.423140495868,9456.02479338843,10130.629752066116,10164.786776859504,10098.19173553719
ABBY,ABBY_007,Abby Road NEON,distributed,-122.361007,45.768936,444.48,9698.33548387097,8285.859677419357,8517.21612903226,8653.975806451614,9015.503225806453,9511.045161290325,9326.872580645162,8726.387096774195
ABBY,ABBY_008,Abby Road NEON,distributed,-122.355223,45.771358,352.64,9256.486486486489,8752.193693693695,9866.127627627628,10215.603603603604,8788.08108108108,8994.42042042042,9167.6411411411409,9757.57057057057
ABBY,ABBY_009,Abby Road NEON,distributed,-122.299532,45.76561,538.63,5892.071987480439,5785.43192488263,6361.158059467921,6720.708920187793,5020.651017214399,5510.804381846637,6006.500782472614,6198.090766823162
ABBY,ABBY_010,Abby Road NEON,distributed,-122.375934,45.776549,552.63,9633.224793388432,8757.178512396697,9889.761983471075,10278.623140495869,8929.295867768597,9557.204958677688,9270.19173553719,9746.109090909094
ABBY,ABBY_011,Abby Road NEON,distributed,-122.358994,45.743361,497.02,7841.1936936936945,7691.036036036037,8563.388888888889,6438.088588588589,7847.252252252251,8968.707207207208,7344.75825825826,6055.915915915915
ABBY,ABBY_013,Abby Road NEON,distributed,-122.372807,45.745332,632.58,7606.315946348732,7473.845007451563,8468.539493293589,6060.8912071535015,7123.123695976154,7490.83606557377,7207.919523099849,6110.9940387481365
ABBY,ABBY_014,Abby Road NEON,distributed,-122.317373,45.751186,466.02,10293.699173553718,9032.530578512396,10269.68595041322,10640.81652892562,9380.033057851238,9973.890909090913,9901.213223140496,10129.186776859504
ABBY,ABBY_015,Abby Road NEON,distributed,-122.300349,45.732279,703.64,6878.708708708707,7183.9024024024,8046.537537537537,6191.415915915915,6959.920420420419,6026.57207207207,6413.369369369368,6007.315315315314
ABBY,ABBY_016,Abby Road NEON,distributed,-122.332416,45.746995,379.84,10118.655639097746,9199.918796992482,10334.366917293233,10664.374436090227,9356.371428571429,9859.568421052632,9852.252631578947,10037.723308270675
ABBY,ABBY_017,Abby Road NEON,distributed,-122.369799,45.772764,495.72,5331.875375375376,4602.01051051051,5431.11861861862,10124.554054054055,5099.376876876877,5148.315315315316,5108.17867867868,9496.55705705706
ABBY,ABBY_018,Abby Road NEON,distributed,-122.38678,45.764526,459.48,7193.514049586777,6359.948760330579,7151.138842975206,5750.78347107438,7380.170247933884,8822.442975206612,6936.464462809917,5880.952066115702
ABBY,ABBY_019,Abby Road NEON,distributed,-122.325825,45.752593,418.15,5196.115615615616,4595.722222222222,5519.815315315315,5264.264264264264,4966.545045045044,5170.666666666667,5139.735735735736,4531.312312312312
ABBY,ABBY_020,Abby Road NEON,distributed,-122.303342,45.767791,505.38,10382.307692307695,9014.049099836333,9795.988543371524,9384.50572831424,9256.872340425532,9923.137479541734,9962.937806873977,9320.345335515547
ABBY,ABBY_021,Abby Road NEON,distributed,-122.317109,45.743937,500.61,7351.688271604936,7418.416666666665,8532.708333333332,6489.013888888889,6552.970679012345,7284.865740740739,6644.339506172839,6133.229938271604
ABBY,ABBY_022,Abby Road NEON,distributed,-122.320429,45.755549,386.55,8071.774774774774,8124.261261261262,8752.987987987986,5909.462462462462,8359.483483483484,8791.496996996995,7658.983483483484,5966.720720720721
ABBY,ABBY_023,Abby Road NEON,distributed,-122.381659,45.744589,507.54,5099.869969040247,4310.6578947368425,5194.684210526316,10391.981424148606,4897.989164086687,5330.698142414861,4823.312693498453,9816.456656346749
ABBY,ABBY_024,Abby Road NEON,distributed,-122.339833,45.741379,383.37,8047.785123966941,6550.297520661156,7515.047933884298,6113.04958677686,9109.935537190082,9521.795041322315,6956.355371900827,5883.140495867768
ABBY,ABBY_025,Abby Road NEON,distributed,-122.324489,45.76953,321.8,10566.957957957957,9511.316816816818,10817.013513513515,11097.225225225227,9679.959459459458,10139.456456456455,10352.235735735734,10533.94144144144
ABBY,ABBY_026,Abby Road NEON,distributed,-122.387515,45.770172,484.63,5800.917293233084,5453.902255639098,6287.491729323308,5321.242105263159,4276.048120300753,4188.007518796993,5307.899248120301,4469.855639097745
ABBY,ABBY_027,Abby Road NEON,distributed,-122.297106,45.777447,638.99,6425.9759398496235,5950.231578947368,6785.393984962407,5519.942857142857,5690.190977443609,5961.046616541354,6297.16992481203,4619.141353383458
ABBY,ABBY_028,Abby Road NEON,distributed,-122.375882,45.745361,599.2,4168.276033057851,3494.4479338842975,4335.695867768595,10452.545454545454,4023.0661157024792,4425.819834710744,3810.3719008264466,9743.55041322314
ABBY,ABBY_029,Abby Road NEON,distributed,-122.313751,45.764081,359.9,11899.525297619051,10547.011904761906,11780.328869047622,11781.623511904763,10890.943452380956,11401.709821428574,11478.888392857145,11233.534226190479
ABBY,ABBY_077,Abby Road NEON,distributed,-122.341608,45.751348,368.76,7996.6,8564.773846153847,9588.859999999999,6306.898461538461,6923.481538461538,7346.587692307691,7877.478461538461,5834.430769230768
ABBY,ABBY_041,Abby Road NEON,distributed,-122.349414,45.740623,401.39,6074.479820627804,5750.204783258595,6617.774289985052,5164.65620328849,5729.215246636772,5918.482810164424,6220.680119581464,4472.174887892376
ABBY,ABBY_061,Abby Road NEON,tower,-122.331158,45.762451,362.83,6031.034534534535,5730.166666666666,6514.768768768769,5285.1021021021015,5507.54954954955,5721.351351351351,6251.27927927928,4450.153153153153
ABBY,ABBY_073,Abby Road NEON,tower,-122.324601,45.762944,336.52,6207.961983471076,5794.125619834712,6673.370247933885,5330.20826446281,5834.581818181819,6239.006611570248,6284.981818181819,4589.376859504133
ABBY,ABBY_062,Abby Road NEON,tower,-122.328068,45.763476,342.17,6348.949329359165,5904.283159463489,6808.107302533534,5183.766020864382,5988.931445603578,6484.807749627424,6511.011922503728,4360.39046199702
ABBY,ABBY_063,Abby Road NEON,tower,-122.330038,45.760513,362.15,5842.315868263475,5453.4251497006,6292.910179640719,5156.413173652695,5198.393712574852,5558.083832335329,5911.755988023952,4495.2125748503
ABBY,ABBY_064,Abby Road NEON,tower,-122.328467,45.762429,361.1,6164.236090225563,5761.144360902255,6621.512781954888,5270.548872180451,5683.228571428572,5940.306766917293,6222,4530.366917293233
ABBY,ABBY_065,Abby Road NEON,tower,-122.333084,45.762196,357.04,6197.597597597596,5902.349849849849,6665.86036036036,5369.876876876877,5727.713213213213,5964.8378378378375,6174.417417417418,4656.977477477477
ABBY,ABBY_074,Abby Road NEON,tower,-122.325028,45.761302,365.74,6188.357142857142,5728.6339285714275,6662.480654761904,5310.273809523808,5613.3422619047615,6058.4360119047615,6339.056547619047,4504.063988095238
ABBY,ABBY_067,Abby Road NEON,tower,-122.331558,45.760563,359.94,6111.5300300300305,5885.7717717717715,6641.46096096096,6204.487987987989,5584.557057057057,5985.965465465466,6202.936936936937,5655.914414414414
ABBY,ABBY_076,Abby Road NEON,tower,-122.330004,45.763791,358.55,7359.424336973479,6934.948517940718,7776.098283931358,5903.056162246489,6848.516380655227,7198.394695787831,7275.093603744151,5342.30577223089
ABBY,ABBY_068,Abby Road NEON,tower,-122.328493,45.76051,365.43,6214.28078078078,5943.40990990991,6726.201201201201,10250.785285285283,5886.159159159159,6128.848348348348,6326.653153153154,9588.024024024024
ABBY,ABBY_069,Abby Road NEON,tower,-122.327321,45.761584,368.15,6141.557894736842,5820.237593984963,6684.74887218045,5331.040601503759,5692.13984962406,6018.69022556391,6266.033082706767,4567.503759398495
ABBY,ABBY_070,Abby Road NEON,tower,-122.330793,45.761334,363.12,6023.275409836065,5735.283606557376,6465.01475409836,5260.762295081967,5506.962295081966,5797.922950819671,6183.942622950819,4652.977049180327
WREF,WREF_024,Wind River Experimental Forest NEON,distributed,-121.996649,45.849144,625.78,11027.401976935751,9405.612850082372,10566.1647446458,10802.265238879736,9559.352553542009,10126.45140032949,10093.497528830312,10152.63097199341
WREF,WREF_030,Wind River Experimental Forest NEON,distributed,-122.004959,45.838687,749.21,11118.331838565022,9362.461883408072,10808.760837070253,11008.816143497757,9631.683109118087,10247.239162929745,10377.22869955157,10291.520179372197
WREF,WREF_002,Wind River Experimental Forest NEON,distributed,-121.990796,45.811294,579.09,10838.376119402985,9095.991044776121,10314.116417910449,10839.938805970149,9428.229850746267,9969.362686567163,10178.735820895523,10007.45223880597
WREF,WREF_014,Wind River Experimental Forest NEON,distributed,-121.99427,45.849932,617.32,10946.83707025411,9193.896860986546,10473.285500747385,11043.994020926757,9350.06726457399,10143.083707025411,10218.911808669656,10208.364723467861
WREF,WREF_015,Wind River Experimental Forest NEON,distributed,-122.017923,45.826107,572.38,11309.465460526317,9552.425986842105,11057.587171052633,11477.703947368422,9987.294407894737,10457,10656.027960526315,10570.769736842105
WREF,WREF_013,Wind River Experimental Forest NEON,distributed,-122.018935,45.835857,614.17,11405.21823617339,9720.980568011957,11052.780269058292,11610.310911808669,9948.414050822123,10646.644245141999,10719.659192825111,10606.550074738414
WREF,WREF_022,Wind River Experimental Forest NEON,distributed,-122.017276,45.8404,611.63,11241.626126126126,9573.162162162162,10977.498498498499,11176.95045045045,9962.75075075075,10523.375375375375,10727.617117117117,10441.24024024024
WREF,WREF_027,Wind River Experimental Forest NEON,distributed,-121.976,45.818946,482.96,10426.005979073247,8807.548579970107,10049.295964125562,10601.825112107625,9264.385650224218,9682.12556053812,9922.397608370704,9992.231689088192
WREF,WREF_023,Wind River Experimental Forest NEON,distributed,-121.983896,45.830415,579.14,10555.52358490566,8934.531446540883,10243.644654088052,10709.262578616352,9266.30503144654,10040.779874213837,9842.055031446542,10076.520440251572
WREF,WREF_004,Wind River Experimental Forest NEON,distributed,-121.998707,45.822941,567.83,10938.433278418452,9358.13179571664,10566.690280065897,10915.166392092257,9649.395387149918,10117.46787479407,10297.360790774299,10234.665568369028
WREF,WREF_018,Wind River Experimental Forest NEON,distributed,-122.011717,45.828445,625.31,11105.943198804187,9571.050822122572,10840.5754857997,11248.983557548581,9924.224215246635,10399.86696562033,10586.110612855007,10383.372197309416
WREF,WREF_008,Wind River Experimental Forest NEON,distributed,-121.973495,45.823595,465.35,10419.817910447764,8830.75970149254,10008.974626865675,10492.005970149256,9207.358208955226,9673.532835820897,9768.210447761196,9891.441791044777
WREF,WREF_017,Wind River Experimental Forest NEON,distributed,-121.99487,45.820485,546.08,10847.678104575163,9210.385620915034,10545.996732026144,10899.828431372549,9516.454248366013,9993.901960784313,10110.295751633987,10120.699346405228
WREF,WREF_019,Wind River Experimental Forest NEON,distributed,-121.968998,45.819757,425.46,10377.028443113775,8771.497005988025,9891.74401197605,10274.606287425151,9087.998502994014,9448.290419161678,9680.155688622757,9792.35928143713
WREF,WREF_028,Wind River Experimental Forest NEON,distributed,-121.981882,45.812568,532.56,10734.198425196852,8903.818897637795,10191.129133858267,10728.00157480315,9158.724409448818,9898.889763779527,9984.571653543308,10001.511811023622
WREF,WREF_003,Wind River Experimental Forest NEON,distributed,-122.018608,45.831516,602.08,11307.943198804185,9605.98355754858,11002.650224215246,11361.899850523168,9797.355754857997,10373.997010463378,10739.06576980568,10471.409566517188
WREF,WREF_001,Wind River Experimental Forest NEON,distributed,-121.999068,45.844033,666.41,10896.462025316456,9298.23575949367,10481.648734177215,10645.45727848101,9532.125,10145.878164556962,10009.844936708861,10074.838607594937
WREF,WREF_026,Wind River Experimental Forest NEON,distributed,-122.00835,45.842751,671.41,11201.636932707357,9407.33959311424,10759.471048513304,11270.757433489829,9664.971830985916,10415.496087636933,10516.636932707355,10356.712050078248
WREF,WREF_007,Wind River Experimental Forest NEON,distributed,-121.989672,45.850153,598.36,10730.589905362776,9147.365930599368,10363.468454258677,10828.6261829653,9415.798107255521,10023.171924290222,9960.749211356468,10004.187697160885
WREF,WREF_005,Wind River Experimental Forest NEON,distributed,-122.002564,45.844315,676.96,10958.240657698057,9224.367713004485,10558.023916292974,11042.928251121077,9536.306427503738,10207.946188340808,10364.75186846039,10346.898355754856
WREF,WREF_021,Wind River Experimental Forest NEON,distributed,-121.978569,45.844382,594.26,10536.684603886397,8770.660687593423,10091.78923766816,10490.46038863976,9041.532137518683,9718.568011958143,9633.75934230194,9787.961136023916
WREF,WREF_016,Wind River Experimental Forest NEON,distributed,-121.993608,45.826426,577.94,10850.464872944696,9275.675635276535,10470.724962630793,10972.334828101646,9548.657698056804,9954.252615844547,10201.970104633785,10191.663677130045
WREF,WREF_009,Wind River Experimental Forest NEON,distributed,-122.001901,45.835945,803.37,10972.88669950739,9244.362889983578,10435.62397372742,10937.39408866995,9417.957307060755,10043.906403940888,10271.899835796386,10253.04433497537
WREF,WREF_012,Wind River Experimental Forest NEON,distributed,-121.863912,45.840576,321.13,10939.920560747663,9073.947040498442,10532.074766355141,11052.671339563862,9337.565420560748,9945.587227414331,10219.699376947041,10099.556074766357
WREF,WREF_010,Wind River Experimental Forest NEON,distributed,-121.850642,45.828324,645.84,10631.743044189854,8727.963993453355,10249.572831423895,10719.453355155483,9111.600654664486,9560.256955810148,9841.53682487725,9917.916530278231
WREF,WREF_025,Wind River Experimental Forest NEON,distributed,-121.869134,45.829829,309.35,10671.30930930931,8888.142642642642,10254.360360360359,10626.226726726725,9285.354354354353,9718.091591591592,9839.677177177176,9956.882882882883
WREF,WREF_020,Wind River Experimental Forest NEON,distributed,-121.859917,45.830006,556.25,10829.195419847329,8780.059541984732,10235.025954198472,10751.512977099235,9142.792366412212,9675.125190839693,9880.183206106869,9950.051908396945
WREF,WREF_029,Wind River Experimental Forest NEON,distributed,-121.829411,45.846411,665.89,11354.404833836861,9487.311178247735,10843.5166163142,11310.628398791543,9667.16918429003,10272.521148036254,10658.191842900305,10435.82326283988
WREF,WREF_006,Wind River Experimental Forest NEON,distributed,-121.813904,45.83118,994.34,11540.70403587444,9675.41255605381,11169.307922272048,11427.860986547084,9901.563527653216,10739.053811659194,10881.60388639761,10664.96860986547
WREF,WREF_089,Wind River Experimental Forest NEON,tower,-121.960577,45.822925,384.79,10304.21375186846,8530.509715994021,9866.18385650224,10232.80269058296,9010.420029895367,9408.509715994021,9638.52615844544,9771.994020926757
WREF,WREF_071,Wind River Experimental Forest NEON,tower,-121.958541,45.829046,371.33,10398.670658682637,8605.764970059881,9814.402694610779,10396.905688622754,8865.89371257485,9489.474550898201,9682.200598802394,9620.52994011976
WREF,WREF_085,Wind River Experimental Forest NEON,tower,-121.961221,45.830691,387.63,10434.92786885246,8692.691803278689,9815.237704918034,10451.875409836066,9006.72131147541,9622.316393442623,9612.814754098361,9669.095081967213
WREF,WREF_077,Wind River Experimental Forest NEON,tower,-121.958667,45.823126,379.83,10426.503736920778,8627.400597907324,9933.57100149477,10180.056801195817,8904.573991031391,9445.66666666667,9550.431988041853,9764.853512705531
WREF,WREF_084,Wind River Experimental Forest NEON,tower,-121.960095,45.829328,378.1,10295.457399103138,8531.699551569505,9778.795216741404,10362.295964125562,8737.846038863976,9474.42750373692,9661.920777279523,9581.805680119582
WREF,WREF_079,Wind River Experimental Forest NEON,tower,-121.963268,45.825308,390.5,10474.340298507464,8645.677611940298,10000.662686567166,10431.088059701495,9065.058208955224,9664.673134328357,9682.735820895521,9766.138805970151
WREF,WREF_081,Wind River Experimental Forest NEON,tower,-121.953247,45.823053,361.65,10150.465568862275,8531.654191616766,9832.880239520959,10170.437125748504,8902.805389221558,9460.63622754491,9531.66017964072,9628.639221556885
WREF,WREF_082,Wind River Experimental Forest NEON,tower,-121.956961,45.831459,360.71,10398.502471169686,8546.479406919276,9921.749588138384,10410.067545304777,9002.194398682042,9606.904448105435,9680.48434925865,9694.808896210872
WREF,WREF_083,Wind River Experimental Forest NEON,tower,-121.96286,45.822868,396.87,10482.239935587762,8761.557165861514,9851.23510466989,10452.544283413848,9074.31884057971,9521.917874396135,9660.26731078905,9804.84541062802
WREF,WREF_086,Wind River Experimental Forest NEON,tower,-121.957115,45.822279,374.47,10043.055306427503,8326.396113602392,9775.962630792228,10183.282511210762,8916.832585949178,9261.400597907323,9496.568011958147,9671.430493273543
WREF,WREF_073,Wind River Experimental Forest NEON,tower,-121.960125,45.825842,371.81,9261.00151057402,7356.894259818732,8647.61480362538,10329.740181268884,7888.152567975833,8573.261329305136,8544.382175226589,9519.238670694866
WREF,WREF_074,Wind River Experimental Forest NEON,tower,-121.958887,45.830918,372.39,10496.16641221374,8640.66259541985,9830.792366412215,10469.992366412214,9003.131297709926,9551.1679389313,9676.319083969469,9711.526717557252
WREF,WREF_075,Wind River Experimental Forest NEON,tower,-121.958225,45.826902,373.23,9859.485799701048,7934.514200298954,9363.168908819132,10352.856502242154,8408.254110612856,9015.186846038865,9062.369207772797,9612.723467862483
WREF,WREF_080,Wind River Experimental Forest NEON,tower,-121.960543,45.824762,376.05,4492.541925465837,2799.6599378881992,3527.4145962732923,10198.29347826087,3387.883540372671,3549.6164596273293,3595.4068322981375,9460.071428571428
WREF,WREF_070,Wind River Experimental Forest NEON,tower,-121.955555,45.824185,363.5,9685.980295566502,7746.334975369459,9078.94417077176,10154.824302134648,8205.944170771756,8923.151067323484,8948.344827586205,9580.175697865354
WREF,WREF_088,Wind River Experimental Forest NEON,tower,-121.957054,45.828745,365.07,10359.594917787741,8527.65620328849,9778.03288490284,10320.22720478326,8950.653213751868,9478.710014947685,9581.396113602392,9573.565022421524
WREF,WREF_087,Wind River Experimental Forest NEON,tower,-121.963552,45.828555,405.31,10236.85307346327,8472.461769115442,10046.424287856073,10519.815592203899,8970.703148425788,9568.48575712144,9625.833583208396,9653.610194902549
WREF,WREF_076,Wind River Experimental Forest NEON,tower,-121.965178,45.822919,408.23,10382.696562032883,8825.609865470853,9895.793721973094,10484.340807174889,9090.553064275036,9524.898355754858,9643.409566517192,9820.790732436471
WREF,WREF_078,Wind River Experimental Forest NEON,tower,-121.954683,45.829818,341.52,10342.79842519685,8501.48346456693,9698.467716535431,10440.330708661417,8974.294488188976,9544.99212598425,9624.496062992124,9557.289763779529
WREF,WREF_072,Wind River Experimental Forest NEON,tower,-121.966341,45.824274,418.05,10301.63976083707,8741.868460388641,10014.68908819133,10489.73542600897,9133.745889387146,9538.729446935726,9635.838565022423,9821.113602391632
SOAP,SOAP_002,Soaproot Saddle NEON,distributed,-119.281763,37.030703,1294.58,8442.367311072056,7965.156414762741,8261.98769771529,8777.147627416522,9842.20913884007,8636.731107205624,8716.253075571176,7545.068541300527
SOAP,SOAP_003,Soaproot Saddle NEON,distributed,-119.250835,37.033983,1127.37,7597.966911764706,7589.455882352941,7614.422794117647,8399.801470588236,10125.191176470587,8413.860294117647,7425.7573529411775,7730.352941176471
SOAP,SOAP_004,Soaproot Saddle NEON,distributed,-119.269483,37.037426,1197.38,8461.003436426117,8131.568728522338,8386.201030927836,9426.658075601375,9858.245704467356,8823.108247422682,8973.816151202751,8205.917525773197
SOAP,SOAP_006,Soaproot Saddle NEON,distributed,-119.281566,37.025056,1302.18,7220.378427787934,6775.829981718464,7394.65265082267,5956.725776965265,9967.595978062158,8452.680073126143,8578.550274223035,4929.497257769653
SOAP,SOAP_007,Soaproot Saddle NEON,distributed,-119.249997,37.028597,1194.27,8106.11287477954,7796.693121693121,8537.220458553791,9144.059964726632,9777.611992945325,8991.100529100528,9200.971781305114,7498.749559082892
SOAP,SOAP_008,Soaproot Saddle NEON,distributed,-119.276287,37.0292,1305.21,7708.84814814815,7388.594444444446,8199.861111111111,8755.272222222224,9760.790740740742,8562.15925925926,8752.137037037039,7324.614814814817
SOAP,SOAP_009,Soaproot Saddle NEON,distributed,-119.256677,37.037935,1095.88,2787.901893287436,2927.032702237522,2658.1944922547336,5921.192771084338,3509.4337349397597,2844.39586919105,3111.3287435456114,5125.908777969018
SOAP,SOAP_010,Soaproot Saddle NEON,distributed,-119.273802,37.03519,1332.89,4162.95895522388,4048.0503731343283,4335.613805970149,5837.231343283582,4962.067164179104,4300.690298507462,4570.050373134328,5362.253731343283
SOAP,SOAP_011,Soaproot Saddle NEON,distributed,-119.26273,37.037301,1102.56,8444.78350515464,8401.116838487971,8509.254295532644,9254.431271477664,9953.769759450171,8211.862542955327,8589.005154639175,8382.398625429554
SOAP,SOAP_012,Soaproot Saddle NEON,distributed,-119.276685,37.030515,1323.77,7202.360655737703,5940.134790528233,6299.429872495445,6318.39344262295,9704.457194899816,8554.872495446265,7466.0546448087425,5517.1202185792345
SOAP,SOAP_013,Soaproot Saddle NEON,distributed,-119.281718,37.029599,1295.17,8189.888268156424,7412.750465549348,7889.264432029794,8621.141527001862,9517.2364990689,8550.856610800744,8621.558659217877,7219.5437616387335
SOAP,SOAP_015,Soaproot Saddle NEON,distributed,-119.251658,37.038264,1058.43,8540.058928571432,8278.412500000002,8467.580357142859,9107.487500000001,10088.10892857143,8844.3125,9028.8875,8297.300000000001
SOAP,SOAP_016,Soaproot Saddle NEON,distributed,-119.253018,37.028524,1205.89,8179.9851851851845,7179.22037037037,7537.574074074074,7675.937037037037,10018.840740740741,9040.727777777776,9067.51851851852,5727.833333333333
SOAP,SOAP_017,Soaproot Saddle NEON,distributed,-119.242317,37.030901,1142.85,8212.398290598288,7752.059829059827,8471.914529914528,8980.061538461538,10119.299145299145,9251.528205128205,9333.059829059828,7379.748717948717
SOAP,SOAP_018,Soaproot Saddle NEON,distributed,-119.243605,37.028985,1204.66,8457.223931623932,8253.825641025642,8808.839316239317,9331.794871794873,9739.2905982906,9045.319658119659,8978.85641025641,7762.808547008548
SOAP,SOAP_019,Soaproot Saddle NEON,distributed,-119.245692,37.030844,1182.84,8168.767695099817,7453.052631578946,8219.825771324864,8676.016333938293,9887.070780399272,9141.987295825771,9310.611615245007,7113.996370235933
SOAP,SOAP_020,Soaproot Saddle NEON,distributed,-119.25697,37.036585,1128.01,7736.986348122867,7412.617747440274,7849.180887372014,8665.034129692833,10186.296928327645,7510.709897610921,8057.341296928327,7952.986348122867
SOAP,SOAP_021,Soaproot Saddle NEON,distributed,-119.276172,37.036227,1340.27,7690.699312714777,7140.656357388317,7865.398625429554,8077.2697594501715,9063.264604810996,8215.082474226805,8248.891752577321,7471.046391752578
SOAP,SOAP_022,Soaproot Saddle NEON,distributed,-119.252655,37.038279,1084.32,8054.457044673541,7882.6134020618565,8393.049828178695,8875.400343642612,10147.058419243987,8375.747422680413,8773.02405498282,8002.111683848799
SOAP,SOAP_024,Soaproot Saddle NEON,distributed,-119.28258,37.025014,1311.19,7281.124773960217,6953.430379746835,7524.511754068716,5431.905967450271,9711.41952983725,8570.148282097649,8720.314647377938,4209.019891500904
SOAP,SOAP_014,Soaproot Saddle NEON,distributed,-119.258326,37.036558,1141.62,7515.765811965812,7498.297435897435,7790.042735042736,8618.876923076923,10146.23076923077,7174.876923076924,7582.986324786326,7955.066666666666
SOAP,SOAP_023,Soaproot Saddle NEON,distributed,-119.248184,37.036213,1095.31,8334.08904109589,8103.46917808219,8343.82705479452,8902.92808219178,10093.085616438355,8701.554794520547,8348.323630136985,8065.892123287671
SOAP,SOAP_025,Soaproot Saddle NEON,distributed,-119.25836,37.037639,1110.31,5888.779487179489,6257.519658119659,6123.480341880341,7794.832478632479,7152.251282051283,6191.40512820513,6203.982905982906,7160.376068376069
SOAP,SOAP_026,Soaproot Saddle NEON,distributed,-119.270272,37.030375,1235.7,2687.5432330827066,2528.941729323308,2627.058270676692,3192.325187969924,3089.671052631578,2563.7330827067663,2715.4774436090224,2454.5451127819547
SOAP,SOAP_027,Soaproot Saddle NEON,distributed,-119.277325,37.029446,1294.92,2474.922945205479,2577.0308219178078,2611.243150684931,3190.6284246575337,2831.8339041095883,2419.8698630136983,2600.58904109589,2463.991438356164
SOAP,SOAP_028,Soaproot Saddle NEON,distributed,-119.273166,37.025181,1290.5,3488.180701754386,3292.673684210526,3600.370175438596,9070.198245614034,4278.149122807017,3492.991228070176,3937.8789473684205,6989.31754385965
SOAP,SOAP_029,Soaproot Saddle NEON,distributed,-119.267104,37.036654,1197.11,2526.2680412371137,2465.951890034364,2515.573883161512,3047.865979381443,2953.867697594502,2507.486254295533,2669.5120274914093,2400.7577319587626
SOAP,SOAP_030,Soaproot Saddle NEON,distributed,-119.28051,37.033674,1312.68,2233.9647495361783,2150.0500927643784,2253.8589981447126,2648.109461966605,2659.756957328386,2261.764378478664,2411.745825602968,1996.25974025974
SOAP,SOAP_064,Soaproot Saddle NEON,distributed,-119.252602,37.025308,1159.47,8444.857876712327,8051.330479452054,8560.373287671233,9420.255136986301,9659.17123287671,8863.546232876712,8918.042808219176,7982.073630136987
SOAP,SOAP_031,Soaproot Saddle NEON,tower,-119.252227,37.035342,1108.77,8280.321305841926,8192.072164948453,8453.853951890034,9104.072164948455,10111.65120274914,9102.470790378009,9197.42611683849,8228.71821305842
SOAP,SOAP_043,Soaproot Saddle NEON,tower,-119.268716,37.034431,1249.07,8582.72680412371,8180.652920962197,8728.506872852231,9506.080756013745,9984.362542955323,9031.213058419244,9276.929553264603,7969.017182130583
SOAP,SOAP_045,Soaproot Saddle NEON,tower,-119.257548,37.033029,1163.76,7252.368695652172,6852.347826086955,7330.109565217391,8381.697391304346,8806.069565217389,7877.043478260869,7776.812173913041,7500.558260869565
SOAP,SOAP_046,Soaproot Saddle NEON,tower,-119.266634,37.032326,1232.59,7923.155140186916,7773.46355140187,8160.332710280372,8989.252336448599,9617.168224299066,8602.072897196262,8469.246728971963,7660.323364485982
SOAP,SOAP_047,Soaproot Saddle NEON,tower,-119.257597,37.034404,1184.73,7591.507718696399,7370.077186963981,7807.979416809606,8679.92795883362,9899.816466552315,7739.307032590053,7570.26758147513,7942.015437392796
SOAP,SOAP_048,Soaproot Saddle NEON,tower,-119.270426,37.035228,1255.95,7583.583804143128,7446.1487758945395,7985.299435028249,8549.932203389833,8798.12241054614,8084.182674199625,8247.40489642185,7664.636534839927
SOAP,SOAP_049,Soaproot Saddle NEON,tower,-119.253559,37.03505,1131.87,8143.292307692308,7859.887179487179,8115.680341880343,8936.622222222222,10005.680341880343,8602.646153846155,8952.658119658123,7863.355555555557
SOAP,SOAP_050,Soaproot Saddle NEON,tower,-119.267648,37.033114,1258.96,7951.659793814434,7713.536082474227,7868.305841924399,9083.974226804123,8961.333333333334,7997.017182130586,8180.786941580755,7785.733676975944
SOAP,SOAP_051,Soaproot Saddle NEON,tower,-119.271714,37.03307,1286.09,3947.431481481481,3856.387037037037,4002.346296296296,4575.603703703705,4564.094444444443,3980.9351851851857,4151.6407407407405,3724.937037037037
SOAP,SOAP_052,Soaproot Saddle NEON,tower,-119.270008,37.032249,1254.65,7824.2170940170945,7575.86153846154,8345.85641025641,8883.784615384617,9753.741880341882,8793.129914529914,8969.00341880342,7089.752136752137
SOAP,SOAP_053,Soaproot Saddle NEON,tower,-119.255871,37.033627,1160.8,7411.37972508591,7327.917525773196,7756.10996563574,8548.778350515464,9614.865979381444,7810.039518900346,7455.094501718213,7859.213058419245
SOAP,SOAP_054,Soaproot Saddle NEON,tower,-119.259579,37.033265,1182.57,7690.353043478263,7080.026086956524,7094.881739130436,7290.987826086957,9720.563478260872,8677.481739130437,8653.32347826087,6529.366956521741
SOAP,SOAP_055,Soaproot Saddle NEON,tower,-119.265314,37.033158,1213.65,8113.487972508591,7974.577319587629,8765.725085910653,9305.792096219933,10115.527491408937,9053.018900343643,9004.730240549829,8026.178694158075
SOAP,SOAP_056,Soaproot Saddle NEON,tower,-119.254903,37.034482,1144.38,8031.477231329693,7998.351548269582,8384.868852459016,9041.8014571949,10238.612021857924,9075.684881602914,8901.229508196722,7964.714025500912
SOAP,SOAP_057,Soaproot Saddle NEON,tower,-119.272777,37.034931,1303.95,7994.549828178694,7737.0687285223385,8640.101374570448,9021.747422680413,9958.776632302406,8956.646048109966,9129.862542955327,8087.568728522338
SOAP,SOAP_058,Soaproot Saddle NEON,tower,-119.263968,37.033729,1204.73,7815.324786324788,7399.123076923079,8411.499145299145,8897.278632478634,10123.564102564103,8992.579487179488,8846.482051282052,7753.384615384615
SOAP,SOAP_059,Soaproot Saddle NEON,tower,-119.273065,37.033569,1308.38,8015.594782608697,7770.713043478262,8306.605217391305,8888.895652173913,9854.542608695652,8905.521739130434,9076.406956521741,7273.64
SOAP,SOAP_060,Soaproot Saddle NEON,tower,-119.270294,37.030897,1242.66,4635.615384615384,4486.401709401709,4726.155555555555,6457.140170940171,5417.3948717948715,4689.924786324786,4875.497435897436,5232.434188034187
SOAP,SOAP_061,Soaproot Saddle NEON,tower,-119.271407,37.034146,1295.96,8016.790960451978,7735.384180790959,8562.830508474577,9045.23163841808,9856.832391713748,8949.84934086629,9161.350282485873,7875.563088512241
TEAK,TEAK_001,Lower Teakettle NEON,distributed,-119.01647,36.976667,2194.36,7490.311643835616,7307.693493150685,7770.469178082195,7263.345890410959,8388.253424657536,8303.611301369863,8536.09589041096,6857.4931506849325
TEAK,TEAK_004,Lower Teakettle NEON,distributed,-119.036304,37.001687,2190.47,6020.4818652849735,5891.8721934369605,6164.1070811744385,5769,6885.694300518135,6812.433506044904,6821.3834196891185,5690.186528497408
TEAK,TEAK_029,Lower Teakettle NEON,distributed,-119.031203,37.013711,2220.37,3739.034364261168,3596.386597938144,3948.089347079037,6003.9089347079025,3800.4432989690717,3507.256013745704,4085.4415807560135,6239.888316151202
TEAK,TEAK_024,Lower Teakettle NEON,distributed,-119.033679,36.993067,2299.69,2813.642611683849,2887.764604810997,3030.5790378006873,2700.03264604811,2898.721649484536,2773.7491408934707,3312.3419243986255,2369.0223367697595
TEAK,TEAK_026,Lower Teakettle NEON,distributed,-119.029774,37.035322,2505.18,2186.672043010753,2116.114695340502,2294.516129032258,1944.9103942652328,2318.60394265233,2083.213261648745,2412.10752688172,1798.516129032258
TEAK,TEAK_016,Lower Teakettle NEON,distributed,-119.006407,37.030316,2535.04,4981.296041308089,4821.862306368331,5279.817555938038,4657.289156626506,5349.423407917385,5032.184165232358,5719.172117039588,4563.161790017212
TEAK,TEAK_030,Lower Teakettle NEON,distributed,-118.981148,37.059672,2622.33,1736.9503424657535,1795.2636986301372,1855.9845890410961,1831.9006849315072,1712.8750000000005,1666.8835616438357,1887.7277397260275,1652.4828767123288
TEAK,TEAK_003,Lower Teakettle NEON,distributed,-119.010619,37.012962,2201.09,6968.360000000001,6868.441818181819,7409.318181818181,6658.845454545455,7828.810909090909,7364.403636363638,7839.2581818181825,6570.272727272728
TEAK,TEAK_008,Lower Teakettle NEON,distributed,-119.007524,36.986255,2109.57,7242.203418803418,7494.494017094016,7397.4358974358975,7219.478632478633,8107.070085470085,8040.524786324785,8062.564102564102,6750.644444444444
TEAK,TEAK_010,Lower Teakettle NEON,distributed,-119.049096,37.014434,2221.58,7525.895652173912,7368.353043478261,7878.759999999998,7334.918260869565,9030.15304347826,8385.51652173913,8150.3286956521715,7404.594782608693
TEAK,TEAK_012,Lower Teakettle NEON,distributed,-119.009599,37.013801,2207.49,7628.674858223063,7496.555765595464,8055.956521739131,7323.572778827978,8663.500945179587,8002.094517958413,8551.826086956522,7019.78638941399
TEAK,TEAK_027,Lower Teakettle NEON,distributed,-118.97621,37.064904,2604,2583.5647279549717,2541.7242026266413,2753.2701688555344,3703.3189493433392,2598.874296435272,2481.793621013133,2873.9324577861157,3462.4765478424015
TEAK,TEAK_028,Lower Teakettle NEON,distributed,-118.982025,37.055339,2553.66,3185.225988700565,3289.2598870056495,3492.749529190207,3559.9284369114876,3386.6873822975513,3223.4406779661012,3568.760828625235,3203.9227871939734
TEAK,TEAK_021,Lower Teakettle NEON,distributed,-119.037085,36.994336,2265.96,5766.031802120142,5516.265017667845,5763.167844522969,5521.895759717315,6247.008833922262,5993.277385159011,6533.943462897526,5547.226148409894
TEAK,TEAK_006,Lower Teakettle NEON,distributed,-119.057146,36.975637999999996,2474.85,6132.2343470483,6193.474060822899,6397.350626118069,6292.325581395349,7134.404293381038,6833.896243291592,7388.649373881932,5982.497316636851
TEAK,TEAK_020,Lower Teakettle NEON,distributed,-119.008624,37.025679,2521.13,7282.68717948718,7256.900854700855,7654.071794871796,6941.738461538461,8283.629059829062,7657.417094017094,8172.680341880343,6564.070085470085
TEAK,TEAK_007,Lower Teakettle NEON,distributed,-119.052104,36.999797,2131.28,6277.259829059829,6120.08717948718,6257.71623931624,6011.986324786326,6476.494017094017,6751.697435897437,6903.981196581197,6014.138461538462
TEAK,TEAK_014,Lower Teakettle NEON,distributed,-119.042558,37.022379,2222.13,6711.102739726029,6784.383561643836,7187.7054794520545,6767.388698630137,8036.505136986302,7338.4948630137,7090.090753424659,6775.768835616439
TEAK,TEAK_023,Lower Teakettle NEON,distributed,-118.993332,37.073274,2720.84,5444.7027491408935,4713.768041237114,5620.826460481099,5581.400343642612,5476.785223367699,5377.5137457044675,5853.053264604811,5168.5360824742265
TEAK,TEAK_005,Lower Teakettle NEON,distributed,-118.988578,37.058229,2727.19,4591.374545454546,3996.3836363636365,4833.927272727273,4669.8,4607.276363636364,4482.558181818182,4941.189090909092,4593.794545454545
TEAK,TEAK_025,Lower Teakettle NEON,distributed,-119.024514,36.989997,2305,3752.685025817556,3617.5283993115327,3931.9139414802066,4531.058519793461,4094.514629948365,3881.598967297763,4405.526678141136,4118.574870912221
TEAK,TEAK_017,Lower Teakettle NEON,distributed,-119.055283,36.994069,2146.59,7059.271626297577,6941.365051903115,7470.418685121108,7195.077854671281,7140.91349480969,6823.0449826989625,7840.851211072664,7306.851211072665
TEAK,TEAK_011,Lower Teakettle NEON,distributed,-119.002986,37.004153,2152.39,6144.405872193438,5895.773747841106,6265.231433506046,5909.355785837653,6668.946459412782,6508.2884283246995,6529.806563039726,5849.122625215891
TEAK,TEAK_019,Lower Teakettle NEON,distributed,-119.009213,36.97377,2128.53,7610.582191780822,7600.902397260274,7777.422945205481,7677.041095890412,8986.91609589041,8643.23801369863,8645.429794520549,7357.142123287672
TEAK,TEAK_002,Lower Teakettle NEON,distributed,-119.035693,36.978454,2377.08,7922.545768566495,7387.485319516408,8181.704663212437,7686.385146804835,9250.02763385147,8944.127806563041,9060.297063903281,7413.663212435234
TEAK,TEAK_022,Lower Teakettle NEON,distributed,-118.994548,37.055139,2679.21,5946.905109489051,5301.516423357663,6114.644160583943,5696.259124087592,5913.399635036496,5644.454379562045,6588.319343065693,5625.6277372262775
TEAK,TEAK_013,Lower Teakettle NEON,distributed,-119.041671,36.974821,2359.55,8449.53526220615,8088.052441229658,8746.045207956602,8313.844484629295,9107.907775768537,8931.397830018084,9320.231464737795,8132.645569620255
TEAK,TEAK_018,Lower Teakettle NEON,distributed,-119.028942,36.978607,2307.84,6763.72389380531,6588.692035398231,7135.58761061947,6621.930973451329,7618.1557522123885,7242.40353982301,7947.258407079648,6655.426548672567
TEAK,TEAK_015,Lower Teakettle NEON,distributed,-119.044357,36.988308,2282.47,8452.421602787457,8299.04181184669,8687.301393728223,8307.68118466899,9601.3606271777,9322.855400696866,9818.08362369338,8264.531358885017
TEAK,TEAK_065,Lower Teakettle NEON,distributed,-119.003127,37.009295,2171.09,3018.8358974358966,3010.7726495726492,3212.2273504273503,3126.745299145299,3280.726495726495,3029.1589743589743,3314.635897435897,2713.750427350427
TEAK,TEAK_049,Lower Teakettle NEON,tower,-119.006591,37.000042,2152.49,6046.859829059829,5751.724786324787,6086.9059829059825,5330.369230769231,6596.070085470086,6440.398290598291,6493.9846153846165,5468.565811965812
TEAK,TEAK_054,Lower Teakettle NEON,tower,-119.001514,36.99931,2188.62,6911.289520426286,6753.351687388988,7207.854351687388,6880.351687388987,7899.9964476021305,7612.03374777975,7454.403197158082,6755.948490230905
TEAK,TEAK_048,Lower Teakettle NEON,tower,-119.002542,37.00037,2180.98,6681.519658119657,6352.394871794871,6472.991452991452,6013.894017094016,7318.1846153846145,7159.201709401708,7291.965811965811,6012.680341880341
TEAK,TEAK_046,Lower Teakettle NEON,tower,-119.007756,37.006791,2151.17,6960.876811594203,6780.66847826087,7419.333333333334,6546.429347826087,7775.565217391305,7330.775362318842,7950.411231884058,6843.644927536233
TEAK,TEAK_058,Lower Teakettle NEON,tower,-119.007606,36.998096,2125.56,6159.553228621292,5830.666666666668,6165.958115183248,5875.717277486912,6477.486910994765,6536.621291448518,6586.385689354277,5807.436300174521
TEAK,TEAK_062,Lower Teakettle NEON,tower,-119.008964,37.000259,2130.33,4942.640449438202,4595.183520599251,4685.655430711611,4535.524344569288,5690.92883895131,5392.256554307115,5483.026217228463,4342.260299625469
TEAK,TEAK_055,Lower Teakettle NEON,tower,-119.005545,36.99922,2158.7,6742.447653429602,6458.6750902527065,6987.68953068592,6627.671480144403,7697.21299638989,7380.657039711191,7357.902527075812,6478.205776173284
TEAK,TEAK_051,Lower Teakettle NEON,tower,-119.007333,37.002985,2143.98,7618.08286252354,7731.659133709981,7826.419962335217,7126.338983050846,8288.715630885123,7828.947269303202,8275.821092278718,7090.440677966102
TEAK,TEAK_050,Lower Teakettle NEON,tower,-119.016131,37.004195,2148.93,7849.958707360864,7696.655296229805,8076.804308797129,7382.240574506284,8373.296229802512,8192.99461400359,8891.136445242371,7258.292639138241
TEAK,TEAK_057,Lower Teakettle NEON,tower,-119.008047,37.004089,2140.34,7573.989690721652,7540.783505154638,7589.807560137457,6993.998281786942,8138.7302405498285,7768.632302405499,8098.140893470791,7087.072164948454
TEAK,TEAK_044,Lower Teakettle NEON,tower,-119.010045,37.003221,2133,7506.385931558937,7462.2414448669215,7682.66349809886,7028.216730038024,7912.747148288975,7600.52091254753,8190.570342205325,6866.260456273766
TEAK,TEAK_061,Lower Teakettle NEON,tower,-119.001573,37.001477,2163.29,7068.819343065694,7292.700729927007,7146.771897810218,6821.003649635037,7949.8978102189785,7685.604014598541,7790.598540145987,6814.819343065695
TEAK,TEAK_060,Lower Teakettle NEON,tower,-119.005596,37.000848,2147.39,7075.155555555555,6687.478632478634,7251.781196581197,6710.700854700855,7945.220512820513,7640.112820512821,7460.104273504275,6604.182905982907
TEAK,TEAK_043,Lower Teakettle NEON,tower,-119.011037,36.999698,2141.82,4292.663247863248,4105.702564102564,4336.8564102564105,4047.5606837606847,4697.092307692308,4547.589743589743,4710.875213675215,3977.355555555556
TEAK,TEAK_056,Lower Teakettle NEON,tower,-119.010675,37.002101,2142.61,6609.097435897435,6629.444444444443,6750.087179487178,6284.8102564102555,7097.167521367521,6744.758974358973,6952.849572649572,6204.008547008546
TEAK,TEAK_052,Lower Teakettle NEON,tower,-119.009507,37.008938,2162.58,7089.295726495726,6807.541880341879,7299.560683760683,6832.572649572648,7629.502564102562,7534.270085470084,7952.0888888888885,6671.393162393161
TEAK,TEAK_059,Lower Teakettle NEON,tower,-119.004259,37.001454,2142.3,7145.034246575342,7061.26712328767,7037.1301369863,6463.241438356163,8268.580479452054,7871.578767123286,7821.3287671232865,6510.0958904109575
TEAK,TEAK_047,Lower Teakettle NEON,tower,-119.009069,37.005149,2143.34,6367.663716814158,6323.840707964602,6408.536283185839,6054.090265486726,6896.07610619469,6819.267256637168,6957.709734513274,5870.725663716814
TEAK,TEAK_045,Lower Teakettle NEON,tower,-119.00382,36.997917,2136.97,7544.951640759932,7517.476683937824,7552.530224525043,7337.276338514681,8435.625215889464,8075.445595854923,8293.032815198618,7151.616580310881
SJER,SJER_003,San Joaquin Experimental Range NEON,distributed,-119.730379,37.116632,437.49,4687.250859106529,4682.402061855671,4361.02233676976,5188.673539518901,4778.981099656357,3953.9914089347076,4426.771477663231,4232.487972508591
SJER,SJER_004,San Joaquin Experimental Range NEON,distributed,-119.746305,37.108972,383.12,3599.06976744186,3348.8246869409663,3236.406082289803,3702.1914132379247,3091.404293381038,2697.2003577817536,2940.95885509839,2980.1431127012524
SJER,SJER_005,San Joaquin Experimental Range NEON,distributed,-119.748517,37.1235,499.46,3202.8837606837606,3101.379487179488,3040.7880341880345,2224.7538461538466,3259.8683760683766,2774.377777777778,2969.9829059829062,1679.5829059829061
SJER,SJER_006,San Joaquin Experimental Range NEON,distributed,-119.749115,37.102924,423.96,3497.3384615384616,3203.2,3005.034188034188,3453.1572649572654,3114.4017094017095,2915.2222222222226,3198.688888888889,3083.297435897436
SJER,SJER_007,San Joaquin Experimental Range NEON,distributed,-119.753247,37.113927,426.1,3878.253472222222,3740.487847222222,3682.440972222222,2309.2517361111113,3719.630208333333,3308.5850694444443,3540.1927083333335,1663.6493055555557
SJER,SJER_025,San Joaquin Experimental Range NEON,distributed,-119.759842,37.127266,432.63,1711.0344827586207,1727.9137931034484,1573.2586206896553,2083.8672413793106,1460.589655172414,1042.591379310345,1397.2189655172415,1323.4103448275862
SJER,SJER_008,San Joaquin Experimental Range NEON,distributed,-119.717536,37.107458,400.18,5318.273368606701,5334.770723104057,5109.701940035272,5972.520282186949,5452.592592592592,4506.320987654321,4855.94885361552,4787.335097001764
SJER,SJER_009,San Joaquin Experimental Range NEON,distributed,-119.738492,37.117532,454.09,3458.6092150170643,3305.1262798634807,3074.2764505119453,3510.8481228668934,3217.3156996587027,2660.223549488054,3166.3447098976108,3030.6996587030712
SJER,SJER_010,San Joaquin Experimental Range NEON,distributed,-119.749395,37.128635,409.15,5051.129963898918,5222.03249097473,4675.880866425993,5802.711191335741,5192.817689530686,4414.171480144404,4810.922382671481,4639.106498194947
SJER,SJER_011,San Joaquin Experimental Range NEON,distributed,-119.738431,37.124269,454.35,5296.6,5136.989743589744,4829.015384615384,5521.776068376069,5118.750427350427,4532.682051282051,4798.8017094017105,4508.317948717949
SJER,SJER_026,San Joaquin Experimental Range NEON,distributed,-119.729168,37.101235,377.23,1707.8771331058022,1688.378839590444,1554.9556313993176,2369.866894197952,1554.331058020478,1145.2627986348125,1362.1433447098975,1921.9658703071675
SJER,SJER_012,San Joaquin Experimental Range NEON,distributed,-119.717046,37.08368,321,3551.1316239316234,3454.299145299144,2995.6854700854697,3806.6188034188026,3284.935042735042,2855.408547008547,3284.0547008547005,3271.511111111111
SJER,SJER_013,San Joaquin Experimental Range NEON,distributed,-119.727837,37.083154,281.5,3476.073630136986,3454.501712328767,3283.066780821918,5269.88698630137,3294.19006849315,2692.739726027397,3016.404109589041,4176.116438356165
SJER,SJER_001,San Joaquin Experimental Range NEON,distributed,-119.72024,37.106602,399.43,3712.410714285715,3459.1892857142866,3123.769642857143,3553.183928571429,3559.6517857142862,3150.4589285714296,3513.5571428571434,2837.1517857142862
SJER,SJER_002,San Joaquin Experimental Range NEON,distributed,-119.743324,37.082813,349.29,3435.629757785467,2996.7698961937713,3032.906574394464,3096.3788927335645,3151.6885813148792,2806.5276816609,3009.249134948097,3012.2681660899657
SJER,SJER_014,San Joaquin Experimental Range NEON,distributed,-119.720266,37.078744,288.39,3228.3357531760444,2947.604355716879,2798.1905626134303,3157.1724137931037,2865.8765880217784,2432.2504537205086,2856.1125226860254,2793.8802177858443
SJER,SJER_027,San Joaquin Experimental Range NEON,distributed,-119.738264,37.082099,334.47,2895.152658662093,2830.3687821612352,2669.907375643225,3568.5506003430532,2567.8713550600346,2341.6277873070326,2600.596912521441,3262.8233276157807
SJER,SJER_015,San Joaquin Experimental Range NEON,distributed,-119.720354,37.081979,314.73,3522.5264116575595,3326.894353369763,3103.304189435337,3606.6411657559206,3234.559198542805,2859.4408014571954,3346.9653916211296,3286.4681238615667
SJER,SJER_016,San Joaquin Experimental Range NEON,distributed,-119.716137,37.077219,271.02,3050.977624784854,2864.018932874355,2715.736660929432,3200.4716006884682,2721.0998278829597,2301.874354561102,2627.240963855422,2813.9518072289156
SJER,SJER_028,San Joaquin Experimental Range NEON,distributed,-119.727329,37.078298,303.88,1835.531141868512,1713.0259515570938,1548.712802768166,2726.821799307959,1529.6695501730103,1262.9792387543253,1545.9048442906576,2370.90830449827
SJER,SJER_017,San Joaquin Experimental Range NEON,distributed,-119.745937,37.126821,472.43,5185.123106060606,5174.386363636364,4877.998106060605,5863.973484848485,5096.433712121213,4434.57196969697,4667.032196969697,4728.405303030303
SJER,SJER_029,San Joaquin Experimental Range NEON,distributed,-119.723267,37.096505,362.26,3088.5925233644857,2943.1196261682244,2728.607476635514,3155.2953271028036,2817.8242990654203,2428.6242990654205,2771.633644859813,2714.388785046729
SJER,SJER_030,San Joaquin Experimental Range NEON,distributed,-119.750896,37.123985,484.36,3472.9323843416373,3286.971530249111,3317.987544483986,3012.295373665481,3499.5622775800716,2957.297153024911,3224.4946619217085,2548.3060498220643
SJER,SJER_018,San Joaquin Experimental Range NEON,distributed,-119.714546,37.107805,424.14,5404.370051635112,5323.313253012048,5082.987951807229,5942.755593803787,5287.35800344234,4493.748709122203,4904.709122203098,4627.240963855423
SJER,SJER_019,San Joaquin Experimental Range NEON,distributed,-119.721851,37.104397,397.62,3500.0719178082186,3150.0479452054788,3074.962328767123,3649.5479452054788,3439.5308219178078,2929.534246575342,3104.6301369863013,3113.116438356164
SJER,SJER_020,San Joaquin Experimental Range NEON,distributed,-119.753094,37.127155,413.89,3790.9777365491655,3402.08719851577,3651.256029684602,3755.0018552875695,3365.47309833024,3297.471243042671,3315.5992578849723,3339.628942486085
SJER,SJER_021,San Joaquin Experimental Range NEON,distributed,-119.750784,37.110743,405.6,3557.4659685863876,3389.95462478185,3288.898778359511,1923.347294938918,3245.731239092496,2948.3438045375224,3168.56369982548,1269.3158813263524
SJER,SJER_022,San Joaquin Experimental Range NEON,distributed,-119.716934,37.080176,325.47,3320.8762886597938,3249.3522336769765,3082.785223367698,3376.254295532646,3114.513745704467,2701.77147766323,3190.458762886598,3011.3917525773195
SJER,SJER_023,San Joaquin Experimental Range NEON,distributed,-119.719524,37.086583,334.01,3303.5470085470088,3062.4290598290604,2768.0598290598296,3107.239316239317,3247.338461538462,2788.5572649572655,3225.00170940171,3001.1760683760685
SJER,SJER_024,San Joaquin Experimental Range NEON,distributed,-119.751328,37.10723,392.65,3871.943201376937,3592.965576592083,3360.9569707401038,2467.5628227194497,3407.4974182444066,3069.831325301205,3298.98795180723,1843.4268502581756
SJER,SJER_064,San Joaquin Experimental Range NEON,tower,-119.726406,37.109145,446.94,4034.8393782383414,3994.7892918825564,3813.2728842832475,3012.9602763385146,4052.9309153713302,3577.4525043177896,3672.065630397237,2315.8411053540585
SJER,SJER_055,San Joaquin Experimental Range NEON,tower,-119.727986,37.115869000000004,427.29,4487.162705667277,4295.069469835466,4145.5283363802555,3773.787934186472,4416.488117001829,3715.619744058501,4145.7952468007325,2907.7769652650823
SJER,SJER_056,San Joaquin Experimental Range NEON,tower,-119.735771,37.116232,456.39,3528.4431034482755,3320.3120689655166,3155.2758620689647,3559.6982758620684,3374.1206896551716,2743.091379310344,3304.5034482758615,3008.5465517241373
SJER,SJER_057,San Joaquin Experimental Range NEON,tower,-119.727884,37.112613,434.42,3651.393673110721,3554.4077328646745,3501.9666080843585,1907.3286467486819,3911.4956063268887,3480.281195079086,3543.6572934973638,1306.07381370826
SJER,SJER_058,San Joaquin Experimental Range NEON,tower,-119.735694,37.104331,382.7,4975.784615384615,4729.972649572649,4454.458119658119,4864.239316239317,4778.174358974359,4098.57094017094,4468.044444444445,4005.015384615385
SJER,SJER_059,San Joaquin Experimental Range NEON,tower,-119.731996,37.10469,415.04,5062.990791896868,4928.998158379373,4678.87476979742,5419.106813996316,5048.981583793738,4358.815837937384,4508.720073664825,4558.220994475137
SJER,SJER_060,San Joaquin Experimental Range NEON,tower,-119.733337,37.114139,433.03,3619.346416382252,3403.0819112627983,3316.131399317406,3285.6092150170643,3428.668941979522,2878.0324232081907,3411.2406143344706,2753.540955631399
SJER,SJER_061,San Joaquin Experimental Range NEON,tower,-119.73939,37.113726,399.18,3955.189655172414,3760.7551724137934,3633.9551724137937,1988.998275862069,3760.0982758620685,3120.4810344827583,3715.3275862068963,1310.855172413793
SJER,SJER_062,San Joaquin Experimental Range NEON,tower,-119.734629,37.112486,406.38,3570.1986183074264,3410.758203799655,3353.9775474956828,3680.272884283247,3511.476683937824,2815.0794473229707,3463.6683937823836,3185.528497409327
SJER,SJER_046,San Joaquin Experimental Range NEON,tower,-119.728168,37.111276,431.78,5129.275213675213,5032.798290598291,4894.271794871795,5741.2991452991455,5328.377777777778,4444.878632478633,4633.4000000000005,4755.634188034189
SJER,SJER_063,San Joaquin Experimental Range NEON,tower,-119.738943,37.110753,377.59,3835.234972677596,3607.7103825136614,3530.9781420765025,3193.772313296903,3629.147540983607,3055.4735883424414,3709.5774134790527,2614.4517304189435
SJER,SJER_047,San Joaquin Experimental Range NEON,tower,-119.734564,37.101658,377.26,4946.495378927911,4778.532347504621,4490.316081330869,5215.626617375231,4802.094269870609,4106.038817005545,4304.397412199631,4371.341959334566
SJER,SJER_048,San Joaquin Experimental Range NEON,tower,-119.735218,37.110011,381.78,3650.0112570356473,3525.697936210132,3310.8968105065665,2220.005628517824,3530.7204502814257,2941.118198874297,3396.7729831144466,1666.4071294559099
SJER,SJER_049,San Joaquin Experimental Range NEON,tower,-119.728963,37.114248,426.25,3917.6984126984125,3742.8871252204585,3493.5679012345677,2704.4638447971784,3805.7795414462084,3314.913580246914,3685.8906525573193,1961.2610229276895
SJER,SJER_050,San Joaquin Experimental Range NEON,tower,-119.739355,37.112353,389.7,4106.556131260795,4016.889464594128,3917.188255613127,2661.0345423143353,4073.4887737478416,3430.231433506045,3964.281519861831,1964.894645941278
SJER,SJER_051,San Joaquin Experimental Range NEON,tower,-119.741378,37.112335,381.39,4125.24907063197,4192.412639405205,3962.7936802973986,4623.078066914499,4161.245353159851,3413.5613382899633,3872.2788104089227,3787.276951672863
SJER,SJER_052,San Joaquin Experimental Range NEON,tower,-119.723712,37.109472,431.64,4298.209737827716,4191.114232209738,3847.565543071161,3407.0992509363296,4354.556179775281,3747.829588014981,3835.679775280899,2643.2397003745314
SJER,SJER_045,San Joaquin Experimental Range NEON,tower,-119.731615,37.112827,412.85,4975.585324232083,4904.069965870308,4618.448805460751,5483.307167235495,4949.779863481229,4230.23890784983,4729.578498293516,4621.3583617747445
SJER,SJER_053,San Joaquin Experimental Range NEON,tower,-119.73658,37.110797,387.25,3734.0290598290594,3659.470085470085,3554.680341880342,3906.181196581196,3696.97094017094,3068.670085470086,3654.635897435898,3361.719658119658
SJER,SJER_054,San Joaquin Experimental Range NEON,tower,-119.732737,37.116298,464.93,3509.733333333334,3392.62905982906,3260.357264957265,2000.408547008547,3478.3213675213674,2906.0803418803416,3340.246153846154,1285.4256410256412
UKFS,UKFS_010,KU Field Station NEON,distributed,-95.185979,39.052686,314.83,8154.47789115646,8786.559523809523,4653.559523809524,9198.161564625849,2493.8469387755104,5336.273809523808,8500.238095238094,8144.253401360543
UKFS,UKFS_011,KU Field Station NEON,distributed,-95.18811,39.032382,303.08,8601.091074681237,9031.280510018216,4652.014571948997,9553.025500910746,3014.7249544626593,5574.579234972677,8803.105646630236,8332.163934426231
UKFS,UKFS_012,KU Field Station NEON,distributed,-95.198263,39.045695,311.42,8275.819587628866,8844.701030927836,4704.1082474226805,9362.742268041236,2776.367697594502,5451.95704467354,8552.1735395189,8257.39175257732
UKFS,UKFS_013,KU Field Station NEON,distributed,-95.198461,39.052723,321.85,8156.587521663779,8707.968804159445,4987.928942807626,9135.7712305026,2529.5563258232232,5415.027729636048,8271.923743500865,8062.694974003467
UKFS,UKFS_014,KU Field Station NEON,distributed,-95.195979,39.039804,321.69,8200.252951096123,8963.155143338956,4603.929173693086,9474.634064080945,2713.355817875211,5399.573355817876,8550.35244519393,8251.490725126478
UKFS,UKFS_015,KU Field Station NEON,distributed,-95.204399,39.0537,319.52,8433.058823529414,9042.595155709345,4958.320069204153,9450.441176470591,2765.437716262976,5554.80795847751,8757.185121107268,8452.666089965402
UKFS,UKFS_002,KU Field Station NEON,distributed,-95.208663,39.046329,313.55,7965.719489981785,8858.178506375227,4876.601092896175,9261.90528233151,3041.04189435337,5415.395264116576,8575.540983606557,8281.296903460838
UKFS,UKFS_016,KU Field Station NEON,distributed,-95.188442,39.042666,308.53,8322.514431239388,9096.466893039049,4776.83701188455,9562.90152801358,2968.991511035653,5549.831918505941,8669.893039049235,8580.616298811545
UKFS,UKFS_017,KU Field Station NEON,distributed,-95.198344,39.047564,324.02,7998.023333333333,8272.486666666666,4618.335000000001,8691.31,2571.671666666666,5154.380000000001,7842.581666666667,8057.709999999999
UKFS,UKFS_018,KU Field Station NEON,distributed,-95.192935,39.053113,327.57,4517.153333333333,4667.331666666666,3375.0249999999996,4635.93,2341.8450000000003,3616.9449999999993,4430.746666666666,4316.988333333333
UKFS,UKFS_019,KU Field Station NEON,distributed,-95.195736,39.031699,279.62,8137.408333333335,8963.815000000002,4488.176666666667,9488.010000000002,3018.833333333334,5442.530000000001,8763.516666666666,8321.265000000001
UKFS,UKFS_020,KU Field Station NEON,distributed,-95.201236,39.041884,310.91,8256.46473779385,8983.913200723327,4654.886075949366,9448.719710669076,2798.573236889692,5429.231464737793,8773.218806509944,8441.354430379746
UKFS,UKFS_021,KU Field Station NEON,distributed,-95.204458,39.056126,310.95,8355.58333333333,9086.11111111111,4742.024305555554,9552.39409722222,2603.5833333333326,5454.675347222221,8878.98784722222,8462.663194444443
UKFS,UKFS_022,KU Field Station NEON,distributed,-95.190869,39.031785,279.23,8262.915540540542,9026.00506756757,4719.33445945946,9496.915540540542,3047.283783783784,5585.942567567569,8913.655405405405,8331.364864864865
UKFS,UKFS_023,KU Field Station NEON,distributed,-95.201452,39.036719,285.16,7867.378378378379,8888.633445945947,4562.135135135136,9452.677364864869,2868.5895270270275,5400.619932432433,8737.29054054054,8312.319256756758
UKFS,UKFS_024,KU Field Station NEON,distributed,-95.189125,39.041004,311.74,8366.816363636362,9068.723636363635,4722.1509090909085,9569.37818181818,2915.665454545454,5536.079999999999,8793.63818181818,8515.569090909088
UKFS,UKFS_025,KU Field Station NEON,distributed,-95.189541,39.055332,326.51,4161.3133333333335,4612.290000000001,3155.7149999999997,4244.873333333333,2467.635,3638.4399999999996,4263.315,4258.715000000001
UKFS,UKFS_003,KU Field Station NEON,distributed,-95.188064,39.052642,325.79,8196.951585976627,8909.632721202002,4664.465776293823,9351.315525876462,2478.6611018363938,5379.183639398999,8635.395659432386,8212.30550918197
UKFS,UKFS_026,KU Field Station NEON,distributed,-95.201118,39.048635,325.05,4456.83,4867.893333333334,3425.4049999999997,4665.318333333333,2472.96,3669.585,4530.533333333333,4579.575000000001
UKFS,UKFS_027,KU Field Station NEON,distributed,-95.208356,39.047411,322.25,4305.398198198199,4840.863063063064,3385.891891891892,5028.857657657659,2343.708108108108,3594.2792792792798,4352.5117117117115,4817.23963963964
UKFS,UKFS_028,KU Field Station NEON,distributed,-95.202459,39.047512,324.33,6247.456637168141,6862.748672566372,4138.536283185841,8692.582300884957,2659.725663716814,4629.2,6770.359292035398,7461.261946902654
UKFS,UKFS_004,KU Field Station NEON,distributed,-95.202721,39.043184,320.7,8153.891485809683,8949.070116861434,4804.951585976627,9369.769616026711,2735.4924874791323,5397.67612687813,8651.312186978297,8468.262103505844
UKFS,UKFS_029,KU Field Station NEON,distributed,-95.21039,39.046041,321.15,4038.3505843071785,4711.707846410684,3383.656093489148,4415.0634390651085,2344.188647746244,3483.202003338898,4212.946577629383,4257.045075125208
UKFS,UKFS_030,KU Field Station NEON,distributed,-95.211765,39.045453,322.34,3851.4586330935244,4485.591726618705,3332.741007194245,4274.615107913668,2230.053956834532,3413.347122302158,4257.663669064747,4198.883093525179
UKFS,UKFS_005,KU Field Station NEON,distributed,-95.204735,39.054509,318.24,8512.450511945392,9235.22184300341,4962.341296928327,9618.986348122864,2826.4488054607505,5521.699658703072,8943.993174061434,8647.921501706485
UKFS,UKFS_006,KU Field Station NEON,distributed,-95.198575,39.033807,318.86,7875.61394557823,8961.505102040815,4581.272108843537,9378.438775510203,2693.1547619047615,5306.670068027211,8633.498299319726,8504.379251700679
UKFS,UKFS_001,KU Field Station NEON,distributed,-95.196953,39.037623,311.49,8288.878333333332,9033.293333333331,4631.626666666665,9535.668333333331,2696.6066666666657,5422.106666666665,8764.141666666665,8534.034999999998
UKFS,UKFS_008,KU Field Station NEON,distributed,-95.189911,39.033692,280.05,8447.719576719575,9018.220458553791,4744.902998236332,9571.137566137568,3191.809523809524,5594.890652557319,8818.828924162257,8382.289241622575
UKFS,UKFS_009,KU Field Station NEON,distributed,-95.201392,39.045354,323.96,4233.646098003629,4635.350272232304,3309.9401088929217,4489.618874773139,2407.880217785844,3543.9165154264974,4281.254083484573,4320.185117967332
UKFS,UKFS_046,KU Field Station NEON,tower,-95.195799,39.034931,310.14,8230.106844741236,9072.495826377297,4631.378964941569,9573.504173622703,3039.6293823038395,5618.362270450752,8813.883138564273,8345.756260434056
UKFS,UKFS_047,KU Field Station NEON,tower,-95.190752,39.040156,315.76,8199.631051752922,8931.619365609351,4552.208681135226,9443.318864774626,2933.969949916528,5520.330550918198,8633.590984974959,8388.772954924876
UKFS,UKFS_048,KU Field Station NEON,tower,-95.191972,39.034469,276.85,8154.267857142856,8912.396428571426,4705.621428571429,9444.526785714284,3037.9053571428567,5506.7303571428565,8725.308928571429,8305.133928571428
UKFS,UKFS_049,KU Field Station NEON,tower,-95.189978,39.037194,283.69,8224.271794871795,9029.418803418805,4646.338461538462,9468.179487179486,3008.666666666667,5505.894017094018,8680.075213675214,8273.895726495728
UKFS,UKFS_050,KU Field Station NEON,tower,-95.197907,39.035964,322.19,7975.678929765886,9023.89966555184,4591.505016722408,9504.207357859532,2828.7257525083614,5411.645484949832,8701.28762541806,8557.244147157191
UKFS,UKFS_051,KU Field Station NEON,tower,-95.193274,39.043335,323.54,9555.518783542038,10092.631484794274,6502.536672629696,7832.379248658319,4640.561717352415,6851.527728085867,9629.280858676206,7460.84794275492
UKFS,UKFS_031,KU Field Station NEON,tower,-95.192035,39.036615,282.41,8171.617696160268,9006.976627712855,4719.717863105176,9513.437395659432,2753.554257095159,5585.988313856427,8886.585976627712,8361.53589315526
UKFS,UKFS_052,KU Field Station NEON,tower,-95.195145,39.03655,294.38,8175.984899328859,8998.145973154364,4579.327181208054,9476.570469798658,2829.4362416107388,5412.645973154364,8752.963087248323,8566.144295302014
UKFS,UKFS_053,KU Field Station NEON,tower,-95.189322,39.039108,303.06,8425.685000000001,9134.361666666668,4701.8083333333325,9575.321666666665,2911.2,5531.371666666667,8659.208333333332,8465.638333333332
UKFS,UKFS_054,KU Field Station NEON,tower,-95.189174,39.034222,295.36,8413.614357262106,8922.774624373957,4742.141903171954,9524.612687813024,2847.530884808014,5581.021702838064,8764.614357262104,8257.30550918197
UKFS,UKFS_055,KU Field Station NEON,tower,-95.197127,39.044352,305.48,8261.469115191989,8872.806343906512,4598.398998330551,9420.996661101837,2883.1585976627716,5467.207011686144,8625.35058430718,8159.218697829718
UKFS,UKFS_043,KU Field Station NEON,tower,-95.194409,39.035201,291.49,8160.0584307178615,8996.073455759599,4557.849749582638,9541.061769616026,2906.3772954924875,5419.434056761269,8809.058430717863,8306.397328881469
UKFS,UKFS_056,KU Field Station NEON,tower,-95.188548,39.03695,290.08,8298.196994991653,9123.534223706178,4730.111853088481,9600.173622704508,2827.7512520868117,5482.626043405677,8733.128547579301,8397.849749582641
UKFS,UKFS_057,KU Field Station NEON,tower,-95.193596,39.042533,321.13,8741.232323232322,9396.38047138047,5182.828282828282,9146.835016835017,3258.7037037037035,5823.3569023569025,8974.239057239056,8379.313131313129
UKFS,UKFS_032,KU Field Station NEON,tower,-95.19703,39.041659,301.56,8158.315525876463,8920.54590984975,4644.02671118531,9421.569282136896,2723.707846410685,5303.834724540902,8547.392320534225,8209.562604340568
UKFS,UKFS_058,KU Field Station NEON,tower,-95.191082,39.039343,309.04,8298.404006677798,9013.60267111853,4585.038397328881,9516.353923205343,2844.5559265442403,5544.953255425709,8755.669449081804,8311.846410684475
UKFS,UKFS_059,KU Field Station NEON,tower,-95.191638,39.03528,278.6,8141.221611721612,9005.954212454213,4700.285714285715,9433.12271062271,3048.20695970696,5542.402930402931,8830.377289377291,8327.855311355312
UKFS,UKFS_060,KU Field Station NEON,tower,-95.197094,39.043013,299.79,8224.63394342762,8950.046589018302,4604.965058236273,9379.232945091513,2768.720465890183,5447.404326123127,8586.73710482529,8232.487520798668
UKFS,UKFS_044,KU Field Station NEON,tower,-95.187902,39.038041,287.8,8331.569369369368,9099.684684684682,4708.8306306306295,9604.277477477473,3039.432432432432,5474.5279279279275,8643.720720720721,8382.565765765765
UKFS,UKFS_045,KU Field Station NEON,tower,-95.194835,39.037636,317.44,8268.147686832739,9033.343416370106,4550.966192170818,9507.11743772242,2901.007117437722,5416.802491103202,8687.596085409254,8421.135231316724
KONZ,KONZ_012,Konza Prairie Biological Station NEON,distributed,-96.582247,39.084519,378.13,3817.3875838926183,3839.204697986578,3075.362416107383,4265.4328859060415,2399.46812080537,3505.365771812081,3978.639261744967,4068.939597315437
KONZ,KONZ_024,Konza Prairie Biological Station NEON,distributed,-96.552209,39.110903,351.02,5899.667247386759,5732.742160278746,3901.402439024391,7004.076655052266,2543.8101045296166,4494.822299651567,6107.939024390244,6143.357142857142
KONZ,KONZ_006,Konza Prairie Biological Station NEON,distributed,-96.58894,39.07116,409.89,3677.7787769784172,4058.593525179857,3101.735611510792,4240.233812949641,2041.7787769784175,3397.008992805756,3888.228417266187,4077.4010791366914
KONZ,KONZ_025,Konza Prairie Biological Station NEON,distributed,-96.596161,39.103998,339.54,6240.450090744101,6157.729582577132,4041.9328493647913,7606.185117967331,2498.05444646098,4660.539019963702,6493.883847549909,6743.891107078039
KONZ,KONZ_026,Konza Prairie Biological Station NEON,distributed,-96.578636,39.089051,366.36,6512.234887737479,6495.825561312608,4015.431778929188,8083.300518134716,2389.364421416235,4899.39378238342,6839.623488773748,7180.224525043179
KONZ,KONZ_007,Konza Prairie Biological Station NEON,distributed,-96.544716,39.086976,421.79,3763.3737541528235,3859.5182724252486,3156.6112956810625,4174.265780730896,2391.7375415282386,3411.106312292358,4035.4485049833884,4002.9634551495014
KONZ,KONZ_008,Konza Prairie Biological Station NEON,distributed,-96.545368,39.108081,382.65,3867.1014234875443,3935.23665480427,3149.7491103202847,4268.418149466192,2384.247330960854,3510.6014234875443,3987.4163701067614,3931.9217081850534
KONZ,KONZ_027,Konza Prairie Biological Station NEON,distributed,-96.585472,39.1008,353.02,6698.491921005386,6364.718132854578,3981.9335727109506,8271.062836624777,2277.6768402154394,4959.0161579892265,7076.511669658885,7246.533213644524
KONZ,KONZ_028,Konza Prairie Biological Station NEON,distributed,-96.576049,39.1044,374.96,6642.119298245613,6369.112280701755,3961.454385964912,8231.412280701754,2255.057894736842,4924.201754385965,7021.547368421053,7145.42807017544
KONZ,KONZ_009,Konza Prairie Biological Station NEON,distributed,-96.585981,39.107315,372.74,3750.7069536423846,3930.7947019867547,3025.438741721854,4265.403973509933,2339.3940397351,3406.367549668874,3855.1738410596026,4074.3559602649
KONZ,KONZ_010,Konza Prairie Biological Station NEON,distributed,-96.571173,39.073755,420.88,3792.6731448763253,3991.830388692579,3048.1166077738512,4380.798586572438,2265.2597173144877,3374.7438162544167,3765.4893992932866,4036.795053003533
KONZ,KONZ_011,Konza Prairie Biological Station NEON,distributed,-96.597472,39.106213,367.36,3615.286189683861,3764.2795341098176,3032.592346089851,4114.098169717139,2317.9883527454244,3224.5074875207993,3756.5640599001667,3954.9567387687193
KONZ,KONZ_013,Konza Prairie Biological Station NEON,distributed,-96.55852,39.088085,420.74,3759.396984924623,4066.6432160804025,3058.170854271357,4283.098827470687,2180.3400335008373,3619.740368509212,4086.1340033500833,4135.269681742044
KONZ,KONZ_014,Konza Prairie Biological Station NEON,distributed,-96.561283,39.1095,379,3729.4415807560126,3992.9037800687283,3035.833333333333,4102.628865979381,2390.615120274914,3261.690721649484,3841.941580756013,3801.867697594501
KONZ,KONZ_015,Konza Prairie Biological Station NEON,distributed,-96.611625,39.087283,401.22,3784.6467661691545,4111.73631840796,3123.0796019900495,4350.124378109453,2174.4477611940297,3499.482587064677,3882.7114427860693,4108.686567164179
KONZ,KONZ_016,Konza Prairie Biological Station NEON,distributed,-96.584061,39.092147,368.83,3611.735449735449,3742.5167548500885,2991.880070546737,3821.848324514991,2367.358024691358,3219.1287477954143,3579.9823633156966,3790.0194003527336
KONZ,KONZ_017,Konza Prairie Biological Station NEON,distributed,-96.578722,39.106074,381.92,3765.4667774086383,3949.7458471760806,3040.5000000000005,4248.255813953489,2281.6162790697676,3426.7691029900334,3851.058139534885,4071.4053156146188
KONZ,KONZ_018,Konza Prairie Biological Station NEON,distributed,-96.557384,39.081578,427.19,3751.2220367278796,4085.0050083472447,3105.5592654424036,4340.328881469116,2141.220367278798,3470.2971619365608,3917.7929883138568,4110.075125208682
KONZ,KONZ_030,Konza Prairie Biological Station NEON,distributed,-96.577407,39.103894,367.58,6120.037162162161,6038.361486486486,3862.6317567567557,7557.236486486486,2357.9442567567567,4698.643581081081,6398.479729729729,6629.152027027027
KONZ,KONZ_019,Konza Prairie Biological Station NEON,distributed,-96.558219,39.107533,378.65,3729.339130434783,4040.285217391305,3100.775652173913,4145.944347826086,2388.3026086956525,3376.5808695652177,3921.020869565218,3769.979130434783
KONZ,KONZ_020,Konza Prairie Biological Station NEON,distributed,-96.562599,39.090612,410.02,3719.46,4184.456666666667,3173.1566666666668,4512.391666666667,2187.8150000000005,3521.4883333333337,4186.428333333333,4191.089999999999
KONZ,KONZ_021,Konza Prairie Biological Station NEON,distributed,-96.597155,39.094821,386.54,3861.056384742952,4056.737976782752,2982.5257048092867,4421.199004975125,2217.6550580431176,3471.933665008292,3843.2039800995026,4094.87064676617
KONZ,KONZ_022,Konza Prairie Biological Station NEON,distributed,-96.546418,39.098104,418.52,4019.2504537205077,4069.934664246823,3147.0617059891106,4390.963702359346,2346.3811252268597,3559.549909255898,3904.6569872958257,3992.607985480943
KONZ,KONZ_023,Konza Prairie Biological Station NEON,distributed,-96.548483,39.078426,433.57,4036.5731497418246,4270.22891566265,3265.7865748709123,4496.848537005163,2186.6316695352843,3564.0550774526682,4188.795180722892,4213.254733218589
KONZ,KONZ_001,Konza Prairie Biological Station NEON,distributed,-96.555874,39.075067,437.75,3898.910746812386,4135.726775956285,3212.092896174863,4342.176684881602,2331.575591985428,3603.943533697632,3941.3642987249546,4070.24043715847
KONZ,KONZ_002,Konza Prairie Biological Station NEON,distributed,-96.546015,39.119992,399.97,3877.255892255892,3956.521885521885,3078.0959595959594,4254.4175084175085,2318.0067340067335,3406.1616161616166,3760.8703703703704,4043.5690235690226
KONZ,KONZ_003,Konza Prairie Biological Station NEON,distributed,-96.570347,39.088076,404.18,3859.339434276206,4173.45091514143,3124.9950083194676,4353.742096505823,2251.891846921797,3462.009983361065,3989.166389351081,4166.397670549085
KONZ,KONZ_004,Konza Prairie Biological Station NEON,distributed,-96.550145,39.110568,374.48,3769.2846846846865,3804.273873873875,3118.162162162163,4189.524324324326,2318.7657657657664,3315.268468468469,3914.6774774774785,3870.297297297298
KONZ,KONZ_005,Konza Prairie Biological Station NEON,distributed,-96.566704,39.082563,423.98,3778.940199335548,4106.382059800665,3125.6378737541536,4414.099667774087,2269.4883720930234,3580.800664451828,4036.2607973421937,4116.996677740864
KONZ,KONZ_029,Konza Prairie Biological Station NEON,distributed,-96.601546,39.098959,341.77,6339.4292929292915,6391.760942760942,3817.33164983165,8098.95286195286,2279.3316498316494,4643.781144781144,6801.1565656565645,6931.3872053872055
KONZ,KONZ_043,Konza Prairie Biological Station NEON,tower,-96.56118,39.102192,405.44,3849.450420168068,4119.576470588236,3103.7243697478993,4318.779831932774,2272.285714285715,3567.5798319327732,3918.620168067227,4041.6453781512614
KONZ,KONZ_042,Konza Prairie Biological Station NEON,tower,-96.564404,39.09957,401.22,3708.5564784053154,4068.8986710963445,3115.2126245847176,4317.137873754154,2240.7225913621264,3544.3388704318936,3941.631229235881,4009.5880398671097
KONZ,KONZ_045,Konza Prairie Biological Station NEON,tower,-96.561811,39.103827,392.13,3853.0699300699303,4188.629370629371,3099.75,4340.304195804196,2316.987762237762,3581.0454545454545,3964.2255244755247,4170.062937062938
KONZ,KONZ_046,Konza Prairie Biological Station NEON,tower,-96.563925,39.103068,405.72,3930.1993299832484,4207.371859296482,3147.469011725293,4357.242881072027,2183.7453936348406,3597.6448911222774,4055.413735343383,4026.102177554438
KONA,KONA_001,Konza Prairie Agroecosystem NEON,distributed,-96.594339,39.215958,328.25,6843.079734219269,7165.136212624585,6375.66611295681,7437.691029900333,4917.564784053156,6419.594684385382,6913.591362126244,8354.159468438538
KONA,KONA_002,Konza Prairie Agroecosystem NEON,distributed,-96.638463,39.115597,324.02,7641.19627749577,8828.622673434858,6887.966159052454,10074.277495769884,4972.338409475466,6428.884940778342,8231.138747884941,9154.206429780035
KONA,KONA_003,Konza Prairie Agroecosystem NEON,distributed,-96.599283,39.215287,333.92,7231.448675496687,8545.312913907283,6182.413907284767,7890.634105960263,5231.216887417218,6747.200331125826,7524.397350993377,8211.326158940396
KONA,KONA_005,Konza Prairie Agroecosystem NEON,distributed,-96.582637,39.221583,317.81,8241.168874172186,8833.422185430463,6589.882450331126,8650.326158940396,5017.82284768212,6933.256622516556,7773.781456953642,8285.557947019866
KONA,KONA_006,Konza Prairie Agroecosystem NEON,distributed,-96.647329,39.124964,354.04,5327.072758037224,6505.27749576988,4793.021996615905,9310.350253807106,3264.279187817259,4146.747884940779,4882.098138747885,7523.306260575296
KONA,KONA_007,Konza Prairie Agroecosystem NEON,distributed,-96.638655,39.119701,326.63,6398.581056466303,7181.850637522769,5491.180327868853,7698.025500910747,6189.644808743169,5360.575591985428,6700.632058287796,6789.238615664845
KONA,KONA_008,Konza Prairie Agroecosystem NEON,distributed,-96.600871,39.21712,335.97,7835.848214285716,7499.762500000001,5649.041071428571,8448.121428571427,5971.517857142857,7282.271428571427,7465.710714285713,7817.185714285714
KONA,KONA_009,Konza Prairie Agroecosystem NEON,distributed,-96.64534,39.125694,345.86,5142.521505376345,6363.010752688172,4851.8136200716845,9598.596774193547,3828.8817204301076,4176.05017921147,4781.965949820789,8209.31182795699
KONA,KONA_010,Konza Prairie Agroecosystem NEON,distributed,-96.639109,39.125589,326.69,7573.001763668429,8896.580246913578,5912.16049382716,7393.192239858907,4799.402116402116,5082.564373897707,6378.142857142857,7358.513227513226
KONA,KONA_011,Konza Prairie Agroecosystem NEON,distributed,-96.595404,39.223125,326.05,8998.603066439522,9471.722316865418,7602.557069846678,10559.589437819423,4979.8773424190795,7546.059625212946,8927.550255536626,8918.339011925042
KONA,KONA_013,Konza Prairie Agroecosystem NEON,distributed,-96.64202,39.126668,332.57,6828.826475849733,9314.531305903402,7363.887298747764,7800.08228980322,5665.837209302326,6215.055456171735,6585.429338103757,7874.067978533095
KONA,KONA_014,Konza Prairie Agroecosystem NEON,distributed,-96.601254,39.215594,332.13,7029.506644518273,8480.993355481727,5954.769102990033,7805.136212624585,5312.174418604651,5574.03488372093,8041.95514950166,8245.709302325582
KONA,KONA_015,Konza Prairie Agroecosystem NEON,distributed,-96.595022,39.214927,325.27,7272.432862190813,7346.881625441696,6438.084805653709,8579.160777385161,5126.699646643109,6925.888692579505,7755.438162544169,8039.151943462897
KONA,KONA_016,Konza Prairie Agroecosystem NEON,distributed,-96.638276,39.120699,327.91,6530.2704507512535,7180.280467445743,5610.764607679467,7572.56427378965,6485.684474123539,5303.509181969952,6768.848080133557,6676.333889816361
KONA,KONA_017,Konza Prairie Agroecosystem NEON,distributed,-96.589979,39.227868,328.06,9265.498188405798,8425.42391304348,7384.842391304348,11169.197463768118,5686.898550724637,8348.98007246377,9370.077898550726,10340.608695652174
KONA,KONA_018,Konza Prairie Agroecosystem NEON,distributed,-96.638036,39.117872,326.08,7416.353535353535,7221.722222222221,5714.904040404041,7629.755892255892,6327.8249158249155,5751.217171717172,7055.170033670032,7509.695286195286
KONA,KONA_019,Konza Prairie Agroecosystem NEON,distributed,-96.589511,39.213041,325.87,7579.54964539007,7779.689716312057,6105.430851063829,7901.1382978723395,5113.774822695034,5559.425531914893,7584.129432624113,8087.847517730495
KONA,KONA_021,Konza Prairie Agroecosystem NEON,distributed,-96.642058,39.125641,333.56,6891.747508305649,9330.599667774088,6046.563122923589,7078.259136212627,5391.194352159469,6475.179401993357,6642.667774086381,7840.657807308972
KONA,KONA_022,Konza Prairie Agroecosystem NEON,distributed,-96.591613,39.228185,328.56,9534.739202657807,9201.911960132891,7774.0780730897,11143.62292358804,5931.202657807309,8721.05481727575,9801.704318936878,10789.383720930233
KONA,KONA_023,Konza Prairie Agroecosystem NEON,distributed,-96.595634,39.21649,330.11,7368.594594594593,7222.407094594594,6286.304054054053,7912.717905405404,5047.082770270271,7147.295608108109,7614.14358108108,7670.746621621622
KONA,KONA_024,Konza Prairie Agroecosystem NEON,distributed,-96.594206,39.209812,329.89,6681.867889908256,6768.016513761468,4935.1798165137625,6750.122935779816,4552.992660550459,5500.803669724772,7481.504587155963,6237.012844036697
KONA,KONA_026,Konza Prairie Agroecosystem NEON,distributed,-96.59609,39.222378,326.44,8993.010714285714,9453.075000000003,7641.6732142857145,10628.67142857143,5156.4053571428585,7426.2357142857145,9126.066071428571,9001.773214285715
KONA,KONA_028,Konza Prairie Agroecosystem NEON,distributed,-96.641109,39.124585,331.94,7123.275547445256,9166.808394160586,6146.158759124088,8265.195255474455,5404.890510948906,5751.85401459854,7341.233576642336,8065.523722627738
KONA,KONA_030,Konza Prairie Agroecosystem NEON,distributed,-96.644988,39.126474,342.81,6782.0834813499105,8395.211367673177,6527.634103019537,10180.069271758437,4746.8827708703375,5389.531083481349,6387.545293072824,8330.504440497336
KONA,KONA_032,Konza Prairie Agroecosystem NEON,distributed,-96.643663,39.126956,338.25,5422.906666666667,6532.526666666667,4728.336666666667,8832.515,3728.6116666666667,4486.116666666667,4874.961666666667,8264.25
KONA,KONA_035,Konza Prairie Agroecosystem NEON,distributed,-96.592549,39.210049,328.04,6837.335714285716,7751.457142857144,5221.107142857143,6903.300000000001,5008.0875000000005,5398.3946428571435,7901.355357142858,7161.117857142858
KONA,KONA_048,Konza Prairie Agroecosystem NEON,tower,-96.612665,39.108044,327.46,6904.650273224044,8186.766848816029,6140.253187613844,8641.47358834244,4490.451730418944,5709.326047358833,7396.741347905284,7699.914389799636
KONA,KONA_054,Konza Prairie Agroecosystem NEON,tower,-96.611503,39.111555,321.16,6903.671256454389,9902.578313253012,7277.151462994836,8989.674698795183,4097.421686746988,6684.839931153185,8461.82960413081,7220.98795180723
KONA,KONA_057,Konza Prairie Agroecosystem NEON,tower,-96.614399,39.108366,330.19,5699.351575456053,6137.606965174129,4893.691542288556,7621.13432835821,5022.810945273632,4768.709784411277,5961.28192371476,6346.673300165839
KONA,KONA_059,Konza Prairie Agroecosystem NEON,tower,-96.613606,39.111041,322.1,7405.0288808664245,10212.787003610107,7270.283393501804,8783.471119133574,4193.619133574007,7024.985559566786,8312.449458483754,7753.873646209386
DSNY,DSNY_005,Disney Wilderness Preserve NEON,distributed,-81.393323,28.039641,19.47,8240.64716981132,7221.492452830188,7478.467924528301,5585.030188679246,6631.841509433962,7049.181132075471,7171.015094339623,5782.833962264151
DSNY,DSNY_006,Disney Wilderness Preserve NEON,distributed,-81.399334,28.09297,18.7,3087.1984877126656,2373.5103969754255,2609.0756143667304,2393.3081285444237,2092.9621928166357,2352.0056710775048,2135.493383742911,2490.1096408317585
DSNY,DSNY_008,Disney Wilderness Preserve NEON,distributed,-81.401888,28.046662,18.98,8119.343396226414,7323.090566037736,7513.216981132075,7314.74716981132,6531.366037735849,6985.639622641509,7099.528301886792,7489.8490566037735
DSNY,DSNY_009,Disney Wilderness Preserve NEON,distributed,-81.428559,28.073118,19,5726.264033264032,4956.0291060291065,4929.715176715177,4854.573804573804,4459.3659043659045,4778.825363825363,4700.806652806652,5051.567567567567
DSNY,DSNY_016,Disney Wilderness Preserve NEON,distributed,-81.393625,28.043951,17.97,5590.3383742911155,4885.321361058601,4671.368620037806,4866.873345935727,4118.277882797731,4516.909262759924,4604.684310018903,5004.563327032136
DSNY,DSNY_017,Disney Wilderness Preserve NEON,distributed,-81.402874,28.058282,20.12,2902.932203389831,2397.5875706214692,2653.64406779661,2490.1374764595107,2261.672316384181,2232.3954802259886,2338.433145009417,2271.56120527307
DSNY,DSNY_019,Disney Wilderness Preserve NEON,distributed,-81.394674,28.074836,20.69,3185.01867219917,2312.715767634855,2620.2136929460585,2364.0933609958506,2184.4377593360996,2413.9564315352695,2398.9875518672197,2455.5788381742736
DSNY,DSNY_021,Disney Wilderness Preserve NEON,distributed,-81.393374,28.052638,19.82,5094.74524714829,5003.859315589354,4818.4505703422055,4937.26235741445,4287.958174904943,4835.161596958175,4708.684410646388,5058.996197718632
DSNY,DSNY_034,Disney Wilderness Preserve NEON,distributed,-81.418449,28.063937,19.48,5429.219281663517,4995.287334593573,4649.181474480152,4965.3175803402655,4365.083175803403,4847.434782608697,4786.790170132325,5113.461247637052
DSNY,DSNY_036,Disney Wilderness Preserve NEON,distributed,-81.384553,28.060503,17.81,5510.209829867675,4862.979206049149,4762.446124763705,4826.865784499055,4216.436672967863,4803.36483931947,4589.948960302458,4996.412098298676
DSNY,DSNY_041,Disney Wilderness Preserve NEON,tower,-81.432746,28.125082,20.46,5067.1606805292995,4460.844990548204,4494.935727788279,4320.701323251417,4151.5973534971645,4286.232514177693,4653.975425330813,4989.306238185255
DSNY,DSNY_043,Disney Wilderness Preserve NEON,tower,-81.43487,28.1232,20.26,4993.774193548386,4561.981024667931,4556.58633776091,4147.174573055028,4161.9051233396585,4404.654648956356,4696.225806451612,5061.087286527513
JERC,JERC_001,The Jones Center At Ichauway NEON,distributed,-84.477077,31.194314,38.62,7934.478899082568,7966.385321100916,7153.330275229358,9167.508256880734,6192.188990825688,6944.82752293578,6965.1376146789,10441.57247706422
JERC,JERC_002,The Jones Center At Ichauway NEON,distributed,-84.460062,31.194504,48.54,7920.213279678068,7907.277665995975,6854.581488933602,6839.319919517102,6129.774647887323,6957.7364185110655,6934.53319919517,7637.941649899395
JERC,JERC_003,The Jones Center At Ichauway NEON,distributed,-84.473249,31.19615,35.49,9425.831983805669,9675.945344129555,8922.23279352227,6769.18218623482,7639.973684210528,8193.821862348179,8503.692307692309,7671.062753036437
JERC,JERC_004,The Jones Center At Ichauway NEON,distributed,-84.465861,31.189774,44.82,12909.781250000002,12785.481617647058,12382.318014705881,12134.876838235296,10452.564338235294,11300.125,12029.806985294119,13352.78125
JERC,JERC_005,The Jones Center At Ichauway NEON,distributed,-84.451231,31.195967,46.31,8078.100917431192,7861.711926605505,7269.598165137615,6740.155963302752,6093.926605504587,7340.62385321101,6869.559633027523,7958.409174311928
JERC,JERC_045,The Jones Center At Ichauway NEON,distributed,-84.475936,31.189966,37.38,4668.799632352941,4504.816176470588,3871.238970588236,10425.11213235294,3549.1011029411766,4409.023897058824,3701.966911764706,11294.176470588234
JERC,JERC_007,The Jones Center At Ichauway NEON,distributed,-84.476315,31.198632,35.68,7825.284926470588,7796.255514705883,6757.079044117648,6707.974264705882,6092.992647058824,7177.875,6656.909926470588,7461.150735294118
JERC,JERC_008,The Jones Center At Ichauway NEON,distributed,-84.450932,31.195154,47.13,10214.511926605503,10114.959633027524,9576.251376146787,6659.755963302752,8032.411009174312,9111.779816513761,9239.521100917433,7775.829357798165
JERC,JERC_009,The Jones Center At Ichauway NEON,distributed,-84.456903,31.194989,48.65,7773.45036764706,7677.229779411766,6097.573529411766,6812.205882352942,5813.417279411766,6966.397058823532,6681.045955882354,7714.577205882355
JERC,JERC_011,The Jones Center At Ichauway NEON,distributed,-84.468204,31.185207,37.22,7942.492985971944,7521.264529058116,6998.492985971944,6364.296593186372,5782.296593186373,7198.613226452907,6592.823647294589,7884.917835671344
JERC,JERC_012,The Jones Center At Ichauway NEON,distributed,-84.447296,31.190203,42.11,11457.948717948717,9122.80586080586,11458.490842490843,9825.767399267397,8432.360805860806,9082.349816849815,8498.1336996337,10706.525641025642
JERC,JERC_013,The Jones Center At Ichauway NEON,distributed,-84.469946,31.178468,36.72,8700.708249496982,8373.696177062373,8040.146881287726,6422.362173038229,6555.563380281689,7781.867203219315,7283.507042253521,7937.237424547284
JERC,JERC_014,The Jones Center At Ichauway NEON,distributed,-84.454913,31.200072,47.46,7109.623161764707,5967.53492647059,5841.599264705884,11056.22610294118,5592.865808823532,6513.102941176471,6129.716911764707,12210.494485294119
JERC,JERC_015,The Jones Center At Ichauway NEON,distributed,-84.454193,31.190595,47.33,7869.011834319526,7739.122287968441,6810.723865877711,6821.832347140039,5987.455621301775,7151.7692307692305,6908.53057199211,7869.0197238658775
JERC,JERC_017,The Jones Center At Ichauway NEON,distributed,-84.453445,31.195474,45.16,9157.112962962965,8816.542592592594,8387.996296296296,6689.7259259259245,6886.759259259259,8251.85925925926,8059.964814814816,7749.7740740740755
JERC,JERC_018,The Jones Center At Ichauway NEON,distributed,-84.45826,31.192585,45.8,12102.325536062379,12484.610136452242,12115.491228070176,11048.276803118908,10489.430799220272,10308.077972709552,11992.914230019493,12409.83820662768
JERC,JERC_019,The Jones Center At Ichauway NEON,distributed,-84.470665,31.187434,37.59,9238.178781925344,9703.225933202359,9059.479371316307,6547.449901768174,7676.923379174853,7907.801571709234,8669.840864440079,7171.538310412574
JERC,JERC_020,The Jones Center At Ichauway NEON,distributed,-84.46508,31.183807,45.01,9641.8125,8895.148897058823,8225.011029411764,12485.216911764706,7495.222426470588,8718.74080882353,8810.709558823528,13559.443014705883
JERC,JERC_021,The Jones Center At Ichauway NEON,distributed,-84.469061,31.175757,36.84,8409.264705882353,7907.836397058823,7472.67830882353,6564.825367647059,5902.884191176471,7743.821691176471,7055.220588235295,7795.709558823529
JERC,JERC_022,The Jones Center At Ichauway NEON,distributed,-84.468464,31.210376,46.84,8635.18689788054,8808.52408477842,8101.772639691715,6723.49132947977,6802.0154142581905,7987.859344894027,7876.140655105973,7847.394990366089
JERC,JERC_024,The Jones Center At Ichauway NEON,distributed,-84.457916,31.204483,47.52,11349.640883977903,11398.106813996319,10839.50460405157,11093.239410681403,9275.057090239414,10182.513812154699,11370.031307550647,12182.56537753223
JERC,JERC_028,The Jones Center At Ichauway NEON,distributed,-84.477998,31.182704,35.38,9530.067164179105,9486.15671641791,9121.733208955222,7295.994402985074,7494.207089552238,8264.660447761193,8602.75186567164,8216.494402985074
JERC,JERC_030,The Jones Center At Ichauway NEON,distributed,-84.476067,31.185097,36.58,7033.113970588236,7004.79411764706,6367.738970588237,6651.272058823531,5453.689338235295,6236.398897058824,6226.216911764707,7231.647058823532
JERC,JERC_031,The Jones Center At Ichauway NEON,distributed,-84.464587,31.202453,45.02,10579.354000000001,10725.638,9968.856,6824.734000000001,8533.716,9261.418000000001,9736.220000000003,7707.706000000002
JERC,JERC_033,The Jones Center At Ichauway NEON,distributed,-84.456038,31.192003,46.91,10124.18215613383,10148.215613382898,9339.159851301118,6867.762081784386,8151.548327137545,8869.842007434945,9316.477695167285,7742.228624535315
JERC,JERC_038,The Jones Center At Ichauway NEON,distributed,-84.492894,31.191899,37.91,9001.020257826887,8864.602209944753,8240.939226519338,6866.14364640884,7048.031307550644,8227.36832412523,7838.31123388582,7308.906077348067
JERC,JERC_010,The Jones Center At Ichauway NEON,distributed,-84.469499,31.208232,42.12,9528.431444241316,9844.890310786106,9425.310786106034,8722.263254113348,7817.250457038391,8087.831809872029,8802.627056672762,10258.61608775137
JERC,JERC_006,The Jones Center At Ichauway NEON,distributed,-84.45584,31.187672,42.27,10212.841713221602,9788.87895716946,9742.532588454378,6915.592178770949,8226.188081936685,8483.586592178772,9061.491620111732,7798.128491620111
JERC,JERC_047,The Jones Center At Ichauway NEON,tower,-84.467186,31.198427,35.84,8015.943119266055,7890.26605504587,6997.308256880733,6870.027522935779,6129.471559633028,7278.033027522936,6759.776146788991,7844.651376146789
JERC,JERC_048,The Jones Center At Ichauway NEON,tower,-84.461913,31.196458,47.63,8360.203219315896,7920.776659959759,7270.072434607646,6694.396378269617,6276.810865191147,7460.625754527163,7118.167002012073,7840.692152917506
JERC,JERC_049,The Jones Center At Ichauway NEON,tower,-84.464108,31.196488,45.51,10718.76134122288,10260.05128205128,10130.652859960552,6617.907297830375,8268.216962524655,9367.524654832347,9407.169625246548,7868.91124260355
JERC,JERC_050,The Jones Center At Ichauway NEON,tower,-84.468201,31.196845,36.04,9334.14128440367,9266.739449541285,8486.308256880735,6515.245871559633,7383.891743119266,8326.946788990826,8194.587155963303,7503.761467889909
JERC,JERC_051,The Jones Center At Ichauway NEON,tower,-84.464340000000007,31.199491,41.99,8886.583501006036,8973.392354124748,8425.744466800805,6748.879275653923,7075.311871227365,7720.0281690140855,7961.315895372233,7729.686116700202
JERC,JERC_052,The Jones Center At Ichauway NEON,tower,-84.464139,31.195408,46.05,8844.067961165048,8598.30291262136,8485.073786407767,6524.353398058253,6831.209708737864,7669.403883495146,7715.862135922331,7845.194174757281
JERC,JERC_053,The Jones Center At Ichauway NEON,tower,-84.463553,31.194044,45.01,9619.941068139962,9264.712707182322,8912.93738489871,6524.657458563536,7567.278084714549,8514.624309392264,8557.268876611419,7828.817679558012
JERC,JERC_055,The Jones Center At Ichauway NEON,tower,-84.465133,31.194074,41.31,9319.680147058822,9181.220588235294,9133.531250000002,7662.091911764706,7379.244485294118,7824.062499999999,8285.490808823528,9088.014705882353
JERC,JERC_056,The Jones Center At Ichauway NEON,tower,-84.466362,31.194637,44.12,9301.052525252526,9236.232323232323,9141.446464646464,7855.949494949495,7371.90909090909,7856.692929292928,8312.80404040404,9331.555555555557
JERC,JERC_057,The Jones Center At Ichauway NEON,tower,-84.469658,31.200938,34.33,9441.041666666668,9617.379166666666,9248.529166666667,6354.00625,7700.060416666666,8078.166666666668,8676.060416666667,7384.7145833333325
JERC,JERC_058,The Jones Center At Ichauway NEON,tower,-84.462282,31.194552,47.66,9383.588235294117,9212.200367647058,8987.65257352941,6386.283088235295,7349.608455882354,8004.961397058823,8240.20955882353,7753.354779411766
JERC,JERC_059,The Jones Center At Ichauway NEON,tower,-84.462488,31.198066,42.55,8447.748603351956,8641.32402234637,7863.778398510243,6801.385474860337,6784.910614525141,7439.3389199255125,7660.945996275606,7686.318435754191
JERC,JERC_060,The Jones Center At Ichauway NEON,tower,-84.465307,31.198675,37.87,8054.181647940075,7987.00936329588,7093.994382022472,7058.5973782771525,6226.138576779026,7231.151685393257,7034.7340823970035,7794.179775280899
JERC,JERC_061,The Jones Center At Ichauway NEON,tower,-84.465398,31.195445,50.4,9271.359126984125,8944.686507936507,8843.452380952382,6938.2202380952385,7146.065476190476,8212.42857142857,8231.162698412698,8290.595238095237
JERC,JERC_062,The Jones Center At Ichauway NEON,tower,-84.466929,31.196804,38.33,8969.963235294119,8546.266544117647,8083.656249999999,6578.720588235295,6808.608455882353,7971.990808823531,7602.264705882353,7801.161764705881
JERC,JERC_063,The Jones Center At Ichauway NEON,tower,-84.462881,31.195656,46.52,8922.243856332703,8349.139886578449,8188.164461247636,6380.739130434783,6575.6843100189035,7860.052930056711,7493.5311909262755,7861.633270321361
JERC,JERC_065,The Jones Center At Ichauway NEON,tower,-84.465275,31.200288,39.53,8061.869485294118,7892.119485294117,7158.61580882353,6930.729779411765,6032.055147058823,7334.659926470588,7093.16544117647,7754.582720588237
JERC,JERC_066,The Jones Center At Ichauway NEON,tower,-84.463761,31.197553,42.38,8730.13944954128,8575.429357798164,8431.40366972477,6751.867889908256,6920.766972477063,7439.161467889908,7671.311926605503,7824.906422018346
OSBS,OSBS_066,Ordway-Swisher Biological Station NEON,distributed,-81.971145,29.711309,27.95,9475.880658436214,9261.234567901234,9563.164609053498,6409.798353909465,7490.773662551441,9028.588477366255,8212.40329218107,6905.555555555556
OSBS,OSBS_076,Ordway-Swisher Biological Station NEON,distributed,-81.982768,29.725563,28.94,6058.832402234637,5682.54189944134,5386.545623836127,7573.9459962756055,4622.232774674116,5579.016759776536,4958.5139664804465,7910.409683426443
OSBS,OSBS_067,Ordway-Swisher Biological Station NEON,distributed,-81.975904,29.690932,28.48,3970.105751391465,3720.9424860853437,3796.2374768089057,5569.766233766233,2892.4897959183672,3685.47495361781,3306.6846011131724,5718.56586270872
OSBS,OSBS_063,Ordway-Swisher Biological Station NEON,distributed,-81.969684,29.687219,39.2,4262.54693877551,3927.6693877551024,4059.971428571429,2812.5612244897966,3064.5142857142855,3841.795918367347,3644.940816326531,2940.477551020408
OSBS,OSBS_068,Ordway-Swisher Biological Station NEON,distributed,-81.983366,29.69225,38.83,6778.753731343284,6545.5932835820895,6594.548507462687,6336.705223880598,5181.621268656717,6405.259328358211,5797.57276119403,6524.557835820897
OSBS,OSBS_070,Ordway-Swisher Biological Station NEON,distributed,-81.98983,29.687872,43.11,5731.760667903524,5465.736549165121,5717.692022263451,6423.634508348794,4534.502782931355,5478.667903525046,5129.6178107606675,6937.107606679035
OSBS,OSBS_071,Ordway-Swisher Biological Station NEON,distributed,-81.956222,29.709218,38.54,7681.202040816327,7301.755102040815,7561.161224489797,6974.342857142856,6153.877551020408,7051.908163265306,6786.297959183674,7372.73469387755
OSBS,OSBS_072,Ordway-Swisher Biological Station NEON,distributed,-82.010953,29.69229,50.2,6081.821892393323,5872.849721706866,5759.949907235623,6668.910946196662,4668.322820037107,5687.085343228201,5005.92207792208,6659.005565862711
OSBS,OSBS_073,Ordway-Swisher Biological Station NEON,distributed,-81.989698,29.702728,30.1,6642.2817164179105,6495.97014925373,6574.106343283581,6555.095149253731,5239.768656716417,6221.40671641791,5667.945895522387,6721.820895522387
OSBS,OSBS_074,Ordway-Swisher Biological Station NEON,distributed,-81.940165,29.686087,29.03,7948.763059701493,7509.065298507462,7579.298507462686,6838.503731343284,6203.82462686567,7438.58395522388,6650.082089552239,7384.994402985074
OSBS,OSBS_075,Ordway-Swisher Biological Station NEON,distributed,-82.000044,29.684003,43.14,3215.3227016885553,3002.0150093808634,3193.7260787992495,3019.1313320825516,2043.2964352720448,2956.6697936210135,2620.5028142589117,3013.898686679174
OSBS,OSBS_006,Ordway-Swisher Biological Station NEON,distributed,-81.983001,29.686609,32.79,3420.1580952380946,3270.5371428571425,3471.434285714285,3973.8171428571427,2411.4285714285706,3112.933333333333,2595.243809523809,4161.750476190476
OSBS,OSBS_007,Ordway-Swisher Biological Station NEON,distributed,-81.962568,29.690279,33.35,7723.050279329609,7636.121042830539,7427.232774674115,7517.51582867784,5994.519553072626,7410.895716945996,6965.145251396649,7809.2104283054005
OSBS,OSBS_008,Ordway-Swisher Biological Station NEON,distributed,-82.007163,29.685058,45.18,8109.157699443414,7792.701298701298,7356.803339517625,7602.0241187384045,6311.918367346938,7656.287569573285,7041.901669758812,7696.398886827457
OSBS,OSBS_048,Ordway-Swisher Biological Station NEON,distributed,-81.94635,29.679302,34.28,7430.79345603272,7600.456032719836,7243.18200408998,7097.308793456034,5612.758691206544,7209.421267893661,6165.02044989775,7238.597137014316
OSBS,OSBS_013,Ordway-Swisher Biological Station NEON,distributed,-81.961566,29.68216,42.4,5265.932710280373,5041.170093457943,5196.345794392522,7324.435514018691,4048.2299065420557,4803.347663551403,4594.42429906542,7482.770093457944
OSBS,OSBS_014,Ordway-Swisher Biological Station NEON,distributed,-81.958244,29.69273,31.09,8001.067289719626,7649.714018691589,7491.095327102806,7358.444859813085,5932.592523364487,7407.442990654206,6760.37570093458,7602.231775700936
OSBS,OSBS_002,Ordway-Swisher Biological Station NEON,distributed,-81.956817,29.703861,31.46,7261.277777777778,7171.51646090535,7082.8703703703695,7300.818930041152,5803.730452674898,6853.633744855966,6459.530864197532,7567.506172839505
OSBS,OSBS_004,Ordway-Swisher Biological Station NEON,distributed,-81.959108,29.684075,37.39,7836.478504672897,7537.943925233645,7634.06168224299,7555.179439252336,6110.302803738317,7265.158878504673,6885.506542056074,7582.708411214953
OSBS,OSBS_010,Ordway-Swisher Biological Station NEON,distributed,-81.941822,29.691761,40.9,7325.098455598456,7301.822393822395,7117.418918918919,6699.046332046332,5668.162162162163,6963.810810810811,6185.328185328186,7193.569498069499
OSBS,OSBS_036,Ordway-Swisher Biological Station NEON,tower,-81.990505,29.691429,43.58,7792.202839756592,7621.032454361054,7477.263691683569,4932.046653144016,5964.979716024341,7282.14401622718,6697.036511156186,4906.689655172414
OSBS,OSBS_037,Ordway-Swisher Biological Station NEON,tower,-81.994473,29.686474,45.28,3194.5387596899227,3053.7965116279074,2992.1453488372094,4108.461240310078,2210.0581395348836,2723.482558139535,2715.4748062015506,3913.4999999999995
OSBS,OSBS_039,Ordway-Swisher Biological Station NEON,tower,-81.990822,29.6933,47.34,3131.2504672897194,3054.7588785046723,3206.1757009345793,2986.3906542056075,2249.51214953271,2883.7943925233644,2695.3738317757006,2968.1196261682244
OSBS,OSBS_040,Ordway-Swisher Biological Station NEON,tower,-81.989556,29.688979,42.8,3933.0915887850474,3634.235514018692,3755.2448598130854,7106.005607476637,2756.4990654205612,3478.4953271028044,3079.465420560748,7586.865420560749
OSBS,OSBS_041,Ordway-Swisher Biological Station NEON,tower,-81.996333,29.687527,44.58,3248.0997963340124,3079.3584521384932,2986.348268839104,4564.268839103871,2192.8187372708758,2782.8187372708758,2687.9837067209774,4487.623217922607
OSBS,OSBS_042,Ordway-Swisher Biological Station NEON,tower,-81.996399,29.692958,35.98,3870.873134328358,3541.742537313433,3436.291044776119,7664.940298507463,2537.6977611940297,3433.8507462686566,3233.4179104477607,7798.302238805969
OSBS,OSBS_029,Ordway-Swisher Biological Station NEON,tower,-81.989891,29.692504,44.16,3159.492452830189,3041.9207547169817,3244.150943396227,3116.8509433962267,2249.72641509434,2838.5283018867926,2724.3,3152.116981132076
OSBS,OSBS_025,Ordway-Swisher Biological Station NEON,tower,-81.996384,29.691867,45.01,3249.944785276073,3106.480572597137,3053.0163599182006,6007.8200408997955,2206.0756646216764,2933.7464212678938,2761.8384458077708,6030.601226993865
OSBS,OSBS_026,Ordway-Swisher Biological Station NEON,tower,-81.992056,29.693584,42.78,3650.848049281314,3513.683778234086,3673.823408624229,3229.616016427105,2601.2258726899386,3338.3490759753595,3080.7412731006157,3248.1827515400414
OSBS,OSBS_043,Ordway-Swisher Biological Station NEON,tower,-81.988957,29.69143,47.04,3131.0285714285715,3067.3653061224486,3234.569387755102,2997.126530612245,2247.6285714285714,2874.387755102041,2738.8897959183673,3016.1571428571433
OSBS,OSBS_044,Ordway-Swisher Biological Station NEON,tower,-81.992034,29.690847,44.03,4561.904850746269,4368,4376.483208955226,5363.841417910449,3333.4029850746274,4133.167910447762,3886.5746268656726,5561.611940298509
OSBS,OSBS_032,Ordway-Swisher Biological Station NEON,tower,-81.991111,29.690033,46.21,3227.0074349442375,3036.842007434944,3170.6672862453534,5509.565055762082,2294.8996282527883,2849.864312267658,2604.449814126394,6083.830855018587
OSBS,OSBS_033,Ordway-Swisher Biological Station NEON,tower,-81.989561,29.69006,43.84,5016.9758364312265,4798.115241635687,4804.083643122676,7067.17843866171,3704.9423791821564,4611.078066914498,4235.32156133829,7750.9275092936805
OSBS,OSBS_034,Ordway-Swisher Biological Station NEON,tower,-81.988299,29.68872,41.33,7988.613805970152,7631.960820895523,7705.921641791047,7111.641791044777,6384.490671641792,7611.720149253733,7129.703358208957,7568.833955223882
OSBS,OSBS_035,Ordway-Swisher Biological Station NEON,tower,-81.997576,29.687528,43.27,3301.3840445269016,3118.4823747680894,3158.3376623376626,7629.200371057514,1984.7625231910945,2894.9276437847866,2738.525046382189,7481.094619666048
OSBS,OSBS_027,Ordway-Swisher Biological Station NEON,tower,-81.992063,29.691969,41.37,3332.079591836735,3271.1530612244896,3368.6061224489795,4981.8877551020405,2442.2326530612245,3150.873469387755,2910.471428571428,4999.875510204081
OSBS,OSBS_028,Ordway-Swisher Biological Station NEON,tower,-81.995719,29.685933,44.84,3191.641791044776,3057.3656716417913,2937.0111940298507,2939.1828358208954,2212.214552238806,2643.9179104477607,2669.5914179104475,2822.365671641791
OSBS,OSBS_031,Ordway-Swisher Biological Station NEON,tower,-81.991102,29.688969,43.83,3225.238775510204,3019.436734693878,3173.444897959184,6605.173469387756,2276.810204081633,2862.9387755102043,2620.6061224489795,7282.2102040816335
CLBJ,CLBJ_041,Lyndon B. Johnson National Grassland NEON,distributed,-97.662009,33.410931,301.86,4734.025590551181,4199.622047244095,2995.0708661417325,4352.433070866142,2704.801181102362,3218.188976377953,4350.4468503937005,4375.3051181102355
CLBJ,CLBJ_042,Lyndon B. Johnson National Grassland NEON,distributed,-97.597793,33.371534,310.61,7418.930107526881,6582.543010752688,3327.0878136200713,6421.381720430107,1700.6774193548383,3758.8709677419356,6724.774193548386,5685.0770609319
CLBJ,CLBJ_043,Lyndon B. Johnson National Grassland NEON,distributed,-97.595224,33.409931,281.94,7553.120720720719,6907.443243243242,3520.3549549549543,6686.327927927926,2099.023423423423,4044.8270270270264,6948.032432432431,6156.461261261261
CLBJ,CLBJ_044,Lyndon B. Johnson National Grassland NEON,distributed,-97.657079,33.416293,307.42,4244.729874776386,4233.729874776386,2724.602862254025,4177.538461538461,2533.5635062611805,3247.677996422182,4014.9266547406082,4132.194991055456
CLBJ,CLBJ_045,Lyndon B. Johnson National Grassland NEON,distributed,-97.568252,33.403397,263.93,7408.520499108734,6679.732620320855,3453.470588235294,6456.2085561497315,2236.233511586452,3933.347593582887,6528.176470588235,5693.258467023173
CLBJ,CLBJ_046,Lyndon B. Johnson National Grassland NEON,distributed,-97.58341,33.403571,275,7471.187835420393,6605.745974955276,3094.1252236135956,6546.436493738819,1742.9338103756706,3831.1967799642216,6779.856887298747,5840.447227191413
CLBJ,CLBJ_047,Lyndon B. Johnson National Grassland NEON,distributed,-97.602762,33.3832,289.19,4413.425414364641,4350.537753222836,3089.3922651933703,4217.392265193371,2811.1197053407,3281.2338858195208,4239.546961325967,4268.777163904236
CLBJ,CLBJ_048,Lyndon B. Johnson National Grassland NEON,distributed,-97.579058,33.392969,288.82,4326.3389513108605,4324.64606741573,2983.3258426966286,4283.191011235955,2722.052434456929,3180.694756554307,4208.395131086142,4360.962546816479
CLBJ,CLBJ_049,Lyndon B. Johnson National Grassland NEON,distributed,-97.635828,33.413367,305.65,7399.672661870502,6831.811151079136,3081.5557553956833,6595.0755395683445,2036.8830935251794,3962.6672661870502,6697.208633093524,5719.874100719424
CLBJ,CLBJ_050,Lyndon B. Johnson National Grassland NEON,distributed,-97.622498,33.379385,313.8,4460.628113879004,4441.685053380783,2942.6886120996437,4217.0871886120985,2678.6708185053376,3480.2615658362984,4268.911032028469,4249.252669039145
CLBJ,CLBJ_052,Lyndon B. Johnson National Grassland NEON,distributed,-97.619581,33.399631,313.54,7200.39037433155,6431.814616755793,3261.912655971479,6455.634581105168,1727.133689839572,3686.436720142602,6739.552584670231,5616.752228163991
CLBJ,CLBJ_054,Lyndon B. Johnson National Grassland NEON,distributed,-97.603648,33.408388,291.26,7054.928315412187,6618.489247311829,3256.362007168459,6353.908602150538,1887.9623655913979,3826.327956989248,6757.406810035843,5619.38888888889
CLBJ,CLBJ_055,Lyndon B. Johnson National Grassland NEON,distributed,-97.574434,33.32094,323.23,4079.051971326165,3757.6523297491035,2571.5573476702507,3802.23835125448,2316.7544802867383,2880.5322580645156,3675.539426523297,3870.471326164874
CLBJ,CLBJ_032,Lyndon B. Johnson National Grassland NEON,distributed,-97.593996,33.406134,289.86,4163.636851520572,4158.1466905187835,2690.797853309481,4076.8711985688733,2579.02862254025,3164.1305903398925,4151.194991055456,4141.821109123434
CLBJ,CLBJ_056,Lyndon B. Johnson National Grassland NEON,distributed,-97.663273,33.39147,281.5,7553.6511627906975,6695.663685152056,3015.3345259391767,6466.79785330948,1528.008944543828,3666.293381037567,6826.09838998211,5524.837209302325
CLBJ,CLBJ_057,Lyndon B. Johnson National Grassland NEON,distributed,-97.64129,33.372827,322.19,7441.132936507937,6715.640873015874,3358.5059523809527,6343.275793650794,1885.7996031746031,3750.724206349207,6751.390873015873,5517.3035714285725
CLBJ,CLBJ_058,Lyndon B. Johnson National Grassland NEON,distributed,-97.578391,33.374568,284.66,7344.875899280574,6551.715827338129,2914.7212230215823,6183.535971223021,1458.122302158273,3790.3417266187043,6736.088129496402,5794.857913669064
CLBJ,CLBJ_053,Lyndon B. Johnson National Grassland NEON,distributed,-97.626812,33.412711,293.03,6976.619329388561,6346.80473372781,3087.439842209073,6685.889546351086,1892.5680473372784,3699.800788954635,6420.662721893493,5816.065088757397
CLBJ,CLBJ_033,Lyndon B. Johnson National Grassland NEON,distributed,-97.620209,33.380971,308.6,5302.794275491951,4942.826475849733,2609.6118067978537,5663.186046511629,1897.978533094812,3344.0608228980323,5019.479427549195,5012.162790697675
CLBJ,CLBJ_059,Lyndon B. Johnson National Grassland NEON,distributed,-97.631907,33.37569,341.65,4241.526522593321,3979.5579567779964,2780.777996070727,3951.104125736738,2484.7092337917484,3157.5520628683694,3795.8939096267186,3845.6168958742637
CLBJ,CLBJ_060,Lyndon B. Johnson National Grassland NEON,distributed,-97.635425,33.377376,330.42,4916.728346456693,4694.039370078741,3086.724409448819,4525.704724409449,2576.5748031496064,3408.665354330709,4484.681102362205,4334.7677165354335
CLBJ,CLBJ_035,Lyndon B. Johnson National Grassland NEON,distributed,-97.579437,33.329927,306.6,4200.400715563506,4121.368515205724,2819.5939177101964,4090.6296958855096,2578.0894454382824,3404.2254025044717,4015.1180679785325,3987.6332737030407
CLBJ,CLBJ_036,Lyndon B. Johnson National Grassland NEON,distributed,-97.57995,33.397578,287.96,5104.717352415027,5001.230769230769,3286.2915921288013,4785.4758497316625,2617.305903398926,3454.903398926654,4872.355992844365,4611.15205724508
CLBJ,CLBJ_038,Lyndon B. Johnson National Grassland NEON,distributed,-97.597098,33.414259,280.98,7437.250972762645,6664.94552529183,3201.3949416342407,6494.737354085604,1851.9844357976654,3841.250972762646,6813.6264591439685,5841.233463035021
CLBJ,CLBJ_039,Lyndon B. Johnson National Grassland NEON,distributed,-97.583638,33.329427,309.95,4498.080935251799,4388.63309352518,2939.271582733814,4257.359712230217,2632.706834532374,3469.0899280575545,4298.09892086331,4174.025179856115
CLBJ,CLBJ_040,Lyndon B. Johnson National Grassland NEON,distributed,-97.646691,33.378824,330.39,7607.9349112426025,6822.108481262327,3579.9092702169623,6601.532544378699,1898.966469428008,3824.4260355029583,6674.905325443787,5722.067061143985
CLBJ,CLBJ_051,Lyndon B. Johnson National Grassland NEON,distributed,-97.594595,33.369609,302.16,6947.591726618706,6533.627697841727,3605.0431654676267,6497.6744604316555,2265.3974820143885,4053.0827338129493,6833.219424460431,6017.46582733813
CLBJ,CLBJ_078,Lyndon B. Johnson National Grassland NEON,distributed,-97.613893,33.412568,295.66,4476.046678635546,4141.096947935367,3034.8725314183125,4161.691202872531,2624.88868940754,3248.0143626570907,4208.955116696588,4075.6319569120287
CLBJ,CLBJ_003,Lyndon B. Johnson National Grassland NEON,tower,-97.572744,33.403989,273.35,7188.893700787402,6628.7283464566935,3470.7795275590556,6121.385826771655,2109.206692913386,3995.120078740158,6697.007874015749,5668.887795275591
CLBJ,CLBJ_006,Lyndon B. Johnson National Grassland NEON,tower,-97.566725,33.398235,275.79,4397.844890510949,4544.160583941606,3013.5,4323.901459854014,2746.074817518248,3555.551094890511,4173.463503649636,4198.700729927007
CLBJ,CLBJ_002,Lyndon B. Johnson National Grassland NEON,tower,-97.571138,33.40398,263.12,7502.971274685816,6861.960502692998,3289.9748653500897,6473.850987432675,1970.9263913824054,3933.2280071813284,6727.307001795332,5724.949730700179
OAES,OAES_001,Marvin Klemme Range Research Station NEON,distributed,-99.058259,35.412699,515.06,3167.494230769231,3264.661538461539,2429.9307692307693,3182.465384615385,2030.248076923077,2182.7615384615387,3308.3307692307694,2769.671153846154
OAES,OAES_002,Marvin Klemme Range Research Station NEON,distributed,-99.052304,35.419716,521.6,2485.703703703703,2585.1463844797177,1639.5978835978838,2577.41975308642,1365.957671957672,1442.2645502645503,2608.3350970017636,2141.8800705467374
OAES,OAES_003,Marvin Klemme Range Research Station NEON,distributed,-99.069792,35.412139,510.51,1700.2569930069928,1845.1031468531469,863.1066433566433,1922.1223776223778,682.9685314685314,806.7377622377621,2076.5821678321677,1439.5751748251748
OAES,OAES_004,Marvin Klemme Range Research Station NEON,distributed,-99.085338,35.41213,507.45,3198.675,3420.3653846153848,2520.309615384616,3400.011538461539,2211.034615384616,2497.338461538462,3567.311538461539,3124.836538461539
OAES,OAES_005,Marvin Klemme Range Research Station NEON,distributed,-99.080041,35.404299,511.89,3058.867132867133,3089.856643356644,2432.486013986014,3075.5174825174827,2215.832167832168,2330.756993006993,3450.7027972027972,2906.4982517482517
OAES,OAES_006,Marvin Klemme Range Research Station NEON,distributed,-99.048669,35.420259,516.42,3225.8745644599303,3501.466898954704,2585.8327526132402,3524.7456445993034,2257.0975609756097,2292.2369337979094,3490.2682926829275,3101.909407665505
OAES,OAES_007,Marvin Klemme Range Research Station NEON,distributed,-99.057264,35.419991,519.43,1596.5305410122164,1702.7329842931936,738.6335078534031,1794.0959860383941,498.36998254799306,704.6422338568935,1830.9389179755672,1307.0209424083769
OAES,OAES_008,Marvin Klemme Range Research Station NEON,distributed,-99.063188,35.395379,493.56,6469.627208480565,6277.2703180212,4936.475265017668,3153.1572438162543,4842.15371024735,4591.719081272085,6449.885159010601,3008.8250883392225
OAES,OAES_009,Marvin Klemme Range Research Station NEON,distributed,-99.050317,35.420795,515.52,1816.2478184991276,1967.3961605584643,919.1972076788828,2023.9860383944153,658.3787085514834,950.0942408376964,2066.5043630017453,1590.6020942408377
OAES,OAES_010,Marvin Klemme Range Research Station NEON,distributed,-99.06056,35.399175,498.21,3080.8257839721255,3454.1550522648085,2569.682926829268,3260.4912891986064,2263.151567944251,2378.76306620209,3405.043554006969,3144.8658536585367
OAES,OAES_011,Marvin Klemme Range Research Station NEON,distributed,-99.069797,35.400509,489.4,3927.5865724381624,3915.6855123674914,2891.510600706714,3690.5865724381624,2906.750883392226,3047.2473498233217,4259.844522968198,3507.303886925795
OAES,OAES_012,Marvin Klemme Range Research Station NEON,distributed,-99.064829,35.402943,507.42,3100.5291005291,3268.3844797178126,2378.37037037037,3158.0652557319218,2094.7266313932982,2205.9453262786596,3279.3139329805995,2866.377425044092
OAES,OAES_013,Marvin Klemme Range Research Station NEON,distributed,-99.058566,35.408094,518.72,3334.688811188811,3403.505244755244,2438.512237762238,3290.0244755244753,2178.832167832168,2287.033216783217,3514.0926573426573,3081.68006993007
OAES,OAES_014,Marvin Klemme Range Research Station NEON,distributed,-99.057894,35.399702,507.9,3030.337164750958,3245.241379310344,2382.908045977011,3069.4789272030644,2137.245210727969,2218.8582375478923,3181.6819923371645,2937.180076628352
OAES,OAES_015,Marvin Klemme Range Research Station NEON,distributed,-99.052968,35.421331,520.49,2601.848591549296,2844.301056338028,2039.5933098591547,2899.0123239436616,1812.0176056338028,1805.3433098591547,2977.153169014084,2409.3309859154924
OAES,OAES_016,Marvin Klemme Range Research Station NEON,distributed,-99.069142,35.410784,511.31,3162.3712784588442,3558.23992994746,2686.723292469352,3355.581436077058,2215.122591943958,2442.08581436077,3751.742556917688,3075.9894921190894
OAES,OAES_017,Marvin Klemme Range Research Station NEON,distributed,-99.061216,35.409965,512.36,3140.13986013986,3306.937062937063,2333.77972027972,3169.93006993007,2048.6031468531473,2242.1381118881122,3458.211538461538,2850.367132867133
OAES,OAES_018,Marvin Klemme Range Research Station NEON,distributed,-99.052287,35.416194,522.54,2883.423076923077,3148.846153846154,2341.3863636363635,2997.814685314685,2035.494755244755,2110.3269230769233,3214.0437062937062,2739.062937062937
OAES,OAES_019,Marvin Klemme Range Research Station NEON,distributed,-99.077405,35.40375,503.17,3169.24607329843,3497.6247818499132,2607.1413612565448,3346.741710296685,2285.4467713787094,2355.157068062828,3482.050610820245,3024.8656195462486
OAES,OAES_020,Marvin Klemme Range Research Station NEON,distributed,-99.05625,35.401617,513.84,3352.6627906976746,3411.2596899224814,2407.4031007751937,3242.8410852713178,2261.5116279069766,2256.1899224806207,3565.941860465117,2980.713178294574
OAES,OAES_021,Marvin Klemme Range Research Station NEON,distributed,-99.074095,35.411869,503.67,1691.9082892416227,1858.8500881834213,779.0670194003528,1908.52557319224,544.1093474426807,789.9312169312169,2078.2927689594353,1406.1199294532628
OAES,OAES_022,Marvin Klemme Range Research Station NEON,distributed,-99.06485,35.411053,504.79,1597.4597701149426,1827.264367816092,619.2931034482759,1791.7988505747126,505.0114942528736,750.9425287356322,1887.189655172414,1304
OAES,OAES_023,Marvin Klemme Range Research Station NEON,distributed,-99.056933,35.413507,521.39,2949.0518234165074,3025.47792706334,2007.9462571976967,2867.9961612284073,1605.9846449136276,1780.1036468330135,2986.0115163147802,2386.4491362763924
OAES,OAES_024,Marvin Klemme Range Research Station NEON,distributed,-99.058899,35.41945,518,1591.8253968253966,1797.2222222222222,705.3174603174604,1748.5608465608466,571.4673721340387,739.395061728395,1867.1975308641975,1319.8924162257497
OAES,OAES_025,Marvin Klemme Range Research Station NEON,distributed,-99.047009,35.418916,510.13,1637.8671328671328,1770.188811188811,493.21503496503493,1921.7377622377624,230.2307692307692,695.4458041958042,1883.3688811188817,1333.9265734265734
OAES,OAES_026,Marvin Klemme Range Research Station NEON,distributed,-99.073776,35.408361,493.21,1040.8122605363985,1228.8065134099618,54.70498084291189,1064.2969348659005,33.99616858237548,624.5000000000001,1706.9559386973185,1022.7547892720308
OAES,OAES_027,Marvin Klemme Range Research Station NEON,distributed,-99.055596,35.411886,521.07,2713.3479020979025,2805.533216783217,1968.797202797203,2760.7727272727275,1598.283216783217,1670.1416083916085,2826.0541958041963,2274.1346153846157
OAES,OAES_028,Marvin Klemme Range Research Station NEON,distributed,-99.058897,35.416198,517.12,1708.0696864111499,1833.857142857143,741.890243902439,1813.3397212543553,526.1358885017421,741.9581881533101,1932.7595818815332,1335.3344947735193
OAES,OAES_029,Marvin Klemme Range Research Station NEON,distributed,-99.04997,35.41564,512.05,1237.02787456446,1417.6655052264807,648.1376306620209,1496.7770034843204,381.44773519163766,636.4372822299653,1463.2386759581882,1095.404181184669
OAES,OAES_030,Marvin Klemme Range Research Station NEON,distributed,-99.071457,35.409948,503.77,1383.0716783216783,1648.0454545454545,703.1171328671329,1651.2255244755245,463.23601398601403,685.4545454545455,1767.6573426573427,1253.7465034965035
OAES,OAES_042,Marvin Klemme Range Research Station NEON,tower,-99.056266,35.408887,519.81,3243.6393728222997,3356.515679442509,2462.531358885017,3122.668989547038,2040.8362369337979,2107.7491289198606,3352.7560975609754,2969.3118466898954
OAES,OAES_043,Marvin Klemme Range Research Station NEON,tower,-99.058568,35.405108,514.2,3057.555944055944,3046.7150349650356,2276.715034965035,3030.618881118881,1820.3164335664337,1951.7902097902097,3320.431818181818,2694.195804195804
OAES,OAES_044,Marvin Klemme Range Research Station NEON,tower,-99.059225,35.404309,510.49,3047.630769230769,3092.9615384615386,2067.3538461538465,3012.046153846154,1814.0846153846153,2045.4538461538461,3293.846153846154,2587.8
OAES,OAES_045,Marvin Klemme Range Research Station NEON,tower,-99.057569,35.410788,517.87,3154.386759581882,3371.6777003484317,2506.7630662020906,3204.9459930313587,2263.6324041811845,2276.454703832753,3500.4059233449475,2954.289198606272
MOAB,MOAB_005,Moab NEON,distributed,-109.403726,38.21093,1768.05,714.0902394106814,502.5635359116021,346.8379373848987,561.268876611418,618.3388581952119,712.7826887661141,922.0220994475138,333.6758747697974
MOAB,MOAB_006,Moab NEON,distributed,-109.406596,38.236381,1760.59,723.2849915682967,496.6964586846543,355.4468802698145,1183.8482293423272,553.8330522765599,697.2293423271499,903.6087689713322,969.1382799325464
MOAB,MOAB_007,Moab NEON,distributed,-109.34184,38.265495,1996.36,1025.405084745763,771.6203389830509,611.077966101695,870.4305084745764,711.9288135593221,940.2661016949154,1065.9796610169492,597.1254237288135
MOAB,MOAB_024,Moab NEON,distributed,-109.344632,38.26229,2018.58,3219.0539629005057,2889.752107925801,2638.268128161889,2989.70826306914,2444.0505902192244,2934.6846543001684,3307.306913996627,2500.4654300168636
MOAB,MOAB_009,Moab NEON,distributed,-109.423272,38.258224,1793.36,736.923076923077,541.981684981685,372.7985347985348,855.1611721611723,551.7051282051282,740.3956043956044,885.1336996336995,585.0842490842492
MOAB,MOAB_010,Moab NEON,distributed,-109.37809,38.25519,1815.61,833.4920634920635,629.0970017636685,448.20811287477954,1203.9682539682537,600.9206349206348,778.721340388007,946.8624338624338,1075.4744268077602
MOAB,MOAB_011,Moab NEON,distributed,-109.411809,38.26511,1816.24,678.5319865319865,552.4528619528619,425.3569023569023,633.2878787878786,504.12289562289556,698.0235690235689,827.1582491582491,374.526936026936
MOAB,MOAB_012,Moab NEON,distributed,-109.387983,38.241794,1803.14,844.3866432337435,555.518453427065,417.5957820738137,819.5571177504395,653.9261862917399,747.6836555360281,979.6326889279437,473.7539543057996
MOAB,MOAB_013,Moab NEON,distributed,-109.392955,38.233754,1768.38,648.3186440677966,492.1237288135593,340.5389830508475,1257.8135593220338,509.428813559322,630.8644067796611,792.3169491525424,1092.835593220339
MOAB,MOAB_014,Moab NEON,distributed,-109.405372,38.230418,1734.39,646.6890756302521,461.6957983193279,331.45210084033613,915.9411764705885,490.6571428571429,620.4319327731092,801.4184873949582,649.4890756302522
MOAB,MOAB_001,Moab NEON,distributed,-109.413674,38.257569,1799.28,711.6728187919465,538.0654362416108,371.3842281879195,1172.9110738255033,555.0872483221477,735.3859060402684,871.7348993288593,976.5134228187919
MOAB,MOAB_015,Moab NEON,distributed,-109.427819,38.254256,1774.87,656.8477876106197,490.1752212389381,356.64601769911513,948.9150442477877,468.6920353982302,664.6814159292037,794.9628318584072,708.0336283185842
MOAB,MOAB_016,Moab NEON,distributed,-109.407265,38.206372,1767.97,645.2220338983051,476.3677966101695,333.47288135593215,620.9067796610168,586.8661016949152,664.415254237288,831.6033898305085,412.1593220338982
MOAB,MOAB_017,Moab NEON,distributed,-109.38431,38.252299,1794.32,761.7985347985348,553.992673992674,430.0238095238095,646.7271062271062,597.3333333333334,724.6758241758241,922.5531135531136,381.8827838827839
MOAB,MOAB_018,Moab NEON,distributed,-109.406016,38.232317,1739.13,669.8063943161636,476.753108348135,336.4014209591474,733.8206039076377,503.26998223801075,628.0923623445827,815.9573712255774,435.8774422735347
MOAB,MOAB_002,Moab NEON,distributed,-109.414698,38.210793,1773.46,657.9981884057972,488.8224637681159,334.9221014492754,1253.4528985507247,560.894927536232,664.8405797101449,828.826086956522,1079.3315217391305
MOAB,MOAB_019,Moab NEON,distributed,-109.411628,38.272958,1821.61,704.0994940978079,569.7639123102867,424.2715008431704,657.2428330522768,538.2866779089377,708.3962900505903,852.4772344013493,380.52613827993264
MOAB,MOAB_020,Moab NEON,distributed,-109.391355,38.244552,1795.59,743.911111111111,521.5092592592592,371.60925925925926,611.1203703703704,555.8833333333333,645.8,865.6796296296296,329.11111111111114
MOAB,MOAB_003,Moab NEON,distributed,-109.349483,38.261284,2006.76,2936.783505154639,2683.558419243986,2404.2233676975943,2568.3676975945014,2138.850515463917,2677.1975945017175,2982.5996563573876,2286.561855670103
MOAB,MOAB_021,Moab NEON,distributed,-109.39737,38.204612,1771.4,681.63468013468,496.80303030303025,346.449494949495,531.0218855218855,599.3181818181819,704.0420875420875,898.2457912457912,309.9915824915825
MOAB,MOAB_022,Moab NEON,distributed,-109.374146,38.232156,1761.83,739.04114490161,562.0000000000001,415.86762075134175,609.6475849731664,549.6976744186047,748.6261180679786,865.5098389982112,365.2325581395349
MOAB,MOAB_029,Moab NEON,distributed,-109.348838,38.275589,2008.37,3480.3115577889444,3121.2981574539363,2717.6080402010048,3016.2713567839196,2581.676716917923,3125.7738693467336,3581.9748743718587,2775.824120603015
MOAB,MOAB_023,Moab NEON,distributed,-109.380261,38.234397,1781.16,719.0959595959596,517.3855218855218,370.8973063973064,1107.8737373737372,575.8686868686868,686.89898989899,833.5959595959595,870.6430976430976
MOAB,MOAB_030,Moab NEON,distributed,-109.344239,38.266333,2008.26,2234.5966101694917,1766.1169491525425,1579.8864406779662,2018.5966101694914,1531.9949152542374,1934.5440677966103,2259.116949152542,1571.786440677966
MOAB,MOAB_076,Moab NEON,distributed,-109.422622,38.256873,1790.57,755.7919580419581,543.1573426573427,372.027972027972,1329.4370629370628,548.1538461538461,764.1783216783217,912.9545454545455,1124.3216783216785
MOAB,MOAB_004,Moab NEON,distributed,-109.397418,38.233269,1762.89,654.1583629893238,483.0996441281139,340.9181494661922,763.2918149466192,541.2224199288255,635.517793594306,827.7758007117437,501.8398576512455
MOAB,MOAB_025,Moab NEON,distributed,-109.347608,38.269367,2036.95,2897.9663299663293,2610.5673400673404,2371.0824915824915,2552.015151515151,2099.1700336700337,2585.627946127946,2934.2946127946125,2235.983164983165
MOAB,MOAB_026,Moab NEON,distributed,-109.346442,38.275016,1999.21,3175.6818950930624,2682.438240270728,2412.360406091371,2845.736040609137,2315.1861252115064,2881.9001692047377,3209.1082910321484,2455.3451776649745
MOAB,MOAB_027,Moab NEON,distributed,-109.351154,38.278602,2010.68,2973.108348134991,2651.877442273534,2406.6287744227348,2594.2930728241563,2171.642984014209,2735.2966252220244,3099.1172291296625,2355.310834813499
MOAB,MOAB_028,Moab NEON,distributed,-109.350313,38.270215,2010.23,3469.743772241993,3169.800711743773,2789.658362989324,3077.884341637011,2557.11743772242,3171.241992882563,3600.848754448399,2649.428825622776
MOAB,MOAB_044,Moab NEON,tower,-109.389977,38.24454,1798.5,753.6127946127946,514.4326599326598,381.99831649831646,629.4276094276094,527.3956228956229,665.0505050505051,882.5925925925926,321.59932659932656
MOAB,MOAB_045,Moab NEON,tower,-109.390298,38.245899,1796.85,741.7472924187725,528.0379061371841,385.7093862815884,619.4151624548736,529.7328519855596,655.6696750902527,885.6281588447653,343.1281588447653
MOAB,MOAB_046,Moab NEON,tower,-109.392292,38.248084,1792.21,703.1407942238266,499.8393501805054,389.1064981949458,748.7960288808664,564.7328519855595,662.6444043321299,846.240072202166,438.16245487364614
MOAB,MOAB_047,Moab NEON,tower,-109.389607,38.245635,1798.85,727.4033898305086,521.2084745762712,389.82542372881363,636.1237288135594,526.9220338983051,648.6542372881357,868.1000000000001,324.8949152542373
NIWO,NIWO_003,Niwot Ridge NEON,distributed,-105.565041,40.051247,3494.87,1791.4646962233169,1663.7635467980294,1651.0459770114942,1633.1937602627258,1437.4729064039407,1598.4729064039407,1918.3711001642039,1468.3169129720854
NIWO,NIWO_004,Niwot Ridge NEON,distributed,-105.581501,40.043059,3312.51,3034.577898550725,2706.342391304348,2880.329710144927,3905.617753623189,2348.2391304347825,2407.786231884058,3012.4221014492755,3886.2010869565224
NIWO,NIWO_020,Niwot Ridge NEON,distributed,-105.554781,40.0413,3154.86,5781.297297297297,5667.457657657659,5737.8054054054055,5335.875675675676,4486.962162162163,5280.850450450451,5835.618018018018,5294.374774774776
NIWO,NIWO_012,Niwot Ridge NEON,distributed,-105.559629,40.034769,3151.58,5743.608303249096,5679.716606498194,5562.243682310469,5143.93321299639,4419.64620938628,5224.763537906137,5981.550541516243,5028.003610108302
NIWO,NIWO_021,Niwot Ridge NEON,distributed,-105.543482,40.040801,2992.33,6207.532976827095,6010.094474153298,6133.78787878788,5811.4759358288775,4735.9910873440285,5705.4688057041,6332.72549019608,5564.552584670232
NIWO,NIWO_022,Niwot Ridge NEON,distributed,-105.557196,40.038851,3135.98,4986.85996705107,4940.313014827018,5046.184514003295,4755.611202635914,3967.7578253706747,4759.670510708402,5351.553542009885,4583.411861614497
NIWO,NIWO_023,Niwot Ridge NEON,distributed,-105.569307,40.056627,3453.8,2122.9478260869564,1983.3373913043476,1961.88,1606.6226086956522,1709.513043478261,1854.5878260869565,2193.438260869565,1633.288695652174
NIWO,NIWO_024,Niwot Ridge NEON,distributed,-105.58477,40.057098,3548.55,1871.7336860670193,1691.068783068783,1880.5343915343917,1750.4761904761906,1497.6172839506173,1583.0811287477954,2015.7971781305114,1692.9700176366844
NIWO,NIWO_025,Niwot Ridge NEON,distributed,-105.571758,40.055538,3458.07,3199.988467874794,2734.3327841845144,3114.896210873146,2720.4859967051066,2602.4563426688633,2716.624382207578,3177.011532125206,2516.7397034596374
NIWO,NIWO_005,Niwot Ridge NEON,distributed,-105.569904,40.043663,3284.72,5149.564195298372,4643.846292947558,4966.607594936709,4726.643761301988,3907.075949367088,4406.493670886076,5036.553345388787,4755.609403254973
NIWO,NIWO_027,Niwot Ridge NEON,distributed,-105.575608,40.054439,3480.84,2036.3128390596746,1871.092224231465,1959.094032549729,1537.3508137432186,1765.4231464737795,1763.4050632911392,2226.855334538879,1387.741410488246
NIWO,NIWO_028,Niwot Ridge NEON,distributed,-105.593572,40.057321,3579.86,1891.3146622734764,1875.7215815485993,1878.4365733113675,1884.372322899506,1747.4645799011535,1713.1153212520594,2207.6293245469524,1646.3459637561778
NIWO,NIWO_001,Niwot Ridge NEON,distributed,-105.558975,40.042345,3213.49,5609.153169014084,5331.299295774648,5589.424295774648,5239.994718309858,4310.823943661972,5070.028169014085,5670.177816901409,5167.068661971831
NIWO,NIWO_006,Niwot Ridge NEON,distributed,-105.561551,40.055052,3469.26,2109.2972508591065,1870.7491408934707,1959.3883161512028,1886.1975945017184,1746.384879725086,1924.9999999999998,2235.9192439862545,1802.3573883161514
NIWO,NIWO_007,Niwot Ridge NEON,distributed,-105.562157,40.03774,3171.02,5267.554455445545,5241.354785478548,5228.27392739274,4747.927392739274,4033.23102310231,4860.798679867987,5331.19801980198,4720.288778877887
NIWO,NIWO_030,Niwot Ridge NEON,distributed,-105.595337,40.058367,3580.26,2737.7549019607845,2586.21568627451,2637.957516339869,1885.037581699347,2198.6290849673205,2229.0081699346406,2939.2189542483666,1569.8692810457514
NIWO,NIWO_008,Niwot Ridge NEON,distributed,-105.567876,40.054475,3500.3,2309.9981916817364,2031.3544303797469,2204.0162748643766,2076.699819168174,1869.5623869801086,2085.9855334538884,2437.73417721519,1960.2007233273057
NIWO,NIWO_009,Niwot Ridge NEON,distributed,-105.560411,40.045048,3274.2,5421.780889621087,4618.719934102142,5315.756177924218,4852.772652388797,4142.108731466228,4538.074135090609,5470.87644151565,4825.97528830313
NIWO,NIWO_013,Niwot Ridge NEON,distributed,-105.583047,40.059545,3513.11,1508.3858784893268,1439.0935960591135,1501.8587848932677,1418.487684729064,1311.3333333333335,1318.183908045977,1635.9671592775042,1446.1691297208536
NIWO,NIWO_014,Niwot Ridge NEON,distributed,-105.548152,40.050779,3214.45,4995.236928104576,4358.490196078432,4725.3823529411775,4489.500000000001,3796.6486928104573,4420.357843137255,4998.75816993464,4227.148692810459
NIWO,NIWO_015,Niwot Ridge NEON,distributed,-105.572665,40.040114,3246.51,5385.993421052633,5248.097039473684,5257.847039473684,4640.358552631578,4042.702302631579,4795.661184210527,5445.669407894738,4767.347039473684
NIWO,NIWO_019,Niwot Ridge NEON,distributed,-105.547412,40.046996,3083.63,5821.139492753623,5811.992753623188,5868.708333333333,5393.528985507247,4510.266304347826,5229.445652173913,6137.166666666667,5201.958333333334
NIWO,NIWO_029,Niwot Ridge NEON,distributed,-105.566477,40.052578,3498.8,2218.2836065573774,1781.7360655737705,1943.9852459016397,1943.1819672131146,1705.47868852459,1898.6344262295083,2418.349180327869,1798.9885245901642
NIWO,NIWO_010,Niwot Ridge NEON,distributed,-105.56879,40.037193,3188.99,5414.440217391304,4874.351449275363,5223.84963768116,4814.384057971015,4061.1177536231885,4566.594202898551,5427.059782608697,4784.3115942029
NIWO,NIWO_011,Niwot Ridge NEON,distributed,-105.555396,40.033991,3126.27,5968.136936936937,5776.810810810811,5710.657657657657,5471.706306306306,4538.001801801802,5235.315315315315,6231.83063063063,5105.715315315315
NIWO,NIWO_016,Niwot Ridge NEON,distributed,-105.542505,40.048378,3109.93,5687.994575045207,5706.124773960217,5538.009041591319,5327.186256781192,4547.191681735985,5424.4050632911385,5863.830018083182,5155.86075949367
NIWO,NIWO_017,Niwot Ridge NEON,distributed,-105.567421,40.041511,3240.1,5086.060344827586,4586.477586206896,4766.28448275862,4456.743103448275,3671.0086206896544,4129.296551724137,4754.553448275861,4438.005172413793
NIWO,NIWO_002,Niwot Ridge NEON,distributed,-105.547043,40.041058,3059.55,6474.0328947368425,6230.32730263158,6277.832236842105,5787.921052631579,4741.965460526315,5692.891447368422,6380.256578947368,5604.399671052632
NIWO,NIWO_043,Niwot Ridge NEON,tower,-105.586515,40.05465,3540.85,1964.9060955518944,1739.1219110378909,1892.576606260296,1792.7644151565073,1612.4711696869851,1638.6029654036245,2028.8912685337727,1634.5634266886327
NIWO,NIWO_040,Niwot Ridge NEON,tower,-105.58471,40.046544,3365.07,5021.162029459902,4502.214402618659,4558.018003273323,4417.754500818331,3811.371522094926,3905.536824877251,4844.7888707037655,4393.846153846154
